"Step","stage2-uvit-20260526-011258 - epoch","stage2-uvit-20260526-011258 - epoch__MIN","stage2-uvit-20260526-011258 - epoch__MAX"
"1","11","11","11"
"17","11","11","11"
"18","11","11","11"
"22","11","11","11"
"26","11","11","11"
"34","11","11","11"
"36","11","11","11"
"49","11","11","11"
"59","11","11","11"
"60","11","11","11"
"64","11","11","11"
"67","11","11","11"
"71","11","11","11"
"73","11","11","11"
"77","11","11","11"
"78","11","11","11"
"88","11","11","11"
"92","11","11","11"
"95","11","11","11"
"97","11","11","11"
"103","11","11","11"
"106","11","11","11"
"119","11","11","11"
"126","11","11","11"
"140","11","11","11"
"143","11","11","11"
"144","11","11","11"
"146","11","11","11"
"149","11","11","11"
"151","11","11","11"
"153","11","11","11"
"154","11","11","11"
"155","11","11","11"
"157","11","11","11"
"160","11","11","11"
"163","11","11","11"
"164","11","11","11"
"167","11","11","11"
"171","11","11","11"
"172","11","11","11"
"174","11","11","11"
"175","11","11","11"
"176","11","11","11"
"185","11","11","11"
"193","11","11","11"
"195","11","11","11"
"212","11","11","11"
"222","11","11","11"
"225","11","11","11"
"230","11","11","11"
"231","11","11","11"
"236","11","11","11"
"245","11","11","11"
"247","11","11","11"
"248","11","11","11"
"250","11","11","11"
"259","11","11","11"
"266","11","11","11"
"270","11","11","11"
"274","11","11","11"
"277","11","11","11"
"278","11","11","11"
"281","11","11","11"
"284","11","11","11"
"290","11","11","11"
"292","11","11","11"
"295","11","11","11"
"301","11","11","11"
"304","11","11","11"
"305","11","11","11"
"309","11","11","11"
"314","11","11","11"
"317","11","11","11"
"318","11","11","11"
"332","11","11","11"
"337","11","11","11"
"353","11","11","11"
"361","11","11","11"
"365","11","11","11"
"368","11","11","11"
"372","11","11","11"
"378","11","11","11"
"382","11","11","11"
"389","11","11","11"
"392","11","11","11"
"397","11","11","11"
"405","11","11","11"
"414","11","11","11"
"425","11","11","11"
"430","11","11","11"
"435","11","11","11"
"441","11","11","11"
"447","11","11","11"
"455","11","11","11"
"458","11","11","11"
"460","11","11","11"
"461","11","11","11"
"463","11","11","11"
"465","11","11","11"
"468","11","11","11"
"472","11","11","11"
"475","11","11","11"
"477","11","11","11"
"482","11","11","11"
"483","11","11","11"
"490","11","11","11"
"497","11","11","11"
"503","11","11","11"
"506","11","11","11"
"511","11","11","11"
"515","11","11","11"
"517","11","11","11"
"519","11","11","11"
"526","11","11","11"
"527","11","11","11"
"532","11","11","11"
"534","11","11","11"
"545","11","11","11"
"549","11","11","11"
"550","11","11","11"
"552","11","11","11"
"568","11","11","11"
"575","11","11","11"
"578","11","11","11"
"582","11","11","11"
"583","11","11","11"
"585","11","11","11"
"586","11","11","11"
"589","11","11","11"
"591","11","11","11"
"595","11","11","11"
"597","11","11","11"
"606","11","11","11"
"613","11","11","11"
"614","11","11","11"
"635","11","11","11"
"644","11","11","11"
"646","11","11","11"
"647","11","11","11"
"648","11","11","11"
"649","11","11","11"
"651","11","11","11"
"652","11","11","11"
"653","11","11","11"
"663","11","11","11"
"676","11","11","11"
"686","11","11","11"
"702","11","11","11"
"703","11","11","11"
"715","11","11","11"
"722","11","11","11"
"724","11","11","11"
"726","11","11","11"
"731","11","11","11"
"752","11","11","11"
"755","11","11","11"
"761","11","11","11"
"763","11","11","11"
"774","11","11","11"
"776","11","11","11"
"789","11","11","11"
"802","11","11","11"
"805","11","11","11"
"807","11","11","11"
"813","11","11","11"
"827","11","11","11"
"838","11","11","11"
"839","11","11","11"
"840","11","11","11"
"855","11","11","11"
"876","11","11","11"
"878","11","11","11"
"879","11","11","11"
"882","11","11","11"
"883","11","11","11"
"885","11","11","11"
"886","11","11","11"
"892","11","11","11"
"896","11","11","11"
"904","11","11","11"
"914","11","11","11"
"920","11","11","11"
"921","11","11","11"
"922","11","11","11"
"926","11","11","11"
"939","11","11","11"
"940","11","11","11"
"946","11","11","11"
"948","11","11","11"
"949","11","11","11"
"950","11","11","11"
"955","11","11","11"
"962","11","11","11"
"963","11","11","11"
"965","11","11","11"
"972","11","11","11"
"976","11","11","11"
"991","11","11","11"
"997","11","11","11"
"998","11","11","11"
"1001","11","11","11"
"1003","11","11","11"
"1008","11","11","11"
"1011","11","11","11"
"1021","11","11","11"
"1026","11","11","11"
"1027","11","11","11"
"1041","11","11","11"
"1043","11","11","11"
"1050","11","11","11"
"1054","11","11","11"
"1063","11","11","11"
"1065","11","11","11"
"1067","11","11","11"
"1071","11","11","11"
"1074","11","11","11"
"1075","11","11","11"
"1079","11","11","11"
"1082","11","11","11"
"1085","11","11","11"
"1088","11","11","11"
"1104","11","11","11"
"1113","11","11","11"
"1121","11","11","11"
"1128","11","11","11"
"1129","11","11","11"
"1131","11","11","11"
"1132","11","11","11"
"1133","11","11","11"
"1137","11","11","11"
"1138","11","11","11"
"1143","11","11","11"
"1159","11","11","11"
"1164","11","11","11"
"1165","11","11","11"
"1168","11","11","11"
"1183","11","11","11"
"1187","11","11","11"
"1212","11","11","11"
"1213","11","11","11"
"1217","11","11","11"
"1223","11","11","11"
"1225","11","11","11"
"1229","11","11","11"
"1230","11","11","11"
"1233","11","11","11"
"1234","11","11","11"
"1235","11","11","11"
"1239","11","11","11"
"1247","11","11","11"
"1248","11","11","11"
"1253","11","11","11"
"1262","11","11","11"
"1263","11","11","11"
"1269","11","11","11"
"1270","11","11","11"
"1272","11","11","11"
"1274","11","11","11"
"1280","11","11","11"
"1281","11","11","11"
"1287","11","11","11"
"1288","11","11","11"
"1302","11","11","11"
"1311","11","11","11"
"1312","11","11","11"
"1313","11","11","11"
"1321","11","11","11"
"1323","11","11","11"
"1325","11","11","11"
"1326","11","11","11"
"1327","11","11","11"
"1328","11","11","11"
"1333","11","11","11"
"1334","11","11","11"
"1347","11","11","11"
"1349","11","11","11"
"1351","11","11","11"
"1352","11","11","11"
"1353","11","11","11"
"1360","11","11","11"
"1361","11","11","11"
"1363","11","11","11"
"1365","11","11","11"
"1367","11","11","11"
"1368","11","11","11"
"1371","11","11","11"
"1374","11","11","11"
"1378","11","11","11"
"1386","11","11","11"
"1387","11","11","11"
"1392","11","11","11"
"1393","11","11","11"
"1395","11","11","11"
"1398","11","11","11"
"1399","11","11","11"
"1404","11","11","11"
"1405","11","11","11"
"1407","11","11","11"
"1409","11","11","11"
"1411","11","11","11"
"1425","11","11","11"
"1429","11","11","11"
"1437","11","11","11"
"1447","11","11","11"
"1448","11","11","11"
"1449","11","11","11"
"1450","11","11","11"
"1453","11","11","11"
"1458","11","11","11"
"1459","11","11","11"
"1462","11","11","11"
"1465","11","11","11"
"1466","11","11","11"
"1471","11","11","11"
"1473","11","11","11"
"1475","11","11","11"
"1487","11","11","11"
"1488","11","11","11"
"1491","11","11","11"
"1495","11","11","11"
"1501","11","11","11"
"1502","11","11","11"
"1508","11","11","11"
"1512","11","11","11"
"1513","11","11","11"
"1526","11","11","11"
"1532","11","11","11"
"1538","11","11","11"
"1540","11","11","11"
"1541","11","11","11"
"1542","11","11","11"
"1547","11","11","11"
"1548","11","11","11"
"1551","11","11","11"
"1552","11","11","11"
"1556","11","11","11"
"1559","11","11","11"
"1561","11","11","11"
"1573","11","11","11"
"1575","11","11","11"
"1577","11","11","11"
"1586","11","11","11"
"1589","11","11","11"
"1590","11","11","11"
"1593","11","11","11"
"1599","11","11","11"
"1601","11","11","11"
"1608","11","11","11"
"1614","11","11","11"
"1617","11","11","11"
"1628","11","11","11"
"1634","11","11","11"
"1644","11","11","11"
"1651","11","11","11"
"1653","11","11","11"
"1658","11","11","11"
"1659","11","11","11"
"1666","11","11","11"
"1674","11","11","11"
"1676","11","11","11"
"1687","11","11","11"
"1691","11","11","11"
"1701","11","11","11"
"1703","11","11","11"
"1706","11","11","11"
"1708","11","11","11"
"1710","11","11","11"
"1713","11","11","11"
"1715","11","11","11"
"1717","11","11","11"
"1719","11","11","11"
"1721","11","11","11"
"1723","11","11","11"
"1725","11","11","11"
"1726","11","11","11"
"1728","11","11","11"
"1731","11","11","11"
"1733","11","11","11"
"1735","11","11","11"
"1742","11","11","11"
"1753","11","11","11"
"1761","11","11","11"
"1763","11","11","11"
"1769","11","11","11"
"1771","11","11","11"
"1774","11","11","11"
"1781","11","11","11"
"1782","11","11","11"
"1783","11","11","11"
"1793","11","11","11"
"1797","11","11","11"
"1799","11","11","11"
"1801","11","11","11"
"1802","11","11","11"
"1804","11","11","11"
"1809","11","11","11"
"1811","11","11","11"
"1815","11","11","11"
"1820","11","11","11"
"1822","11","11","11"
"1823","11","11","11"
"1829","11","11","11"
"1831","11","11","11"
"1833","11","11","11"
"1834","11","11","11"
"1837","11","11","11"
"1841","11","11","11"
"1844","11","11","11"
"1847","11","11","11"
"1860","11","11","11"
"1862","11","11","11"
"1863","11","11","11"
"1868","11","11","11"
"1870","11","11","11"
"1875","11","11","11"
"1879","11","11","11"
"1883","11","11","11"
"1890","11","11","11"
"1894","11","11","11"
"1898","11","11","11"
"1911","11","11","11"
"1934","11","11","11"
"1940","11","11","11"
"1945","11","11","11"
"1949","11","11","11"
"1952","11","11","11"
"1957","11","11","11"
"1960","11","11","11"
"1967","11","11","11"
"1973","11","11","11"
"1980","11","11","11"
"1984","11","11","11"
"1986","11","11","11"
"1992","11","11","11"
"2001","11","11","11"
"2007","11","11","11"
"2013","11","11","11"
"2015","11","11","11"
"2017","11","11","11"
"2027","11","11","11"
"2029","11","11","11"
"2035","11","11","11"
"2040","11","11","11"
"2043","11","11","11"
"2047","11","11","11"
"2050","11","11","11"
"2056","11","11","11"
"2068","11","11","11"
"2069","11","11","11"
"2077","11","11","11"
"2081","11","11","11"
"2091","11","11","11"
"2093","11","11","11"
"2099","11","11","11"
"2102","11","11","11"
"2103","11","11","11"
"2106","11","11","11"
"2111","11","11","11"
"2131","11","11","11"
"2132","11","11","11"
"2136","11","11","11"
"2138","11","11","11"
"2139","11","11","11"
"2142","11","11","11"
"2144","11","11","11"
"2147","11","11","11"
"2153","11","11","11"
"2157","11","11","11"
"2159","11","11","11"
"2160","11","11","11"
"2165","11","11","11"
"2166","11","11","11"
"2167","11","11","11"
"2172","11","11","11"
"2181","11","11","11"
"2185","11","11","11"
"2186","11","11","11"
"2188","11","11","11"
"2190","11","11","11"
"2193","11","11","11"
"2200","11","11","11"
"2201","11","11","11"
"2202","11","11","11"
"2204","11","11","11"
"2209","11","11","11"
"2210","11","11","11"
"2214","11","11","11"
"2220","11","11","11"
"2233","11","11","11"
"2248","11","11","11"
"2261","11","11","11"
"2264","11","11","11"
"2266","11","11","11"
"2272","11","11","11"
"2273","11","11","11"
"2276","11","11","11"
"2281","11","11","11"
"2284","11","11","11"
"2296","11","11","11"
"2303","11","11","11"
"2322","11","11","11"
"2329","11","11","11"
"2335","11","11","11"
"2337","11","11","11"
"2339","11","11","11"
"2341","11","11","11"
"2344","11","11","11"
"2347","11","11","11"
"2353","11","11","11"
"2357","11","11","11"
"2358","11","11","11"
"2360","11","11","11"
"2364","11","11","11"
"2374","11","11","11"
"2376","11","11","11"
"2379","11","11","11"
"2381","11","11","11"
"2383","11","11","11"
"2389","11","11","11"
"2397","11","11","11"
"2399","11","11","11"
"2401","11","11","11"
"2407","11","11","11"
"2411","11","11","11"
"2416","11","11","11"
"2420","11","11","11"
"2422","11","11","11"
"2423","11","11","11"
"2429","11","11","11"
"2430","11","11","11"
"2455","11","11","11"
"2460","11","11","11"
"2481","11","11","11"
"2486","11","11","11"
"2488","11","11","11"
"2489","11","11","11"
"2492","11","11","11"
"2502","11","11","11"
"2506","11","11","11"
"2511","11","11","11"
"2512","11","11","11"
"2521","11","11","11"
"2522","11","11","11"
"2523","11","11","11"
"2527","11","11","11"
"2534","11","11","11"
"2538","11","11","11"
"2543","11","11","11"
"2549","11","11","11"
"2550","11","11","11"
"2552","11","11","11"
"2564","11","11","11"
"2566","11","11","11"
"2569","11","11","11"
"2573","11","11","11"
"2574","11","11","11"
"2579","11","11","11"
"2581","11","11","11"
"2584","11","11","11"
"2587","11","11","11"
"2591","11","11","11"
"2594","11","11","11"
"2595","11","11","11"
"2600","11","11","11"
"2607","11","11","11"
"2613","11","11","11"
"2616","11","11","11"
"2622","11","11","11"
"2625","11","11","11"
"2647","11","11","11"
"2650","11","11","11"
"2656","11","11","11"
"2663","11","11","11"
"2664","11","11","11"
"2671","11","11","11"
"2673","11","11","11"
"2674","11","11","11"
"2677","11","11","11"
"2684","11","11","11"
"2685","11","11","11"
"2701","11","11","11"
"2706","11","11","11"
"2708","11","11","11"
"2710","11","11","11"
"2713","11","11","11"
"2715","11","11","11"
"2718","11","11","11"
"2726","11","11","11"
"2733","11","11","11"
"2739","11","11","11"
"2740","11","11","11"
"2751","11","11","11"
"2753","11","11","11"
"2774","11","11","11"
"2792","11","11","11"
"2798","11","11","11"
"2799","11","11","11"
"2816","11","11","11"
"2817","11","11","11"
"2822","11","11","11"
"2834","11","11","11"
"2837","11","11","11"
"2840","11","11","11"
"2845","11","11","11"
"2848","11","11","11"
"2850","11","11","11"
"2860","11","11","11"
"2861","11","11","11"
"2864","11","11","11"
"2866","11","11","11"
"2872","11","11","11"
"2875","11","11","11"
"2885","11","11","11"
"2894","11","11","11"
"2903","11","11","11"
"2910","11","11","11"
"2912","11","11","11"
"2917","11","11","11"
"2919","11","11","11"
"2928","11","11","11"
"2930","11","11","11"
"2939","11","11","11"
"2940","11","11","11"
"2942","11","11","11"
"2947","11","11","11"
"2951","11","11","11"
"2955","11","11","11"
"2959","11","11","11"
"2965","11","11","11"
"2972","11","11","11"
"2976","11","11","11"
"2978","11","11","11"
"2984","11","11","11"
"2989","11","11","11"
"2990","11","11","11"
"2993","11","11","11"
"2997","11","11","11"
"3004","11","11","11"
"3010","11","11","11"
"3018","11","11","11"
"3019","11","11","11"
"3025","11","11","11"
"3028","11","11","11"
"3030","11","11","11"
"3031","11","11","11"
"3033","11","11","11"
"3036","11","11","11"
"3043","11","11","11"
"3045","11","11","11"
"3053","11","11","11"
"3058","11","11","11"
"3067","11","11","11"
"3069","11","11","11"
"3070","11","11","11"
"3071","11","11","11"
"3074","11","11","11"
"3084","11","11","11"
"3086","11","11","11"
"3092","11","11","11"
"3097","11","11","11"
"3098","11","11","11"
"3109","11","11","11"
"3112","11","11","11"
"3118","11","11","11"
"3122","11","11","11"
"3123","11","11","11"
"3125","11","11","11"
"3151","11","11","11"
"3154","11","11","11"
"3156","11","11","11"
"3164","11","11","11"
"3168","11","11","11"
"3172","11","11","11"
"3177","11","11","11"
"3192","11","11","11"
"3200","11","11","11"
"3203","11","11","11"
"3207","11","11","11"
"3209","11","11","11"
"3213","11","11","11"
"3215","11","11","11"
"3216","11","11","11"
"3222","11","11","11"
"3224","11","11","11"
"3225","11","11","11"
"3231","11","11","11"
"3239","11","11","11"
"3252","11","11","11"
"3264","11","11","11"
"3274","11","11","11"
"3275","11","11","11"
"3277","11","11","11"
"3282","11","11","11"
"3297","11","11","11"
"3305","11","11","11"
"3307","11","11","11"
"3317","11","11","11"
"3319","11","11","11"
"3329","11","11","11"
"3333","11","11","11"
"3336","11","11","11"
"3338","11","11","11"
"3342","11","11","11"
"3344","11","11","11"
"3354","11","11","11"
"3357","11","11","11"
"3361","11","11","11"
"3365","11","11","11"
"3366","11","11","11"
"3368","11","11","11"
"3373","11","11","11"
"3374","11","11","11"
"3377","11","11","11"
"3383","11","11","11"
"3386","11","11","11"
"3393","11","11","11"
"3394","11","11","11"
"3399","11","11","11"
"3400","11","11","11"
"3404","11","11","11"
"3418","11","11","11"
"3420","11","11","11"
"3422","11","11","11"
"3424","11","11","11"
"3430","11","11","11"
"3431","11","11","11"
"3442","11","11","11"
"3445","11","11","11"
"3447","11","11","11"
"3452","11","11","11"
"3472","11","11","11"
"3473","11","11","11"
"3484","11","11","11"
"3486","11","11","11"
"3487","11","11","11"
"3490","11","11","11"
"3493","11","11","11"
"3494","11","11","11"
"3495","11","11","11"
"3496","11","11","11"
"3504","11","11","11"
"3507","11","11","11"
"3512","11","11","11"
"3516","11","11","11"
"3526","11","11","11"
"3529","11","11","11"
"3530","11","11","11"
"3531","11","11","11"
"3536","11","11","11"
"3537","11","11","11"
"3544","11","11","11"
"3547","11","11","11"
"3558","11","11","11"
"3564","11","11","11"
"3567","11","11","11"
"3572","11","11","11"
"3576","11","11","11"
"3578","11","11","11"
"3584","11","11","11"
"3589","11","11","11"
"3592","11","11","11"
"3595","11","11","11"
"3596","11","11","11"
"3598","11","11","11"
"3600","11","11","11"
"3601","11","11","11"
"3602","11","11","11"
"3603","11","11","11"
"3609","11","11","11"
"3611","11","11","11"
"3614","11","11","11"
"3620","11","11","11"
"3624","11","11","11"
"3630","11","11","11"
"3634","11","11","11"
"3637","11","11","11"
"3641","11","11","11"
"3645","11","11","11"
"3649","11","11","11"
"3650","11","11","11"
"3656","11","11","11"
"3657","11","11","11"
"3668","11","11","11"
"3674","11","11","11"
"3677","11","11","11"
"3678","11","11","11"
"3679","11","11","11"
"3680","11","11","11"
"3684","11","11","11"
"3687","11","11","11"
"3700","11","11","11"
"3720","11","11","11"
"3724","11","11","11"
"3731","11","11","11"
"3738","11","11","11"
"3741","11","11","11"
"3745","11","11","11"
"3747","11","11","11"
"3749","11","11","11"
"3750","11","11","11"
"3751","11","11","11"
"3759","11","11","11"
"3766","11","11","11"
"3768","11","11","11"
"3771","11","11","11"
"3784","11","11","11"
"3790","11","11","11"
"3795","11","11","11"
"3801","11","11","11"
"3804","11","11","11"
"3813","11","11","11"
"3816","11","11","11"
"3819","11","11","11"
"3824","11","11","11"
"3827","11","11","11"
"3831","11","11","11"
"3837","11","11","11"
"3839","11","11","11"
"3841","11","11","11"
"3850","11","11","11"
"3851","11","11","11"
"3858","11","11","11"
"3862","11","11","11"
"3869","11","11","11"
"3871","11","11","11"
"3872","11","11","11"
"3879","11","11","11"
"3880","11","11","11"
"3882","11","11","11"
"3884","11","11","11"
"3888","11","11","11"
"3890","11","11","11"
"3893","11","11","11"
"3898","11","11","11"
"3905","11","11","11"
"3911","11","11","11"
"3915","11","11","11"
"3921","11","11","11"
"3922","11","11","11"
"3924","11","11","11"
"3926","11","11","11"
"3932","11","11","11"
"3938","11","11","11"
"3943","11","11","11"
"3945","11","11","11"
"3951","11","11","11"
"3952","11","11","11"
"3954","11","11","11"
"3956","11","11","11"
"3959","11","11","11"
"3962","11","11","11"
"3967","11","11","11"
"3969","11","11","11"
"3975","11","11","11"
"3977","11","11","11"
"3979","11","11","11"
"3994","11","11","11"
"3999","11","11","11"
"4001","11","11","11"
"4003","11","11","11"
"4010","11","11","11"
"4013","11","11","11"
"4017","11","11","11"
"4022","11","11","11"
"4026","11","11","11"
"4033","11","11","11"
"4041","11","11","11"
"4055","11","11","11"
"4067","11","11","11"
"4075","11","11","11"
"4092","11","11","11"
"4101","11","11","11"
"4102","11","11","11"
"4103","11","11","11"
"4105","11","11","11"
"4106","11","11","11"
"4115","11","11","11"
"4116","11","11","11"
"4127","11","11","11"
"4132","11","11","11"
"4141","11","11","11"
"4142","11","11","11"
"4148","11","11","11"
"4149","11","11","11"
"4152","11","11","11"
"4163","11","11","11"
"4164","11","11","11"
"4176","11","11","11"
"4178","11","11","11"
"4182","11","11","11"
"4185","11","11","11"
"4189","11","11","11"
"4198","11","11","11"
"4199","11","11","11"
"4211","11","11","11"
"4213","11","11","11"
"4214","11","11","11"
"4223","11","11","11"
"4230","11","11","11"
"4245","11","11","11"
"4248","11","11","11"
"4252","11","11","11"
"4271","11","11","11"
"4273","11","11","11"
"4276","11","11","11"
"4282","11","11","11"
"4296","11","11","11"
"4298","11","11","11"
"4309","11","11","11"
"4315","11","11","11"
"4319","11","11","11"
"4322","11","11","11"
"4329","11","11","11"
"4330","11","11","11"
"4338","11","11","11"
"4339","11","11","11"
"4342","11","11","11"
"4345","11","11","11"
"4346","11","11","11"
"4350","11","11","11"
"4359","11","11","11"
"4360","11","11","11"
"4370","11","11","11"
"4378","11","11","11"
"4380","11","11","11"
"4385","11","11","11"
"4393","11","11","11"
"4403","11","11","11"
"4405","11","11","11"
"4406","11","11","11"
"4407","11","11","11"
"4409","11","11","11"
"4412","11","11","11"
"4414","11","11","11"
"4416","11","11","11"
"4421","11","11","11"
"4425","11","11","11"
"4426","11","11","11"
"4430","11","11","11"
"4438","11","11","11"
"4444","11","11","11"
"4446","11","11","11"
"4448","11","11","11"
"4449","11","11","11"
"4454","11","11","11"
"4466","11","11","11"
"4469","11","11","11"
"4479","11","11","11"
"4482","11","11","11"
"4487","11","11","11"
"4488","11","11","11"
"4490","11","11","11"
"4492","11","11","11"
"4495","11","11","11"
"4503","11","11","11"
"4504","11","11","11"
"4506","11","11","11"
"4511","11","11","11"
"4513","11","11","11"
"4523","11","11","11"
"4524","11","11","11"
"4527","11","11","11"
"4528","11","11","11"
"4535","11","11","11"
"4540","11","11","11"
"4548","11","11","11"
"4554","11","11","11"
"4560","11","11","11"
"4561","11","11","11"
"4565","11","11","11"
"4578","11","11","11"
"4580","11","11","11"
"4582","11","11","11"
"4583","11","11","11"
"4588","11","11","11"
"4608","11","11","11"
"4610","11","11","11"
"4619","11","11","11"
"4628","11","11","11"
"4632","11","11","11"
"4638","11","11","11"
"4640","11","11","11"
"4648","11","11","11"
"4649","11","11","11"
"4651","11","11","11"
"4652","11","11","11"
"4654","11","11","11"
"4659","11","11","11"
"4660","11","11","11"
"4662","11","11","11"
"4667","11","11","11"
"4673","11","11","11"
"4674","11","11","11"
"4675","11","11","11"
"4677","11","11","11"
"4678","11","11","11"
"4690","11","11","11"
"4695","11","11","11"
"4697","11","11","11"
"4706","11","11","11"
"4709","11","11","11"
"4716","11","11","11"
"4727","11","11","11"
"4728","11","11","11"
"4730","11","11","11"
"4735","11","11","11"
"4736","11","11","11"
"4751","11","11","11"
"4753","11","11","11"
"4757","11","11","11"
"4759","11","11","11"
"4763","11","11","11"
"4764","11","11","11"
"4774","11","11","11"
"4775","11","11","11"
"4776","11","11","11"
"4779","11","11","11"
"4791","11","11","11"
"4800","11","11","11"
"4801","11","11","11"
"4819","11","11","11"
"4823","11","11","11"
"4839","11","11","11"
"4840","11","11","11"
"4846","11","11","11"
"4861","11","11","11"
"4871","11","11","11"
"4876","11","11","11"
"4891","11","11","11"
"4894","11","11","11"
"4897","11","11","11"
"4902","11","11","11"
"4907","11","11","11"
"4910","11","11","11"
"4912","11","11","11"
"4918","11","11","11"
"4919","11","11","11"
"4920","11","11","11"
"4924","11","11","11"
"4926","11","11","11"
"4936","11","11","11"
"4938","11","11","11"
"4941","11","11","11"
"4943","11","11","11"
"4944","11","11","11"
"4951","11","11","11"
"4952","11","11","11"
"4958","11","11","11"
"4964","11","11","11"
"4968","11","11","11"
"4969","11","11","11"
"4975","11","11","11"
"4980","11","11","11"
"4984","11","11","11"
"4999","11","11","11"
"5001","11","11","11"
"5005","11","11","11"
"5016","11","11","11"
"5020","11","11","11"
"5022","11","11","11"
"5025","11","11","11"
"5036","11","11","11"
"5038","11","11","11"
"5039","11","11","11"
"5041","11","11","11"
"5042","11","11","11"
"5049","11","11","11"
"5052","11","11","11"
"5054","11","11","11"
"5057","11","11","11"
"5061","11","11","11"
"5063","11","11","11"
"5066","11","11","11"
"5075","11","11","11"
"5077","11","11","11"
"5079","11","11","11"
"5087","11","11","11"
"5092","11","11","11"
"5094","11","11","11"
"5105","11","11","11"
"5114","11","11","11"
"5124","11","11","11"
"5129","11","11","11"
"5132","11","11","11"
"5141","11","11","11"
"5143","11","11","11"
"5144","11","11","11"
"5146","11","11","11"
"5151","11","11","11"
"5159","11","11","11"
"5165","11","11","11"
"5168","11","11","11"
"5169","11","11","11"
"5171","11","11","11"
"5173","11","11","11"
"5180","11","11","11"
"5183","11","11","11"
"5184","11","11","11"
"5192","11","11","11"
"5202","11","11","11"
"5208","11","11","11"
"5211","11","11","11"
"5219","11","11","11"
"5234","11","11","11"
"5240","11","11","11"
"5241","11","11","11"
"5243","11","11","11"
"5249","11","11","11"
"5256","11","11","11"
"5261","11","11","11"
"5262","11","11","11"
"5267","11","11","11"
"5268","11","11","11"
"5269","11","11","11"
"5274","11","11","11"
"5285","11","11","11"
"5286","11","11","11"
"5288","11","11","11"
"5295","11","11","11"
"5297","11","11","11"
"5303","11","11","11"
"5305","11","11","11"
"5314","11","11","11"
"5319","11","11","11"
"5323","11","11","11"
"5328","11","11","11"
"5332","11","11","11"
"5334","11","11","11"
"5336","11","11","11"
"5337","11","11","11"
"5341","11","11","11"
"5343","11","11","11"
"5344","11","11","11"
"5347","11","11","11"
"5349","11","11","11"
"5350","11","11","11"
"5356","11","11","11"
"5359","11","11","11"
"5361","11","11","11"
"5362","11","11","11"
"5370","11","11","11"
"5380","11","11","11"
"5389","11","11","11"
"5391","11","11","11"
"5393","11","11","11"
"5396","11","11","11"
"5397","11","11","11"
"5399","11","11","11"
"5413","11","11","11"
"5417","11","11","11"
"5420","11","11","11"
"5422","11","11","11"
"5424","11","11","11"
"5428","11","11","11"
"5429","11","11","11"
"5432","11","11","11"
"5435","11","11","11"
"5436","11","11","11"
"5438","11","11","11"
"5439","11","11","11"
"5440","11","11","11"
"5444","11","11","11"
"5445","11","11","11"
"5447","11","11","11"
"5450","11","11","11"
"5460","11","11","11"
"5474","11","11","11"
"5484","11","11","11"
"5487","11","11","11"
"5501","11","11","11"
"5518","11","11","11"
"5521","11","11","11"
"5534","11","11","11"
"5536","11","11","11"
"5545","11","11","11"
"5546","11","11","11"
"5548","11","11","11"
"5562","11","11","11"
"5571","11","11","11"
"5582","11","11","11"
"5584","11","11","11"
"5588","11","11","11"
"5589","11","11","11"
"5593","11","11","11"
"5594","11","11","11"
"5597","11","11","11"
"5605","11","11","11"
"5609","11","11","11"
"5614","11","11","11"
"5615","11","11","11"
"5617","11","11","11"
"5622","11","11","11"
"5626","11","11","11"
"5629","11","11","11"
"5630","11","11","11"
"5635","11","11","11"
"5641","11","11","11"
"5645","11","11","11"
"5646","11","11","11"
"5649","11","11","11"
"5654","11","11","11"
"5662","11","11","11"
"5665","11","11","11"
"5682","11","11","11"
"5684","11","11","11"
"5686","11","11","11"
"5711","11","11","11"
"5715","11","11","11"
"5722","11","11","11"
"5742","11","11","11"
"5745","11","11","11"
"5754","11","11","11"
"5756","11","11","11"
"5757","11","11","11"
"5758","11","11","11"
"5761","11","11","11"
"5765","11","11","11"
"5766","11","11","11"
"5770","11","11","11"
"5773","11","11","11"
"5774","11","11","11"
"5779","11","11","11"
"5786","11","11","11"
"5796","11","11","11"
"5797","11","11","11"
"5801","11","11","11"
"5802","11","11","11"
"5808","11","11","11"
"5818","11","11","11"
"5825","11","11","11"
"5831","11","11","11"
"5836","11","11","11"
"5848","11","11","11"
"5849","11","11","11"
"5853","11","11","11"
"5856","11","11","11"
"5864","11","11","11"
"5868","11","11","11"
"5877","11","11","11"
"5880","11","11","11"
"5884","11","11","11"
"5887","11","11","11"
"5890","11","11","11"
"5891","11","11","11"
"5902","11","11","11"
"5905","11","11","11"
"5909","11","11","11"
"5910","11","11","11"
"5916","11","11","11"
"5923","11","11","11"
"5928","11","11","11"
"5931","11","11","11"
"5937","11","11","11"
"5938","11","11","11"
"5941","11","11","11"
"5943","11","11","11"
"5945","11","11","11"
"5948","11","11","11"
"5957","11","11","11"
"5960","11","11","11"
"5967","11","11","11"
"5969","11","11","11"
"5973","11","11","11"
"5976","11","11","11"
"5979","11","11","11"
"5980","11","11","11"
"5997","11","11","11"
"6001","11","11","11"
"6008","11","11","11"
"6024","11","11","11"
"6025","11","11","11"
"6027","11","11","11"
"6032","11","11","11"
"6033","11","11","11"
"6055","11","11","11"
"6061","11","11","11"
"6077","11","11","11"
"6079","11","11","11"
"6080","11","11","11"
"6088","11","11","11"
"6090","11","11","11"
"6097","11","11","11"
"6104","11","11","11"
"6107","11","11","11"
"6115","11","11","11"
"6121","11","11","11"
"6126","11","11","11"
"6138","11","11","11"
"6140","11","11","11"
"6144","11","11","11"
"6147","11","11","11"
"6151","11","11","11"
"6153","11","11","11"
"6171","11","11","11"
"6180","11","11","11"
"6184","11","11","11"
"6188","11","11","11"
"6190","11","11","11"
"6197","11","11","11"
"6201","11","11","11"
"6202","11","11","11"
"6203","11","11","11"
"6206","11","11","11"
"6209","11","11","11"
"6212","11","11","11"
"6222","11","11","11"
"6226","11","11","11"
"6233","11","11","11"
"6237","11","11","11"
"6241","11","11","11"
"6244","11","11","11"
"6246","11","11","11"
"6250","11","11","11"
"6260","11","11","11"
"6262","11","11","11"
"6269","11","11","11"
"6270","11","11","11"
"6281","11","11","11"
"6282","11","11","11"
"6283","11","11","11"
"6290","11","11","11"
"6294","11","11","11"
"6298","11","11","11"
"6307","11","11","11"
"6310","11","11","11"
"6313","11","11","11"
"6319","11","11","11"
"6323","11","11","11"
"6335","11","11","11"
"6338","11","11","11"
"6343","11","11","11"
"6344","11","11","11"
"6350","11","11","11"
"6352","11","11","11"
"6358","11","11","11"
"6363","11","11","11"
"6371","11","11","11"
"6381","11","11","11"
"6383","11","11","11"
"6384","11","11","11"
"6388","11","11","11"
"6397","11","11","11"
"6403","11","11","11"
"6415","11","11","11"
"6418","11","11","11"
"6423","11","11","11"
"6427","11","11","11"
"6431","11","11","11"
"6439","11","11","11"
"6441","11","11","11"
"6443","11","11","11"
"6448","11","11","11"
"6456","11","11","11"
"6460","11","11","11"
"6466","11","11","11"
"6472","11","11","11"
"6474","11","11","11"
"6485","11","11","11"
"6487","11","11","11"
"6491","11","11","11"
"6495","11","11","11"
"6496","11","11","11"
"6511","11","11","11"
"6512","11","11","11"
"6516","11","11","11"
"6521","11","11","11"
"6523","11","11","11"
"6526","11","11","11"
"6527","11","11","11"
"6535","11","11","11"
"6536","11","11","11"
"6537","11","11","11"
"6539","11","11","11"
"6540","11","11","11"
"6552","11","11","11"
"6553","11","11","11"
"6556","11","11","11"
"6557","11","11","11"
"6563","11","11","11"
"6566","11","11","11"
"6576","11","11","11"
"6579","11","11","11"
"6580","11","11","11"
"6583","11","11","11"
"6584","11","11","11"
"6586","11","11","11"
"6596","11","11","11"
"6604","11","11","11"
"6607","11","11","11"
"6611","11","11","11"
"6628","11","11","11"
"6631","11","11","11"
"6644","11","11","11"
"6645","11","11","11"
"6646","11","11","11"
"6652","11","11","11"
"6660","11","11","11"
"6674","12","12","12"
"6677","12","12","12"
"6679","12","12","12"
"6686","12","12","12"
"6692","12","12","12"
"6693","12","12","12"
"6695","12","12","12"
"6696","12","12","12"
"6701","12","12","12"
"6710","12","12","12"
"6715","12","12","12"
"6717","12","12","12"
"6730","12","12","12"
"6737","12","12","12"
"6738","12","12","12"
"6743","12","12","12"
"6748","12","12","12"
"6750","12","12","12"
"6760","12","12","12"
"6763","12","12","12"
"6764","12","12","12"
"6776","12","12","12"
"6781","12","12","12"
"6783","12","12","12"
"6790","12","12","12"
"6801","12","12","12"
"6804","12","12","12"
"6806","12","12","12"
"6816","12","12","12"
"6827","12","12","12"
"6828","12","12","12"
"6829","12","12","12"
"6830","12","12","12"
"6831","12","12","12"
"6835","12","12","12"
"6837","12","12","12"
"6851","12","12","12"
"6856","12","12","12"
"6861","12","12","12"
"6868","12","12","12"
"6870","12","12","12"
"6886","12","12","12"
"6887","12","12","12"
"6895","12","12","12"
"6899","12","12","12"
"6900","12","12","12"
"6901","12","12","12"
"6903","12","12","12"
"6913","12","12","12"
"6915","12","12","12"
"6920","12","12","12"
"6925","12","12","12"
"6935","12","12","12"
"6945","12","12","12"
"6948","12","12","12"
"6951","12","12","12"
"6956","12","12","12"
"6959","12","12","12"
"6962","12","12","12"
"6969","12","12","12"
"6974","12","12","12"
"6976","12","12","12"
"6981","12","12","12"
"6985","12","12","12"
"6988","12","12","12"
"6995","12","12","12"
"7004","12","12","12"
"7005","12","12","12"
"7008","12","12","12"
"7011","12","12","12"
"7012","12","12","12"
"7018","12","12","12"
"7019","12","12","12"
"7030","12","12","12"
"7042","12","12","12"
"7052","12","12","12"
"7057","12","12","12"
"7060","12","12","12"
"7062","12","12","12"
"7065","12","12","12"
"7067","12","12","12"
"7074","12","12","12"
"7078","12","12","12"
"7091","12","12","12"
"7092","12","12","12"
"7095","12","12","12"
"7113","12","12","12"
"7115","12","12","12"
"7122","12","12","12"
"7129","12","12","12"
"7138","12","12","12"
"7145","12","12","12"
"7150","12","12","12"
"7160","12","12","12"
"7163","12","12","12"
"7167","12","12","12"
"7174","12","12","12"
"7175","12","12","12"
"7187","12","12","12"
"7189","12","12","12"
"7201","12","12","12"
"7206","12","12","12"
"7207","12","12","12"
"7208","12","12","12"
"7209","12","12","12"
"7211","12","12","12"
"7213","12","12","12"
"7215","12","12","12"
"7227","12","12","12"
"7237","12","12","12"
"7239","12","12","12"
"7240","12","12","12"
"7242","12","12","12"
"7246","12","12","12"
"7249","12","12","12"
"7261","12","12","12"
"7265","12","12","12"
"7270","12","12","12"
"7275","12","12","12"
"7276","12","12","12"
"7279","12","12","12"
"7287","12","12","12"
"7293","12","12","12"
"7294","12","12","12"
"7296","12","12","12"
"7297","12","12","12"
"7299","12","12","12"
"7300","12","12","12"
"7302","12","12","12"
"7309","12","12","12"
"7316","12","12","12"
"7326","12","12","12"
"7330","12","12","12"
"7331","12","12","12"
"7333","12","12","12"
"7345","12","12","12"
"7346","12","12","12"
"7350","12","12","12"
"7358","12","12","12"
"7362","12","12","12"
"7365","12","12","12"
"7374","12","12","12"
"7379","12","12","12"
"7384","12","12","12"
"7385","12","12","12"
"7390","12","12","12"
"7391","12","12","12"
"7392","12","12","12"
"7401","12","12","12"
"7417","12","12","12"
"7423","12","12","12"
"7429","12","12","12"
"7432","12","12","12"
"7442","12","12","12"
"7452","12","12","12"
"7455","12","12","12"
"7458","12","12","12"
"7460","12","12","12"
"7465","12","12","12"
"7473","12","12","12"
"7499","12","12","12"
"7507","12","12","12"
"7510","12","12","12"
"7513","12","12","12"
"7515","12","12","12"
"7519","12","12","12"
"7521","12","12","12"
"7524","12","12","12"
"7537","12","12","12"
"7539","12","12","12"
"7540","12","12","12"
"7548","12","12","12"
"7559","12","12","12"
"7560","12","12","12"
"7567","12","12","12"
"7568","12","12","12"
"7573","12","12","12"
"7575","12","12","12"
"7576","12","12","12"
"7579","12","12","12"
"7588","12","12","12"
"7592","12","12","12"
"7593","12","12","12"
"7601","12","12","12"
"7603","12","12","12"
"7607","12","12","12"
"7609","12","12","12"
"7614","12","12","12"
"7615","12","12","12"
"7616","12","12","12"
"7620","12","12","12"
"7622","12","12","12"
"7639","12","12","12"
"7640","12","12","12"
"7642","12","12","12"
"7645","12","12","12"
"7647","12","12","12"
"7651","12","12","12"
"7653","12","12","12"
"7657","12","12","12"
"7660","12","12","12"
"7662","12","12","12"
"7668","12","12","12"
"7671","12","12","12"
"7675","12","12","12"
"7687","12","12","12"
"7690","12","12","12"
"7704","12","12","12"
"7709","12","12","12"
"7711","12","12","12"
"7714","12","12","12"
"7718","12","12","12"
"7723","12","12","12"
"7727","12","12","12"
"7732","12","12","12"
"7740","12","12","12"
"7756","12","12","12"
"7761","12","12","12"
"7762","12","12","12"
"7777","12","12","12"
"7778","12","12","12"
"7793","12","12","12"
"7795","12","12","12"
"7800","12","12","12"
"7803","12","12","12"
"7810","12","12","12"
"7811","12","12","12"
"7815","12","12","12"
"7825","12","12","12"
"7834","12","12","12"
"7838","12","12","12"
"7839","12","12","12"
"7844","12","12","12"
"7845","12","12","12"
"7849","12","12","12"
"7851","12","12","12"
"7856","12","12","12"
"7859","12","12","12"
"7864","12","12","12"
"7868","12","12","12"
"7872","12","12","12"
"7875","12","12","12"
"7884","12","12","12"
"7886","12","12","12"
"7887","12","12","12"
"7895","12","12","12"
"7899","12","12","12"
"7902","12","12","12"
"7905","12","12","12"
"7909","12","12","12"
"7910","12","12","12"
"7913","12","12","12"
"7914","12","12","12"
"7918","12","12","12"
"7925","12","12","12"
"7940","12","12","12"
"7942","12","12","12"
"7946","12","12","12"
"7954","12","12","12"
"7955","12","12","12"
"7963","12","12","12"
"7966","12","12","12"
"7968","12","12","12"
"7973","12","12","12"
"7974","12","12","12"
"7993","12","12","12"
"7995","12","12","12"
"8005","12","12","12"
"8009","12","12","12"
"8019","12","12","12"
"8024","12","12","12"
"8037","12","12","12"
"8051","12","12","12"
"8053","12","12","12"
"8056","12","12","12"
"8060","12","12","12"
"8065","12","12","12"
"8067","12","12","12"
"8068","12","12","12"
"8074","12","12","12"
"8082","12","12","12"
"8089","12","12","12"
"8091","12","12","12"
"8093","12","12","12"
"8096","12","12","12"
"8097","12","12","12"
"8102","12","12","12"
"8107","12","12","12"
"8109","12","12","12"
"8112","12","12","12"
"8113","12","12","12"
"8119","12","12","12"
"8120","12","12","12"
"8130","12","12","12"
"8134","12","12","12"
"8136","12","12","12"
"8137","12","12","12"
"8140","12","12","12"
"8144","12","12","12"
"8148","12","12","12"
"8149","12","12","12"
"8152","12","12","12"
"8153","12","12","12"
"8154","12","12","12"
"8167","12","12","12"
"8176","12","12","12"
"8184","12","12","12"
"8187","12","12","12"
"8190","12","12","12"
"8197","12","12","12"
"8198","12","12","12"
"8199","12","12","12"
"8203","12","12","12"
"8205","12","12","12"
"8207","12","12","12"
"8210","12","12","12"
"8215","12","12","12"
"8216","12","12","12"
"8218","12","12","12"
"8220","12","12","12"
"8224","12","12","12"
"8232","12","12","12"
"8236","12","12","12"
"8241","12","12","12"
"8256","12","12","12"
"8257","12","12","12"
"8260","12","12","12"
"8261","12","12","12"
"8267","12","12","12"
"8270","12","12","12"
"8271","12","12","12"
"8272","12","12","12"
"8283","12","12","12"
"8285","12","12","12"
"8288","12","12","12"
"8290","12","12","12"
"8295","12","12","12"
"8296","12","12","12"
"8308","12","12","12"
"8312","12","12","12"
"8319","12","12","12"
"8323","12","12","12"
"8331","12","12","12"
"8332","12","12","12"
"8335","12","12","12"
"8337","12","12","12"
"8340","12","12","12"
"8344","12","12","12"
"8347","12","12","12"
"8348","12","12","12"
"8355","12","12","12"
"8373","12","12","12"
"8378","12","12","12"
"8391","12","12","12"
"8394","12","12","12"
"8399","12","12","12"
"8414","12","12","12"
"8419","12","12","12"
"8423","12","12","12"
"8424","12","12","12"
"8425","12","12","12"
"8426","12","12","12"
"8428","12","12","12"
"8434","12","12","12"
"8435","12","12","12"
"8436","12","12","12"
"8440","12","12","12"
"8441","12","12","12"
"8449","12","12","12"
"8450","12","12","12"
"8458","12","12","12"
"8462","12","12","12"
"8468","12","12","12"
"8475","12","12","12"
"8476","12","12","12"
"8486","12","12","12"
"8493","12","12","12"
"8495","12","12","12"
"8503","12","12","12"
"8506","12","12","12"
"8510","12","12","12"
"8511","12","12","12"
"8516","12","12","12"
"8529","12","12","12"
"8533","12","12","12"
"8536","12","12","12"
"8545","12","12","12"
"8548","12","12","12"
"8552","12","12","12"
"8561","12","12","12"
"8570","12","12","12"
"8580","12","12","12"
"8585","12","12","12"
"8590","12","12","12"
"8591","12","12","12"
"8592","12","12","12"
"8611","12","12","12"
"8620","12","12","12"
"8622","12","12","12"
"8623","12","12","12"
"8633","12","12","12"
"8644","12","12","12"
"8662","12","12","12"
"8667","12","12","12"
"8670","12","12","12"
"8677","12","12","12"
"8678","12","12","12"
"8685","12","12","12"
"8688","12","12","12"
"8692","12","12","12"
"8715","12","12","12"
"8723","12","12","12"
"8724","12","12","12"
"8725","12","12","12"
"8728","12","12","12"
"8737","12","12","12"
"8753","12","12","12"
"8755","12","12","12"
"8764","12","12","12"
"8779","12","12","12"
"8784","12","12","12"
"8785","12","12","12"
"8792","12","12","12"
"8815","12","12","12"
"8816","12","12","12"
"8817","12","12","12"
"8825","12","12","12"
"8826","12","12","12"
"8835","12","12","12"
"8844","12","12","12"
"8847","12","12","12"
"8857","12","12","12"
"8862","12","12","12"
"8864","12","12","12"
"8870","12","12","12"
"8872","12","12","12"
"8874","12","12","12"
"8879","12","12","12"
"8882","12","12","12"
"8887","12","12","12"
"8896","12","12","12"
"8898","12","12","12"
"8901","12","12","12"
"8907","12","12","12"
"8917","12","12","12"
"8920","12","12","12"
"8924","12","12","12"
"8929","12","12","12"
"8944","12","12","12"
"8946","12","12","12"
"8948","12","12","12"
"8954","12","12","12"
"8960","12","12","12"
"8964","12","12","12"
"8967","12","12","12"
"8968","12","12","12"
"8972","12","12","12"
"8976","12","12","12"
"8977","12","12","12"
"8982","12","12","12"
"8983","12","12","12"
"8984","12","12","12"
"8998","12","12","12"
"9003","12","12","12"
"9008","12","12","12"
"9012","12","12","12"
"9017","12","12","12"
"9019","12","12","12"
"9023","12","12","12"
"9026","12","12","12"
"9028","12","12","12"
"9031","12","12","12"
"9032","12","12","12"
"9055","12","12","12"
"9060","12","12","12"
"9062","12","12","12"
"9065","12","12","12"
"9069","12","12","12"
"9086","12","12","12"
"9096","12","12","12"
"9097","12","12","12"
"9103","12","12","12"
"9104","12","12","12"
"9107","12","12","12"
"9114","12","12","12"
"9120","12","12","12"
"9134","12","12","12"
"9135","12","12","12"
"9142","12","12","12"
"9143","12","12","12"
"9144","12","12","12"
"9156","12","12","12"
"9163","12","12","12"
"9166","12","12","12"
"9167","12","12","12"
"9168","12","12","12"
"9169","12","12","12"
"9177","12","12","12"
"9178","12","12","12"
"9180","12","12","12"
"9189","12","12","12"
"9190","12","12","12"
"9191","12","12","12"
"9194","12","12","12"
"9198","12","12","12"
"9211","12","12","12"
"9212","12","12","12"
"9214","12","12","12"
"9216","12","12","12"
"9223","12","12","12"
"9237","12","12","12"
"9244","12","12","12"
"9246","12","12","12"
"9248","12","12","12"
"9256","12","12","12"
"9267","12","12","12"
"9277","12","12","12"
"9280","12","12","12"
"9290","12","12","12"
"9299","12","12","12"
"9300","12","12","12"
"9304","12","12","12"
"9305","12","12","12"
"9310","12","12","12"
"9316","12","12","12"
"9332","12","12","12"
"9333","12","12","12"
"9337","12","12","12"
"9338","12","12","12"
"9339","12","12","12"
"9340","12","12","12"
"9341","12","12","12"
"9343","12","12","12"
"9344","12","12","12"
"9347","12","12","12"
"9349","12","12","12"
"9353","12","12","12"
"9364","12","12","12"
"9367","12","12","12"
"9371","12","12","12"
"9372","12","12","12"
"9376","12","12","12"
"9380","12","12","12"
"9382","12","12","12"
"9383","12","12","12"
"9385","12","12","12"
"9386","12","12","12"
"9391","12","12","12"
"9395","12","12","12"
"9398","12","12","12"
"9400","12","12","12"
"9401","12","12","12"
"9424","12","12","12"
"9428","12","12","12"
"9435","12","12","12"
"9438","12","12","12"
"9439","12","12","12"
"9441","12","12","12"
"9445","12","12","12"
"9448","12","12","12"
"9450","12","12","12"
"9457","12","12","12"
"9465","12","12","12"
"9466","12","12","12"
"9468","12","12","12"
"9471","12","12","12"
"9474","12","12","12"
"9485","12","12","12"
"9486","12","12","12"
"9488","12","12","12"
"9491","12","12","12"
"9496","12","12","12"
"9503","12","12","12"
"9523","12","12","12"
"9529","12","12","12"
"9533","12","12","12"
"9536","12","12","12"
"9543","12","12","12"
"9549","12","12","12"
"9555","12","12","12"
"9557","12","12","12"
"9559","12","12","12"
"9562","12","12","12"
"9570","12","12","12"
"9572","12","12","12"
"9573","12","12","12"
"9587","12","12","12"
"9590","12","12","12"
"9591","12","12","12"
"9599","12","12","12"
"9600","12","12","12"
"9606","12","12","12"
"9607","12","12","12"
"9608","12","12","12"
"9613","12","12","12"
"9617","12","12","12"
"9622","12","12","12"
"9629","12","12","12"
"9634","12","12","12"
"9635","12","12","12"
"9636","12","12","12"
"9638","12","12","12"
"9639","12","12","12"
"9646","12","12","12"
"9649","12","12","12"
"9650","12","12","12"
"9652","12","12","12"
"9660","12","12","12"
"9662","12","12","12"
"9663","12","12","12"
"9669","12","12","12"
"9671","12","12","12"
"9678","12","12","12"
"9682","12","12","12"
"9685","12","12","12"
"9689","12","12","12"
"9695","12","12","12"
"9697","12","12","12"
"9706","12","12","12"
"9707","12","12","12"
"9712","12","12","12"
"9714","12","12","12"
"9741","12","12","12"
"9744","12","12","12"
"9752","12","12","12"
"9753","12","12","12"
"9755","12","12","12"
"9761","12","12","12"
"9765","12","12","12"
"9771","12","12","12"
"9773","12","12","12"
"9789","12","12","12"
"9790","12","12","12"
"9792","12","12","12"
"9801","12","12","12"
"9819","12","12","12"
"9826","12","12","12"
"9827","12","12","12"
"9837","12","12","12"
"9848","12","12","12"
"9850","12","12","12"
"9853","12","12","12"
"9870","12","12","12"
"9878","12","12","12"
"9880","12","12","12"
"9882","12","12","12"
"9884","12","12","12"
"9885","12","12","12"
"9901","12","12","12"
"9902","12","12","12"
"9904","12","12","12"
"9905","12","12","12"
"9906","12","12","12"
"9907","12","12","12"
"9910","12","12","12"
"9916","12","12","12"
"9919","12","12","12"
"9920","12","12","12"
"9925","12","12","12"
"9934","12","12","12"
"9936","12","12","12"
"9942","12","12","12"
"9955","12","12","12"
"9959","12","12","12"
"9966","12","12","12"
"9970","12","12","12"
"9984","12","12","12"
"9992","12","12","12"
"9994","12","12","12"
"10004","12","12","12"
"10008","12","12","12"
"10015","12","12","12"
"10018","12","12","12"
"10021","12","12","12"
"10024","12","12","12"
"10027","12","12","12"
"10030","12","12","12"
"10036","12","12","12"
"10039","12","12","12"
"10043","12","12","12"
"10045","12","12","12"
"10048","12","12","12"
"10049","12","12","12"
"10053","12","12","12"
"10054","12","12","12"
"10058","12","12","12"
"10068","12","12","12"
"10070","12","12","12"
"10072","12","12","12"
"10073","12","12","12"
"10076","12","12","12"
"10077","12","12","12"
"10078","12","12","12"
"10085","12","12","12"
"10087","12","12","12"
"10088","12","12","12"
"10090","12","12","12"
"10091","12","12","12"
"10092","12","12","12"
"10098","12","12","12"
"10105","12","12","12"
"10106","12","12","12"
"10107","12","12","12"
"10113","12","12","12"
"10130","12","12","12"
"10141","12","12","12"
"10143","12","12","12"
"10150","12","12","12"
"10153","12","12","12"
"10154","12","12","12"
"10157","12","12","12"
"10158","12","12","12"
"10159","12","12","12"
"10160","12","12","12"
"10164","12","12","12"
"10167","12","12","12"
"10171","12","12","12"
"10178","12","12","12"
"10185","12","12","12"
"10201","12","12","12"
"10207","12","12","12"
"10210","12","12","12"
"10213","12","12","12"
"10227","12","12","12"
"10229","12","12","12"
"10233","12","12","12"
"10235","12","12","12"
"10238","12","12","12"
"10248","12","12","12"
"10249","12","12","12"
"10253","12","12","12"
"10259","12","12","12"
"10265","12","12","12"
"10269","12","12","12"
"10270","12","12","12"
"10271","12","12","12"
"10281","12","12","12"
"10286","12","12","12"
"10290","12","12","12"
"10291","12","12","12"
"10296","12","12","12"
"10301","12","12","12"
"10304","12","12","12"
"10318","12","12","12"
"10320","12","12","12"
"10326","12","12","12"
"10329","12","12","12"
"10330","12","12","12"
"10331","12","12","12"
"10333","12","12","12"
"10335","12","12","12"
"10336","12","12","12"
"10337","12","12","12"
"10352","12","12","12"
"10354","12","12","12"
"10358","12","12","12"
"10365","12","12","12"
"10369","12","12","12"
"10373","12","12","12"
"10381","12","12","12"
"10390","12","12","12"
"10395","12","12","12"
"10399","12","12","12"
"10402","12","12","12"
"10403","12","12","12"
"10404","12","12","12"
"10413","12","12","12"
"10414","12","12","12"
"10432","12","12","12"
"10433","12","12","12"
"10437","12","12","12"
"10443","12","12","12"
"10446","12","12","12"
"10454","12","12","12"
"10459","12","12","12"
"10460","12","12","12"
"10470","12","12","12"
"10474","12","12","12"
"10476","12","12","12"
"10481","12","12","12"
"10513","12","12","12"
"10515","12","12","12"
"10518","12","12","12"
"10525","12","12","12"
"10526","12","12","12"
"10528","12","12","12"
"10532","12","12","12"
"10535","12","12","12"
"10538","12","12","12"
"10541","12","12","12"
"10542","12","12","12"
"10543","12","12","12"
"10556","12","12","12"
"10560","12","12","12"
"10564","12","12","12"
"10565","12","12","12"
"10573","12","12","12"
"10578","12","12","12"
"10582","12","12","12"
"10589","12","12","12"
"10607","12","12","12"
"10617","12","12","12"
"10620","12","12","12"
"10628","12","12","12"
"10633","12","12","12"
"10636","12","12","12"
"10637","12","12","12"
"10641","12","12","12"
"10662","12","12","12"
"10663","12","12","12"
"10667","12","12","12"
"10674","12","12","12"
"10678","12","12","12"
"10689","12","12","12"
"10698","12","12","12"
"10709","12","12","12"
"10718","12","12","12"
"10727","12","12","12"
"10731","12","12","12"
"10733","12","12","12"
"10735","12","12","12"
"10740","12","12","12"
"10743","12","12","12"
"10744","12","12","12"
"10752","12","12","12"
"10755","12","12","12"
"10758","12","12","12"
"10759","12","12","12"
"10764","12","12","12"
"10765","12","12","12"
"10771","12","12","12"
"10774","12","12","12"
"10775","12","12","12"
"10778","12","12","12"
"10780","12","12","12"
"10786","12","12","12"
"10799","12","12","12"
"10808","12","12","12"
"10813","12","12","12"
"10814","12","12","12"
"10815","12","12","12"
"10823","12","12","12"
"10824","12","12","12"
"10825","12","12","12"
"10828","12","12","12"
"10829","12","12","12"
"10834","12","12","12"
"10839","12","12","12"
"10843","12","12","12"
"10848","12","12","12"
"10865","12","12","12"
"10875","12","12","12"
"10878","12","12","12"
"10882","12","12","12"
"10887","12","12","12"
"10895","12","12","12"
"10896","12","12","12"
"10897","12","12","12"
"10904","12","12","12"
"10906","12","12","12"
"10916","12","12","12"
"10917","12","12","12"
"10921","12","12","12"
"10924","12","12","12"
"10926","12","12","12"
"10929","12","12","12"
"10932","12","12","12"
"10935","12","12","12"
"10942","12","12","12"
"10949","12","12","12"
"10950","12","12","12"
"10955","12","12","12"
"10958","12","12","12"
"10972","12","12","12"
"10975","12","12","12"
"10980","12","12","12"
"10982","12","12","12"
"10984","12","12","12"
"10985","12","12","12"
"10992","12","12","12"
"11004","12","12","12"
"11009","12","12","12"
"11013","12","12","12"
"11014","12","12","12"
"11015","12","12","12"
"11016","12","12","12"
"11019","12","12","12"
"11031","12","12","12"
"11035","12","12","12"
"11036","12","12","12"
"11039","12","12","12"
"11040","12","12","12"
"11051","12","12","12"
"11053","12","12","12"
"11058","12","12","12"
"11067","12","12","12"
"11072","12","12","12"
"11075","12","12","12"
"11088","12","12","12"
"11089","12","12","12"
"11091","12","12","12"
"11094","12","12","12"
"11101","12","12","12"
"11114","12","12","12"
"11115","12","12","12"
"11118","12","12","12"
"11124","12","12","12"
"11127","12","12","12"
"11134","12","12","12"
"11136","12","12","12"
"11137","12","12","12"
"11145","12","12","12"
"11147","12","12","12"
"11161","12","12","12"
"11162","12","12","12"
"11165","12","12","12"
"11176","12","12","12"
"11179","12","12","12"
"11180","12","12","12"
"11183","12","12","12"
"11191","12","12","12"
"11195","12","12","12"
"11197","12","12","12"
"11204","12","12","12"
"11210","12","12","12"
"11215","12","12","12"
"11216","12","12","12"
"11217","12","12","12"
"11219","12","12","12"
"11230","12","12","12"
"11232","12","12","12"
"11233","12","12","12"
"11235","12","12","12"
"11249","12","12","12"
"11256","12","12","12"
"11258","12","12","12"
"11259","12","12","12"
"11262","12","12","12"
"11263","12","12","12"
"11266","12","12","12"
"11269","12","12","12"
"11273","12","12","12"
"11277","12","12","12"
"11278","12","12","12"
"11291","12","12","12"
"11293","12","12","12"
"11296","12","12","12"
"11301","12","12","12"
"11306","12","12","12"
"11310","12","12","12"
"11312","12","12","12"
"11315","12","12","12"
"11316","12","12","12"
"11328","12","12","12"
"11329","12","12","12"
"11330","12","12","12"
"11338","12","12","12"
"11340","12","12","12"
"11346","12","12","12"
"11348","12","12","12"
"11350","12","12","12"
"11354","12","12","12"
"11355","12","12","12"
"11359","12","12","12"
"11364","12","12","12"
"11365","12","12","12"
"11366","12","12","12"
"11368","12","12","12"
"11374","12","12","12"
"11381","12","12","12"
"11385","12","12","12"
"11392","12","12","12"
"11397","12","12","12"
"11406","12","12","12"
"11410","12","12","12"
"11413","12","12","12"
"11414","12","12","12"
"11416","12","12","12"
"11423","12","12","12"
"11431","12","12","12"
"11437","12","12","12"
"11443","12","12","12"
"11444","12","12","12"
"11448","12","12","12"
"11449","12","12","12"
"11459","12","12","12"
"11460","12","12","12"
"11462","12","12","12"
"11463","12","12","12"
"11466","12","12","12"
"11469","12","12","12"
"11471","12","12","12"
"11477","12","12","12"
"11478","12","12","12"
"11482","12","12","12"
"11486","12","12","12"
"11502","12","12","12"
"11513","12","12","12"
"11519","12","12","12"
"11530","12","12","12"
"11532","12","12","12"
"11540","12","12","12"
"11543","12","12","12"
"11544","12","12","12"
"11551","12","12","12"
"11552","12","12","12"
"11557","12","12","12"
"11560","12","12","12"
"11562","12","12","12"
"11565","12","12","12"
"11568","12","12","12"
"11570","12","12","12"
"11584","12","12","12"
"11587","12","12","12"
"11588","12","12","12"
"11591","12","12","12"
"11594","12","12","12"
"11595","12","12","12"
"11606","12","12","12"
"11607","12","12","12"
"11608","12","12","12"
"11616","12","12","12"
"11617","12","12","12"
"11619","12","12","12"
"11620","12","12","12"
"11624","12","12","12"
"11626","12","12","12"
"11628","12","12","12"
"11630","12","12","12"
"11633","12","12","12"
"11635","12","12","12"
"11638","12","12","12"
"11639","12","12","12"
"11642","12","12","12"
"11643","12","12","12"
"11648","12","12","12"
"11652","12","12","12"
"11657","12","12","12"
"11660","12","12","12"
"11662","12","12","12"
"11666","12","12","12"
"11667","12","12","12"
"11668","12","12","12"
"11670","12","12","12"
"11672","12","12","12"
"11673","12","12","12"
"11676","12","12","12"
"11706","12","12","12"
"11713","12","12","12"
"11718","12","12","12"
"11722","12","12","12"
"11728","12","12","12"
"11733","12","12","12"
"11743","12","12","12"
"11745","12","12","12"
"11746","12","12","12"
"11748","12","12","12"
"11754","12","12","12"
"11757","12","12","12"
"11768","12","12","12"
"11783","12","12","12"
"11789","12","12","12"
"11790","12","12","12"
"11795","12","12","12"
"11798","12","12","12"
"11800","12","12","12"
"11801","12","12","12"
"11810","12","12","12"
"11814","12","12","12"
"11815","12","12","12"
"11816","12","12","12"
"11817","12","12","12"
"11835","12","12","12"
"11839","12","12","12"
"11849","12","12","12"
"11863","12","12","12"
"11864","12","12","12"
"11869","12","12","12"
"11874","12","12","12"
"11875","12","12","12"
"11877","12","12","12"
"11880","12","12","12"
"11890","12","12","12"
"11891","12","12","12"
"11906","12","12","12"
"11909","12","12","12"
"11920","12","12","12"
"11934","12","12","12"
"11939","12","12","12"
"11940","12","12","12"
"11951","12","12","12"
"11953","12","12","12"
"11954","12","12","12"
"11956","12","12","12"
"11969","12","12","12"
"11971","12","12","12"
"11975","12","12","12"
"11983","12","12","12"
"11986","12","12","12"
"11989","12","12","12"
"11990","12","12","12"
"11991","12","12","12"
"11992","12","12","12"
"11993","12","12","12"
"11996","12","12","12"
"11997","12","12","12"
"12018","12","12","12"
"12019","12","12","12"
"12025","12","12","12"
"12039","12","12","12"
"12044","12","12","12"
"12047","12","12","12"
"12048","12","12","12"
"12049","12","12","12"
"12057","12","12","12"
"12059","12","12","12"
"12065","12","12","12"
"12070","12","12","12"
"12079","12","12","12"
"12085","12","12","12"
"12086","12","12","12"
"12091","12","12","12"
"12096","12","12","12"
"12102","12","12","12"
"12108","12","12","12"
"12112","12","12","12"
"12115","12","12","12"
"12120","12","12","12"
"12124","12","12","12"
"12128","12","12","12"
"12132","12","12","12"
"12140","12","12","12"
"12141","12","12","12"
"12144","12","12","12"
"12145","12","12","12"
"12152","12","12","12"
"12154","12","12","12"
"12157","12","12","12"
"12161","12","12","12"
"12171","12","12","12"
"12172","12","12","12"
"12173","12","12","12"
"12177","12","12","12"
"12187","12","12","12"
"12189","12","12","12"
"12190","12","12","12"
"12197","12","12","12"
"12215","12","12","12"
"12227","12","12","12"
"12228","12","12","12"
"12239","12","12","12"
"12240","12","12","12"
"12241","12","12","12"
"12243","12","12","12"
"12257","12","12","12"
"12275","12","12","12"
"12277","12","12","12"
"12279","12","12","12"
"12280","12","12","12"
"12293","12","12","12"
"12295","12","12","12"
"12297","12","12","12"
"12305","12","12","12"
"12312","12","12","12"
"12313","12","12","12"
"12317","12","12","12"
"12319","12","12","12"
"12329","12","12","12"
"12330","12","12","12"
"12331","12","12","12"
"12337","12","12","12"
"12340","12","12","12"
"12342","12","12","12"
"12345","12","12","12"
"12346","12","12","12"
"12349","12","12","12"
"12353","12","12","12"
"12356","12","12","12"
"12367","12","12","12"
"12373","12","12","12"
"12378","12","12","12"
"12380","12","12","12"
"12389","12","12","12"
"12397","12","12","12"
"12402","12","12","12"
"12411","12","12","12"
"12415","12","12","12"
"12435","12","12","12"
"12437","12","12","12"
"12453","12","12","12"
"12466","12","12","12"
"12472","12","12","12"
"12477","12","12","12"
"12479","12","12","12"
"12498","12","12","12"
"12499","12","12","12"
"12502","12","12","12"
"12503","12","12","12"
"12512","12","12","12"
"12514","12","12","12"
"12524","12","12","12"
"12526","12","12","12"
"12527","12","12","12"
"12533","12","12","12"
"12535","12","12","12"
"12547","12","12","12"
"12550","12","12","12"
"12560","12","12","12"
"12567","12","12","12"
"12573","12","12","12"
"12574","12","12","12"
"12575","12","12","12"
"12576","12","12","12"
"12582","12","12","12"
"12587","12","12","12"
"12599","12","12","12"
"12602","12","12","12"
"12609","12","12","12"
"12617","12","12","12"
"12620","12","12","12"
"12631","12","12","12"
"12633","12","12","12"
"12639","12","12","12"
"12642","12","12","12"
"12643","12","12","12"
"12644","12","12","12"
"12653","12","12","12"
"12657","12","12","12"
"12663","12","12","12"
"12672","12","12","12"
"12676","12","12","12"
"12703","12","12","12"
"12708","12","12","12"
"12713","12","12","12"
"12714","12","12","12"
"12723","12","12","12"
"12725","12","12","12"
"12731","12","12","12"
"12732","12","12","12"
"12735","12","12","12"
"12736","12","12","12"
"12737","12","12","12"
"12743","12","12","12"
"12749","12","12","12"
"12758","12","12","12"
"12759","12","12","12"
"12766","12","12","12"
"12767","12","12","12"
"12772","12","12","12"
"12773","12","12","12"
"12778","12","12","12"
"12790","12","12","12"
"12798","12","12","12"
"12807","12","12","12"
"12809","12","12","12"
"12815","12","12","12"
"12816","12","12","12"
"12820","12","12","12"
"12826","12","12","12"
"12829","12","12","12"
"12833","12","12","12"
"12834","12","12","12"
"12838","12","12","12"
"12842","12","12","12"
"12850","12","12","12"
"12851","12","12","12"
"12858","12","12","12"
"12865","12","12","12"
"12871","12","12","12"
"12882","12","12","12"
"12883","12","12","12"
"12885","12","12","12"
"12889","12","12","12"
"12894","12","12","12"
"12898","12","12","12"
"12904","12","12","12"
"12908","12","12","12"
"12924","12","12","12"
"12930","12","12","12"
"12931","12","12","12"
"12932","12","12","12"
"12934","12","12","12"
"12935","12","12","12"
"12941","12","12","12"
"12942","12","12","12"
"12957","12","12","12"
"12958","12","12","12"
"12960","12","12","12"
"12966","12","12","12"
"12971","12","12","12"
"12972","12","12","12"
"12973","12","12","12"
"12976","12","12","12"
"12982","12","12","12"
"12993","12","12","12"
"12994","12","12","12"
"12997","12","12","12"
"12998","12","12","12"
"12999","12","12","12"
"13002","12","12","12"
"13010","12","12","12"
"13012","12","12","12"
"13013","12","12","12"
"13016","12","12","12"
"13020","12","12","12"
"13021","12","12","12"
"13026","12","12","12"
"13028","12","12","12"
"13035","12","12","12"
"13036","12","12","12"
"13039","12","12","12"
"13040","12","12","12"
"13043","12","12","12"
"13047","12","12","12"
"13051","12","12","12"
"13057","12","12","12"
"13062","12","12","12"
"13066","12","12","12"
"13073","12","12","12"
"13082","12","12","12"
"13090","12","12","12"
"13091","12","12","12"
"13098","12","12","12"
"13101","12","12","12"
"13105","12","12","12"
"13107","12","12","12"
"13110","12","12","12"
"13111","12","12","12"
"13112","12","12","12"
"13114","12","12","12"
"13116","12","12","12"
"13129","12","12","12"
"13130","12","12","12"
"13137","12","12","12"
"13139","12","12","12"
"13143","12","12","12"
"13150","12","12","12"
"13152","12","12","12"
"13157","12","12","12"
"13159","12","12","12"
"13161","12","12","12"
"13167","12","12","12"
"13173","12","12","12"
"13174","12","12","12"
"13175","12","12","12"
"13177","12","12","12"
"13178","12","12","12"
"13183","12","12","12"
"13186","12","12","12"
"13191","12","12","12"
"13199","12","12","12"
"13205","12","12","12"
"13209","12","12","12"
"13210","12","12","12"
"13223","12","12","12"
"13233","12","12","12"
"13237","12","12","12"
"13238","12","12","12"
"13239","12","12","12"
"13242","12","12","12"
"13254","12","12","12"
"13259","12","12","12"
"13268","12","12","12"
"13279","12","12","12"
"13290","12","12","12"
"13294","12","12","12"
"13296","12","12","12"
"13300","12","12","12"
"13304","12","12","12"
"13305","12","12","12"
"13307","12","12","12"
"13308","12","12","12"
"13310","12","12","12"
"13311","12","12","12"
"13312","12","12","12"
"13316","12","12","12"
"13318","12","12","12"
"13319","12","12","12"
"13322","12","12","12"
"13324","12","12","12"
"13325","12","12","12"
"13329","12","12","12"
"13333","12","12","12"
"13336","13","13","13"
"13337","13","13","13"
"13339","13","13","13"
"13341","13","13","13"
"13348","13","13","13"
"13350","13","13","13"
"13353","13","13","13"
"13355","13","13","13"
"13358","13","13","13"
"13366","13","13","13"
"13372","13","13","13"
"13376","13","13","13"
"13380","13","13","13"
"13382","13","13","13"
"13389","13","13","13"
"13394","13","13","13"
"13399","13","13","13"
"13400","13","13","13"
"13401","13","13","13"
"13403","13","13","13"
"13406","13","13","13"
"13423","13","13","13"
"13430","13","13","13"
"13453","13","13","13"
"13454","13","13","13"
"13457","13","13","13"
"13460","13","13","13"
"13466","13","13","13"
"13468","13","13","13"
"13470","13","13","13"
"13473","13","13","13"
"13476","13","13","13"
"13478","13","13","13"
"13481","13","13","13"
"13482","13","13","13"
"13489","13","13","13"
"13494","13","13","13"
"13497","13","13","13"
"13499","13","13","13"
"13501","13","13","13"
"13505","13","13","13"
"13512","13","13","13"
"13513","13","13","13"
"13514","13","13","13"
"13515","13","13","13"
"13519","13","13","13"
"13520","13","13","13"
"13523","13","13","13"
"13533","13","13","13"
"13538","13","13","13"
"13540","13","13","13"
"13543","13","13","13"
"13547","13","13","13"
"13548","13","13","13"
"13551","13","13","13"
"13554","13","13","13"
"13563","13","13","13"
"13564","13","13","13"
"13567","13","13","13"
"13569","13","13","13"
"13570","13","13","13"
"13587","13","13","13"
"13591","13","13","13"
"13594","13","13","13"
"13597","13","13","13"
"13598","13","13","13"
"13604","13","13","13"
"13605","13","13","13"
"13607","13","13","13"
"13615","13","13","13"
"13617","13","13","13"
"13618","13","13","13"
"13621","13","13","13"
"13625","13","13","13"
"13627","13","13","13"
"13632","13","13","13"
"13637","13","13","13"
"13648","13","13","13"
"13652","13","13","13"
"13660","13","13","13"
"13662","13","13","13"
"13668","13","13","13"
"13670","13","13","13"
"13693","13","13","13"
"13698","13","13","13"
"13699","13","13","13"
"13709","13","13","13"
"13716","13","13","13"
"13727","13","13","13"
"13728","13","13","13"
"13742","13","13","13"
"13743","13","13","13"
"13747","13","13","13"
"13749","13","13","13"
"13768","13","13","13"
"13776","13","13","13"
"13777","13","13","13"
"13783","13","13","13"
"13801","13","13","13"
"13803","13","13","13"
"13805","13","13","13"
"13813","13","13","13"
"13817","13","13","13"
"13822","13","13","13"
"13823","13","13","13"
"13835","13","13","13"
"13842","13","13","13"
"13843","13","13","13"
"13845","13","13","13"
"13846","13","13","13"
"13849","13","13","13"
"13850","13","13","13"
"13854","13","13","13"
"13856","13","13","13"
"13862","13","13","13"
"13867","13","13","13"
"13882","13","13","13"
"13888","13","13","13"
"13891","13","13","13"
"13901","13","13","13"
"13909","13","13","13"
"13928","13","13","13"
"13933","13","13","13"
"13935","13","13","13"
"13944","13","13","13"
"13948","13","13","13"
"13949","13","13","13"
"13952","13","13","13"
"13958","13","13","13"
"13963","13","13","13"
"13973","13","13","13"
"13975","13","13","13"
"13977","13","13","13"
"13980","13","13","13"
"13985","13","13","13"
"13986","13","13","13"
"13996","13","13","13"
"14000","13","13","13"
"14001","13","13","13"
"14008","13","13","13"
"14009","13","13","13"
"14019","13","13","13"
"14026","13","13","13"
"14029","13","13","13"
"14050","13","13","13"
"14059","13","13","13"
"14066","13","13","13"
"14067","13","13","13"
"14068","13","13","13"
"14079","13","13","13"
"14080","13","13","13"
"14081","13","13","13"
"14083","13","13","13"
"14091","13","13","13"
"14093","13","13","13"
"14094","13","13","13"
"14097","13","13","13"
"14112","13","13","13"
"14113","13","13","13"
"14115","13","13","13"
"14117","13","13","13"
"14120","13","13","13"
"14131","13","13","13"
"14137","13","13","13"
"14138","13","13","13"
"14139","13","13","13"
"14142","13","13","13"
"14144","13","13","13"
"14146","13","13","13"
"14149","13","13","13"
"14153","13","13","13"
"14154","13","13","13"
"14162","13","13","13"
"14170","13","13","13"
"14171","13","13","13"
"14178","13","13","13"
"14182","13","13","13"
"14186","13","13","13"
"14192","13","13","13"
"14195","13","13","13"
"14207","13","13","13"
"14208","13","13","13"
"14214","13","13","13"
"14220","13","13","13"
"14223","13","13","13"
"14228","13","13","13"
"14230","13","13","13"
"14233","13","13","13"
"14247","13","13","13"
"14251","13","13","13"
"14253","13","13","13"
"14254","13","13","13"
"14256","13","13","13"
"14276","13","13","13"
"14277","13","13","13"
"14279","13","13","13"
"14281","13","13","13"
"14282","13","13","13"
"14292","13","13","13"
"14298","13","13","13"
"14299","13","13","13"
"14303","13","13","13"
"14307","13","13","13"
"14319","13","13","13"
"14322","13","13","13"
"14337","13","13","13"
"14338","13","13","13"
"14340","13","13","13"
"14343","13","13","13"
"14344","13","13","13"
"14345","13","13","13"
"14349","13","13","13"
"14359","13","13","13"
"14360","13","13","13"
"14367","13","13","13"
"14378","13","13","13"
"14380","13","13","13"
"14383","13","13","13"
"14390","13","13","13"
"14392","13","13","13"
"14419","13","13","13"
"14423","13","13","13"
"14437","13","13","13"
"14440","13","13","13"
"14443","13","13","13"
"14449","13","13","13"
"14452","13","13","13"
"14457","13","13","13"
"14458","13","13","13"
"14462","13","13","13"
"14472","13","13","13"
"14479","13","13","13"
"14482","13","13","13"
"14483","13","13","13"
"14484","13","13","13"
"14485","13","13","13"
"14486","13","13","13"
"14495","13","13","13"
"14508","13","13","13"
"14510","13","13","13"
"14512","13","13","13"
"14513","13","13","13"
"14516","13","13","13"
"14518","13","13","13"
"14528","13","13","13"
"14530","13","13","13"
"14540","13","13","13"
"14553","13","13","13"
"14563","13","13","13"
"14567","13","13","13"
"14568","13","13","13"
"14571","13","13","13"
"14576","13","13","13"
"14581","13","13","13"
"14590","13","13","13"
"14594","13","13","13"
"14607","13","13","13"
"14611","13","13","13"
"14612","13","13","13"
"14613","13","13","13"
"14616","13","13","13"
"14627","13","13","13"
"14630","13","13","13"
"14631","13","13","13"
"14635","13","13","13"
"14639","13","13","13"
"14641","13","13","13"
"14647","13","13","13"
"14653","13","13","13"
"14654","13","13","13"
"14655","13","13","13"
"14656","13","13","13"
"14664","13","13","13"
"14666","13","13","13"
"14668","13","13","13"
"14672","13","13","13"
"14673","13","13","13"
"14678","13","13","13"
"14688","13","13","13"
"14690","13","13","13"
"14693","13","13","13"
"14698","13","13","13"
"14709","13","13","13"
"14710","13","13","13"
"14711","13","13","13"
"14716","13","13","13"
"14718","13","13","13"
"14719","13","13","13"
"14724","13","13","13"
"14725","13","13","13"
"14734","13","13","13"
"14737","13","13","13"
"14738","13","13","13"
"14747","13","13","13"
"14748","13","13","13"
"14750","13","13","13"
"14753","13","13","13"
"14754","13","13","13"
"14757","13","13","13"
"14758","13","13","13"
"14763","13","13","13"
"14772","13","13","13"
"14779","13","13","13"
"14783","13","13","13"
"14785","13","13","13"
"14788","13","13","13"
"14793","13","13","13"
"14798","13","13","13"
"14799","13","13","13"
"14801","13","13","13"
"14805","13","13","13"
"14806","13","13","13"
"14826","13","13","13"
"14831","13","13","13"
"14850","13","13","13"
"14862","13","13","13"
"14864","13","13","13"
"14870","13","13","13"
"14875","13","13","13"
"14876","13","13","13"
"14877","13","13","13"
"14879","13","13","13"
"14885","13","13","13"
"14887","13","13","13"
"14889","13","13","13"
"14895","13","13","13"
"14900","13","13","13"
"14903","13","13","13"
"14906","13","13","13"
"14907","13","13","13"
"14908","13","13","13"
"14910","13","13","13"
"14912","13","13","13"
"14917","13","13","13"
"14925","13","13","13"
"14929","13","13","13"
"14932","13","13","13"
"14935","13","13","13"
"14940","13","13","13"
"14955","13","13","13"
"14956","13","13","13"
"14960","13","13","13"
"14968","13","13","13"
"14978","13","13","13"
"14981","13","13","13"
"14983","13","13","13"
"14985","13","13","13"
"14989","13","13","13"
"15003","13","13","13"
"15004","13","13","13"
"15008","13","13","13"
"15012","13","13","13"
"15014","13","13","13"
"15017","13","13","13"
"15021","13","13","13"
"15033","13","13","13"
"15034","13","13","13"
"15037","13","13","13"
"15042","13","13","13"
"15044","13","13","13"
"15048","13","13","13"
"15055","13","13","13"
"15064","13","13","13"
"15077","13","13","13"
"15078","13","13","13"
"15084","13","13","13"
"15086","13","13","13"
"15088","13","13","13"
"15089","13","13","13"
"15092","13","13","13"
"15099","13","13","13"
"15100","13","13","13"
"15108","13","13","13"
"15111","13","13","13"
"15114","13","13","13"
"15124","13","13","13"
"15132","13","13","13"
"15140","13","13","13"
"15150","13","13","13"
"15151","13","13","13"
"15154","13","13","13"
"15157","13","13","13"
"15158","13","13","13"
"15159","13","13","13"
"15165","13","13","13"
"15177","13","13","13"
"15179","13","13","13"
"15182","13","13","13"
"15183","13","13","13"
"15186","13","13","13"
"15187","13","13","13"
"15198","13","13","13"
"15219","13","13","13"
"15223","13","13","13"
"15226","13","13","13"
"15227","13","13","13"
"15228","13","13","13"
"15230","13","13","13"
"15234","13","13","13"
"15235","13","13","13"
"15236","13","13","13"
"15240","13","13","13"
"15241","13","13","13"
"15243","13","13","13"
"15245","13","13","13"
"15249","13","13","13"
"15261","13","13","13"
"15283","13","13","13"
"15285","13","13","13"
"15290","13","13","13"
"15294","13","13","13"
"15303","13","13","13"
"15307","13","13","13"
"15308","13","13","13"
"15310","13","13","13"
"15314","13","13","13"
"15323","13","13","13"
"15330","13","13","13"
"15336","13","13","13"
"15347","13","13","13"
"15350","13","13","13"
"15354","13","13","13"
"15363","13","13","13"
"15367","13","13","13"
"15386","13","13","13"
"15390","13","13","13"
"15405","13","13","13"
"15410","13","13","13"
"15417","13","13","13"
"15422","13","13","13"
"15424","13","13","13"
"15435","13","13","13"
"15442","13","13","13"
"15444","13","13","13"
"15445","13","13","13"
"15447","13","13","13"
"15449","13","13","13"
"15451","13","13","13"
"15455","13","13","13"
"15460","13","13","13"
"15465","13","13","13"
"15468","13","13","13"
"15469","13","13","13"
"15470","13","13","13"
"15472","13","13","13"
"15475","13","13","13"
"15476","13","13","13"
"15477","13","13","13"
"15482","13","13","13"
"15491","13","13","13"
"15492","13","13","13"
"15498","13","13","13"
"15505","13","13","13"
"15507","13","13","13"
"15513","13","13","13"
"15517","13","13","13"
"15536","13","13","13"
"15546","13","13","13"
"15550","13","13","13"
"15553","13","13","13"
"15559","13","13","13"
"15567","13","13","13"
"15568","13","13","13"
"15571","13","13","13"
"15574","13","13","13"
"15582","13","13","13"
"15584","13","13","13"
"15594","13","13","13"
"15595","13","13","13"
"15606","13","13","13"
"15607","13","13","13"
"15613","13","13","13"
"15620","13","13","13"
"15631","13","13","13"
"15639","13","13","13"
"15641","13","13","13"
"15644","13","13","13"
"15646","13","13","13"
"15656","13","13","13"
"15662","13","13","13"
"15663","13","13","13"
"15667","13","13","13"
"15674","13","13","13"
"15682","13","13","13"
"15684","13","13","13"
"15685","13","13","13"
"15687","13","13","13"
"15688","13","13","13"
"15692","13","13","13"
"15693","13","13","13"
"15700","13","13","13"
"15701","13","13","13"
"15707","13","13","13"
"15711","13","13","13"
"15712","13","13","13"
"15713","13","13","13"
"15714","13","13","13"
"15716","13","13","13"
"15717","13","13","13"
"15736","13","13","13"
"15741","13","13","13"
"15747","13","13","13"
"15748","13","13","13"
"15749","13","13","13"
"15750","13","13","13"
"15761","13","13","13"
"15764","13","13","13"
"15774","13","13","13"
"15777","13","13","13"
"15788","13","13","13"
"15789","13","13","13"
"15801","13","13","13"
"15803","13","13","13"
"15805","13","13","13"
"15806","13","13","13"
"15808","13","13","13"
"15816","13","13","13"
"15817","13","13","13"
"15819","13","13","13"
"15827","13","13","13"
"15829","13","13","13"
"15832","13","13","13"
"15838","13","13","13"
"15845","13","13","13"
"15846","13","13","13"
"15849","13","13","13"
"15857","13","13","13"
"15861","13","13","13"
"15868","13","13","13"
"15879","13","13","13"
"15889","13","13","13"
"15890","13","13","13"
"15891","13","13","13"
"15898","13","13","13"
"15899","13","13","13"
"15900","13","13","13"
"15901","13","13","13"
"15904","13","13","13"
"15912","13","13","13"
"15913","13","13","13"
"15917","13","13","13"
"15919","13","13","13"
"15923","13","13","13"
"15924","13","13","13"
"15926","13","13","13"
"15927","13","13","13"
"15928","13","13","13"
"15942","13","13","13"
"15953","13","13","13"
"15955","13","13","13"
"15956","13","13","13"
"15957","13","13","13"
"15961","13","13","13"
"15966","13","13","13"
"15976","13","13","13"
"15987","13","13","13"
"15992","13","13","13"
"15997","13","13","13"
"16000","13","13","13"
"16001","13","13","13"
"16012","13","13","13"
"16020","13","13","13"
"16023","13","13","13"
"16032","13","13","13"
"16036","13","13","13"
"16044","13","13","13"
"16052","13","13","13"
"16053","13","13","13"
"16056","13","13","13"
"16059","13","13","13"
"16071","13","13","13"
"16074","13","13","13"
"16076","13","13","13"
"16078","13","13","13"
"16079","13","13","13"
"16087","13","13","13"
"16089","13","13","13"
"16092","13","13","13"
"16093","13","13","13"
"16096","13","13","13"
"16101","13","13","13"
"16104","13","13","13"
"16118","13","13","13"
"16136","13","13","13"
"16138","13","13","13"
"16143","13","13","13"
"16146","13","13","13"
"16148","13","13","13"
"16149","13","13","13"
"16155","13","13","13"
"16164","13","13","13"
"16165","13","13","13"
"16182","13","13","13"
"16184","13","13","13"
"16190","13","13","13"
"16194","13","13","13"
"16195","13","13","13"
"16198","13","13","13"
"16200","13","13","13"
"16203","13","13","13"
"16204","13","13","13"
"16206","13","13","13"
"16208","13","13","13"
"16215","13","13","13"
"16216","13","13","13"
"16224","13","13","13"
"16226","13","13","13"
"16230","13","13","13"
"16239","13","13","13"
"16241","13","13","13"
"16243","13","13","13"
"16250","13","13","13"
"16255","13","13","13"
"16261","13","13","13"
"16266","13","13","13"
"16269","13","13","13"
"16273","13","13","13"
"16274","13","13","13"
"16279","13","13","13"
"16281","13","13","13"
"16283","13","13","13"
"16285","13","13","13"
"16288","13","13","13"
"16291","13","13","13"
"16295","13","13","13"
"16299","13","13","13"
"16300","13","13","13"
"16307","13","13","13"
"16309","13","13","13"
"16313","13","13","13"
"16315","13","13","13"
"16317","13","13","13"
"16319","13","13","13"
"16320","13","13","13"
"16330","13","13","13"
"16334","13","13","13"
"16337","13","13","13"
"16340","13","13","13"
"16342","13","13","13"
"16343","13","13","13"
"16349","13","13","13"
"16351","13","13","13"
"16353","13","13","13"
"16358","13","13","13"
"16363","13","13","13"
"16370","13","13","13"
"16382","13","13","13"
"16390","13","13","13"
"16396","13","13","13"
"16400","13","13","13"
"16411","13","13","13"
"16412","13","13","13"
"16425","13","13","13"
"16431","13","13","13"
"16435","13","13","13"
"16453","13","13","13"
"16458","13","13","13"
"16462","13","13","13"
"16467","13","13","13"
"16470","13","13","13"
"16474","13","13","13"
"16484","13","13","13"
"16486","13","13","13"
"16488","13","13","13"
"16489","13","13","13"
"16490","13","13","13"
"16491","13","13","13"
"16492","13","13","13"
"16498","13","13","13"
"16502","13","13","13"
"16503","13","13","13"
"16506","13","13","13"
"16517","13","13","13"
"16519","13","13","13"
"16523","13","13","13"
"16528","13","13","13"
"16530","13","13","13"
"16531","13","13","13"
"16535","13","13","13"
"16541","13","13","13"
"16542","13","13","13"
"16545","13","13","13"
"16555","13","13","13"
"16557","13","13","13"
"16572","13","13","13"
"16582","13","13","13"
"16583","13","13","13"
"16586","13","13","13"
"16587","13","13","13"
"16588","13","13","13"
"16595","13","13","13"
"16597","13","13","13"
"16613","13","13","13"
"16614","13","13","13"
"16616","13","13","13"
"16617","13","13","13"
"16618","13","13","13"
"16622","13","13","13"
"16624","13","13","13"
"16626","13","13","13"
"16629","13","13","13"
"16631","13","13","13"
"16635","13","13","13"
"16637","13","13","13"
"16640","13","13","13"
"16642","13","13","13"
"16649","13","13","13"
"16650","13","13","13"
"16655","13","13","13"
"16656","13","13","13"
"16657","13","13","13"
"16660","13","13","13"
"16671","13","13","13"
"16673","13","13","13"
"16686","13","13","13"
"16687","13","13","13"
"16692","13","13","13"
"16694","13","13","13"
"16696","13","13","13"
"16706","13","13","13"
"16719","13","13","13"
"16722","13","13","13"
"16725","13","13","13"
"16726","13","13","13"
"16732","13","13","13"
"16735","13","13","13"
"16737","13","13","13"
"16740","13","13","13"
"16746","13","13","13"
"16748","13","13","13"
"16753","13","13","13"
"16759","13","13","13"
"16760","13","13","13"
"16763","13","13","13"
"16765","13","13","13"
"16768","13","13","13"
"16781","13","13","13"
"16784","13","13","13"
"16786","13","13","13"
"16787","13","13","13"
"16793","13","13","13"
"16795","13","13","13"
"16796","13","13","13"
"16799","13","13","13"
"16802","13","13","13"
"16805","13","13","13"
"16815","13","13","13"
"16817","13","13","13"
"16819","13","13","13"
"16820","13","13","13"
"16821","13","13","13"
"16823","13","13","13"
"16824","13","13","13"
"16826","13","13","13"
"16833","13","13","13"
"16837","13","13","13"
"16848","13","13","13"
"16854","13","13","13"
"16859","13","13","13"
"16861","13","13","13"
"16862","13","13","13"
"16867","13","13","13"
"16877","13","13","13"
"16878","13","13","13"
"16881","13","13","13"
"16883","13","13","13"
"16885","13","13","13"
"16893","13","13","13"
"16894","13","13","13"
"16900","13","13","13"
"16902","13","13","13"
"16905","13","13","13"
"16909","13","13","13"
"16914","13","13","13"
"16917","13","13","13"
"16919","13","13","13"
"16924","13","13","13"
"16928","13","13","13"
"16932","13","13","13"
"16936","13","13","13"
"16941","13","13","13"
"16945","13","13","13"
"16952","13","13","13"
"16955","13","13","13"
"16971","13","13","13"
"16973","13","13","13"
"16981","13","13","13"
"16982","13","13","13"
"16983","13","13","13"
"16991","13","13","13"
"16994","13","13","13"
"17007","13","13","13"
"17014","13","13","13"
"17026","13","13","13"
"17031","13","13","13"
"17034","13","13","13"
"17038","13","13","13"
"17042","13","13","13"
"17063","13","13","13"
"17064","13","13","13"
"17065","13","13","13"
"17068","13","13","13"
"17078","13","13","13"
"17083","13","13","13"
"17084","13","13","13"
"17086","13","13","13"
"17102","13","13","13"
"17104","13","13","13"
"17112","13","13","13"
"17113","13","13","13"
"17114","13","13","13"
"17133","13","13","13"
"17140","13","13","13"
"17143","13","13","13"
"17160","13","13","13"
"17161","13","13","13"
"17163","13","13","13"
"17169","13","13","13"
"17179","13","13","13"
"17192","13","13","13"
"17193","13","13","13"
"17199","13","13","13"
"17206","13","13","13"
"17207","13","13","13"
"17224","13","13","13"
"17226","13","13","13"
"17229","13","13","13"
"17230","13","13","13"
"17236","13","13","13"
"17246","13","13","13"
"17248","13","13","13"
"17249","13","13","13"
"17257","13","13","13"
"17258","13","13","13"
"17260","13","13","13"
"17268","13","13","13"
"17286","13","13","13"
"17292","13","13","13"
"17299","13","13","13"
"17307","13","13","13"
"17313","13","13","13"
"17317","13","13","13"
"17320","13","13","13"
"17323","13","13","13"
"17324","13","13","13"
"17329","13","13","13"
"17332","13","13","13"
"17337","13","13","13"
"17345","13","13","13"
"17346","13","13","13"
"17349","13","13","13"
"17354","13","13","13"
"17357","13","13","13"
"17358","13","13","13"
"17361","13","13","13"
"17364","13","13","13"
"17369","13","13","13"
"17370","13","13","13"
"17373","13","13","13"
"17377","13","13","13"
"17382","13","13","13"
"17384","13","13","13"
"17387","13","13","13"
"17390","13","13","13"
"17393","13","13","13"
"17400","13","13","13"
"17404","13","13","13"
"17406","13","13","13"
"17409","13","13","13"
"17411","13","13","13"
"17418","13","13","13"
"17431","13","13","13"
"17444","13","13","13"
"17445","13","13","13"
"17449","13","13","13"
"17451","13","13","13"
"17459","13","13","13"
"17462","13","13","13"
"17467","13","13","13"
"17475","13","13","13"
"17483","13","13","13"
"17485","13","13","13"
"17489","13","13","13"
"17490","13","13","13"
"17500","13","13","13"
"17515","13","13","13"
"17518","13","13","13"
"17522","13","13","13"
"17523","13","13","13"
"17528","13","13","13"
"17536","13","13","13"
"17541","13","13","13"
"17544","13","13","13"
"17546","13","13","13"
"17549","13","13","13"
"17553","13","13","13"
"17554","13","13","13"
"17566","13","13","13"
"17568","13","13","13"
"17571","13","13","13"
"17572","13","13","13"
"17582","13","13","13"
"17584","13","13","13"
"17587","13","13","13"
"17595","13","13","13"
"17600","13","13","13"
"17601","13","13","13"
"17609","13","13","13"
"17618","13","13","13"
"17621","13","13","13"
"17634","13","13","13"
"17639","13","13","13"
"17647","13","13","13"
"17650","13","13","13"
"17652","13","13","13"
"17654","13","13","13"
"17658","13","13","13"
"17660","13","13","13"
"17662","13","13","13"
"17665","13","13","13"
"17668","13","13","13"
"17673","13","13","13"
"17678","13","13","13"
"17683","13","13","13"
"17685","13","13","13"
"17689","13","13","13"
"17690","13","13","13"
"17695","13","13","13"
"17699","13","13","13"
"17702","13","13","13"
"17707","13","13","13"
"17715","13","13","13"
"17719","13","13","13"
"17724","13","13","13"
"17727","13","13","13"
"17734","13","13","13"
"17735","13","13","13"
"17738","13","13","13"
"17742","13","13","13"
"17749","13","13","13"
"17750","13","13","13"
"17757","13","13","13"
"17761","13","13","13"
"17763","13","13","13"
"17765","13","13","13"
"17766","13","13","13"
"17768","13","13","13"
"17777","13","13","13"
"17779","13","13","13"
"17782","13","13","13"
"17785","13","13","13"
"17786","13","13","13"
"17790","13","13","13"
"17792","13","13","13"
"17796","13","13","13"
"17798","13","13","13"
"17799","13","13","13"
"17807","13","13","13"
"17810","13","13","13"
"17820","13","13","13"
"17825","13","13","13"
"17836","13","13","13"
"17841","13","13","13"
"17845","13","13","13"
"17855","13","13","13"
"17858","13","13","13"
"17862","13","13","13"
"17866","13","13","13"
"17871","13","13","13"
"17874","13","13","13"
"17878","13","13","13"
"17884","13","13","13"
"17888","13","13","13"
"17899","13","13","13"
"17904","13","13","13"
"17916","13","13","13"
"17926","13","13","13"
"17934","13","13","13"
"17945","13","13","13"
"17950","13","13","13"
"17953","13","13","13"
"17954","13","13","13"
"17962","13","13","13"
"17963","13","13","13"
"17966","13","13","13"
"17975","13","13","13"
"17976","13","13","13"
"17982","13","13","13"
"17986","13","13","13"
"17988","13","13","13"
"17991","13","13","13"
"17995","13","13","13"
"17999","13","13","13"
"18001","13","13","13"
"18007","13","13","13"
"18013","13","13","13"
"18023","13","13","13"
"18027","13","13","13"
"18034","13","13","13"
"18037","13","13","13"
"18046","13","13","13"
"18051","13","13","13"
"18054","13","13","13"
"18055","13","13","13"
"18060","13","13","13"
"18062","13","13","13"
"18068","13","13","13"
"18069","13","13","13"
"18076","13","13","13"
"18086","13","13","13"
"18091","13","13","13"
"18092","13","13","13"
"18094","13","13","13"
"18102","13","13","13"
"18103","13","13","13"
"18108","13","13","13"
"18109","13","13","13"
"18117","13","13","13"
"18118","13","13","13"
"18119","13","13","13"
"18121","13","13","13"
"18122","13","13","13"
"18126","13","13","13"
"18136","13","13","13"
"18137","13","13","13"
"18141","13","13","13"
"18144","13","13","13"
"18145","13","13","13"
"18159","13","13","13"
"18161","13","13","13"
"18162","13","13","13"
"18163","13","13","13"
"18171","13","13","13"
"18173","13","13","13"
"18177","13","13","13"
"18181","13","13","13"
"18182","13","13","13"
"18185","13","13","13"
"18192","13","13","13"
"18193","13","13","13"
"18203","13","13","13"
"18205","13","13","13"
"18217","13","13","13"
"18218","13","13","13"
"18236","13","13","13"
"18247","13","13","13"
"18254","13","13","13"
"18260","13","13","13"
"18262","13","13","13"
"18265","13","13","13"
"18275","13","13","13"
"18277","13","13","13"
"18279","13","13","13"
"18281","13","13","13"
"18294","13","13","13"
"18308","13","13","13"
"18312","13","13","13"
"18319","13","13","13"
"18322","13","13","13"
"18329","13","13","13"
"18330","13","13","13"
"18332","13","13","13"
"18334","13","13","13"
"18337","13","13","13"
"18347","13","13","13"
"18351","13","13","13"
"18363","13","13","13"
"18364","13","13","13"
"18365","13","13","13"
"18370","13","13","13"
"18373","13","13","13"
"18385","13","13","13"
"18388","13","13","13"
"18391","13","13","13"
"18397","13","13","13"
"18405","13","13","13"
"18409","13","13","13"
"18413","13","13","13"
"18415","13","13","13"
"18416","13","13","13"
"18423","13","13","13"
"18431","13","13","13"
"18432","13","13","13"
"18436","13","13","13"
"18437","13","13","13"
"18442","13","13","13"
"18447","13","13","13"
"18450","13","13","13"
"18451","13","13","13"
"18452","13","13","13"
"18453","13","13","13"
"18454","13","13","13"
"18456","13","13","13"
"18459","13","13","13"
"18466","13","13","13"
"18471","13","13","13"
"18477","13","13","13"
"18479","13","13","13"
"18483","13","13","13"
"18487","13","13","13"
"18489","13","13","13"
"18494","13","13","13"
"18500","13","13","13"
"18503","13","13","13"
"18507","13","13","13"
"18521","13","13","13"
"18522","13","13","13"
"18531","13","13","13"
"18532","13","13","13"
"18533","13","13","13"
"18536","13","13","13"
"18542","13","13","13"
"18550","13","13","13"
"18551","13","13","13"
"18571","13","13","13"
"18577","13","13","13"
"18581","13","13","13"
"18584","13","13","13"
"18585","13","13","13"
"18588","13","13","13"
"18590","13","13","13"
"18594","13","13","13"
"18611","13","13","13"
"18613","13","13","13"
"18620","13","13","13"
"18635","13","13","13"
"18637","13","13","13"
"18648","13","13","13"
"18651","13","13","13"
"18653","13","13","13"
"18657","13","13","13"
"18664","13","13","13"
"18667","13","13","13"
"18668","13","13","13"
"18669","13","13","13"
"18670","13","13","13"
"18672","13","13","13"
"18673","13","13","13"
"18678","13","13","13"
"18685","13","13","13"
"18689","13","13","13"
"18692","13","13","13"
"18705","13","13","13"
"18711","13","13","13"
"18717","13","13","13"
"18722","13","13","13"
"18734","13","13","13"
"18740","13","13","13"
"18743","13","13","13"
"18755","13","13","13"
"18763","13","13","13"
"18769","13","13","13"
"18776","13","13","13"
"18780","13","13","13"
"18781","13","13","13"
"18793","13","13","13"
"18796","13","13","13"
"18799","13","13","13"
"18800","13","13","13"
"18803","13","13","13"
"18806","13","13","13"
"18811","13","13","13"
"18818","13","13","13"
"18820","13","13","13"
"18821","13","13","13"
"18825","13","13","13"
"18826","13","13","13"
"18841","13","13","13"
"18844","13","13","13"
"18849","13","13","13"
"18864","13","13","13"
"18865","13","13","13"
"18870","13","13","13"
"18872","13","13","13"
"18874","13","13","13"
"18876","13","13","13"
"18878","13","13","13"
"18879","13","13","13"
"18883","13","13","13"
"18888","13","13","13"
"18891","13","13","13"
"18894","13","13","13"
"18898","13","13","13"
"18904","13","13","13"
"18909","13","13","13"
"18913","13","13","13"
"18918","13","13","13"
"18920","13","13","13"
"18923","13","13","13"
"18925","13","13","13"
"18926","13","13","13"
"18934","13","13","13"
"18935","13","13","13"
"18938","13","13","13"
"18946","13","13","13"
"18949","13","13","13"
"18950","13","13","13"
"18951","13","13","13"
"18975","13","13","13"
"18976","13","13","13"
"18983","13","13","13"
"18984","13","13","13"
"18985","13","13","13"
"18987","13","13","13"
"18990","13","13","13"
"18996","13","13","13"
"19003","13","13","13"
"19006","13","13","13"
"19007","13","13","13"
"19010","13","13","13"
"19026","13","13","13"
"19027","13","13","13"
"19032","13","13","13"
"19040","13","13","13"
"19042","13","13","13"
"19044","13","13","13"
"19046","13","13","13"
"19051","13","13","13"
"19062","13","13","13"
"19069","13","13","13"
"19073","13","13","13"
"19076","13","13","13"
"19080","13","13","13"
"19087","13","13","13"
"19093","13","13","13"
"19095","13","13","13"
"19109","13","13","13"
"19111","13","13","13"
"19115","13","13","13"
"19116","13","13","13"
"19125","13","13","13"
"19126","13","13","13"
"19136","13","13","13"
"19139","13","13","13"
"19140","13","13","13"
"19148","13","13","13"
"19167","13","13","13"
"19168","13","13","13"
"19170","13","13","13"
"19177","13","13","13"
"19180","13","13","13"
"19197","13","13","13"
"19199","13","13","13"
"19201","13","13","13"
"19208","13","13","13"
"19210","13","13","13"
"19216","13","13","13"
"19222","13","13","13"
"19225","13","13","13"
"19230","13","13","13"
"19234","13","13","13"
"19236","13","13","13"
"19251","13","13","13"
"19256","13","13","13"
"19258","13","13","13"
"19261","13","13","13"
"19263","13","13","13"
"19266","13","13","13"
"19269","13","13","13"
"19281","13","13","13"
"19289","13","13","13"
"19290","13","13","13"
"19296","13","13","13"
"19297","13","13","13"
"19300","13","13","13"
"19313","13","13","13"
"19320","13","13","13"
"19326","13","13","13"
"19350","13","13","13"
"19359","13","13","13"
"19371","13","13","13"
"19377","13","13","13"
"19381","13","13","13"
"19388","13","13","13"
"19389","13","13","13"
"19396","13","13","13"
"19402","13","13","13"
"19405","13","13","13"
"19408","13","13","13"
"19411","13","13","13"
"19414","13","13","13"
"19416","13","13","13"
"19423","13","13","13"
"19435","13","13","13"
"19436","13","13","13"
"19446","13","13","13"
"19450","13","13","13"
"19460","13","13","13"
"19464","13","13","13"
"19471","13","13","13"
"19478","13","13","13"
"19481","13","13","13"
"19485","13","13","13"
"19486","13","13","13"
"19489","13","13","13"
"19494","13","13","13"
"19499","13","13","13"
"19500","13","13","13"
"19502","13","13","13"
"19507","13","13","13"
"19510","13","13","13"
"19511","13","13","13"
"19516","13","13","13"
"19518","13","13","13"
"19521","13","13","13"
"19525","13","13","13"
"19529","13","13","13"
"19534","13","13","13"
"19545","13","13","13"
"19546","13","13","13"
"19548","13","13","13"
"19557","13","13","13"
"19564","13","13","13"
"19567","13","13","13"
"19570","13","13","13"
"19572","13","13","13"
"19573","13","13","13"
"19581","13","13","13"
"19582","13","13","13"
"19585","13","13","13"
"19592","13","13","13"
"19594","13","13","13"
"19595","13","13","13"
"19602","13","13","13"
"19603","13","13","13"
"19604","13","13","13"
"19618","13","13","13"
"19620","13","13","13"
"19627","13","13","13"
"19634","13","13","13"
"19650","13","13","13"
"19653","13","13","13"
"19654","13","13","13"
"19659","13","13","13"
"19660","13","13","13"
"19673","13","13","13"
"19676","13","13","13"
"19680","13","13","13"
"19681","13","13","13"
"19683","13","13","13"
"19686","13","13","13"
"19695","13","13","13"
"19696","13","13","13"
"19704","13","13","13"
"19709","13","13","13"
"19711","13","13","13"
"19712","13","13","13"
"19715","13","13","13"
"19716","13","13","13"
"19718","13","13","13"
"19719","13","13","13"
"19725","13","13","13"
"19740","13","13","13"
"19752","13","13","13"
"19758","13","13","13"
"19761","13","13","13"
"19763","13","13","13"
"19768","13","13","13"
"19771","13","13","13"
"19774","13","13","13"
"19777","13","13","13"
"19784","13","13","13"
"19787","13","13","13"
"19789","13","13","13"
"19805","13","13","13"
"19809","13","13","13"
"19836","13","13","13"
"19838","13","13","13"
"19839","13","13","13"
"19841","13","13","13"
"19843","13","13","13"
"19864","13","13","13"
"19865","13","13","13"
"19868","13","13","13"
"19878","13","13","13"
"19879","13","13","13"
"19880","13","13","13"
"19883","13","13","13"
"19888","13","13","13"
"19891","13","13","13"
"19899","13","13","13"
"19900","13","13","13"
"19901","13","13","13"
"19906","13","13","13"
"19909","13","13","13"
"19911","13","13","13"
"19912","13","13","13"
"19916","13","13","13"
"19918","13","13","13"
"19921","13","13","13"
"19924","13","13","13"
"19929","13","13","13"
"19931","13","13","13"
"19934","13","13","13"
"19935","13","13","13"
"19937","13","13","13"
"19938","13","13","13"
"19939","13","13","13"
"19943","13","13","13"
"19946","13","13","13"
"19950","13","13","13"
"19973","13","13","13"
"19981","13","13","13"
"19986","13","13","13"
"19988","13","13","13"
"19992","13","13","13"
"20001","13","13","13"
"20010","14","14","14"
"20011","14","14","14"
"20014","14","14","14"
"20018","14","14","14"
"20019","14","14","14"
"20026","14","14","14"
"20027","14","14","14"
"20029","14","14","14"
"20032","14","14","14"
"20033","14","14","14"
"20041","14","14","14"
"20043","14","14","14"
"20044","14","14","14"
"20046","14","14","14"
"20054","14","14","14"
"20062","14","14","14"
"20066","14","14","14"
"20069","14","14","14"
"20072","14","14","14"
"20079","14","14","14"
"20088","14","14","14"
"20092","14","14","14"
"20101","14","14","14"
"20115","14","14","14"
"20118","14","14","14"
"20120","14","14","14"
"20122","14","14","14"
"20129","14","14","14"
"20130","14","14","14"
"20131","14","14","14"
"20135","14","14","14"
"20137","14","14","14"
"20153","14","14","14"
"20156","14","14","14"
"20157","14","14","14"
"20166","14","14","14"
"20169","14","14","14"
"20170","14","14","14"
"20171","14","14","14"
"20178","14","14","14"
"20179","14","14","14"
"20184","14","14","14"
"20192","14","14","14"
"20199","14","14","14"
"20205","14","14","14"
"20208","14","14","14"
"20209","14","14","14"
"20213","14","14","14"
"20231","14","14","14"
"20232","14","14","14"
"20233","14","14","14"
"20239","14","14","14"
"20241","14","14","14"
"20249","14","14","14"
"20252","14","14","14"
"20253","14","14","14"
"20257","14","14","14"
"20259","14","14","14"
"20265","14","14","14"
"20266","14","14","14"
"20271","14","14","14"
"20273","14","14","14"
"20277","14","14","14"
"20278","14","14","14"
"20280","14","14","14"
"20285","14","14","14"
"20290","14","14","14"
"20297","14","14","14"
"20302","14","14","14"
"20305","14","14","14"
"20311","14","14","14"
"20315","14","14","14"
"20317","14","14","14"
"20337","14","14","14"
"20338","14","14","14"
"20345","14","14","14"
"20349","14","14","14"
"20350","14","14","14"
"20355","14","14","14"
"20372","14","14","14"
"20373","14","14","14"
"20381","14","14","14"
"20384","14","14","14"
"20385","14","14","14"
"20386","14","14","14"
"20387","14","14","14"
"20390","14","14","14"
"20392","14","14","14"
"20393","14","14","14"
"20397","14","14","14"
"20399","14","14","14"
"20401","14","14","14"
"20407","14","14","14"
"20411","14","14","14"
"20416","14","14","14"
"20421","14","14","14"
"20423","14","14","14"
"20425","14","14","14"
"20434","14","14","14"
"20435","14","14","14"
"20437","14","14","14"
"20442","14","14","14"
"20452","14","14","14"
"20454","14","14","14"
"20459","14","14","14"
"20462","14","14","14"
"20463","14","14","14"
"20484","14","14","14"
"20491","14","14","14"
"20494","14","14","14"
"20515","14","14","14"
"20525","14","14","14"
"20535","14","14","14"
"20539","14","14","14"
"20548","14","14","14"
"20554","14","14","14"
"20557","14","14","14"
"20568","14","14","14"
"20569","14","14","14"
"20574","14","14","14"
"20577","14","14","14"
"20579","14","14","14"
"20586","14","14","14"
"20587","14","14","14"
"20588","14","14","14"
"20596","14","14","14"
"20597","14","14","14"
"20602","14","14","14"
"20607","14","14","14"
"20609","14","14","14"
"20616","14","14","14"
"20618","14","14","14"
"20621","14","14","14"
"20627","14","14","14"
"20628","14","14","14"
"20633","14","14","14"
"20652","14","14","14"
"20655","14","14","14"
"20659","14","14","14"
"20667","14","14","14"
"20668","14","14","14"
"20683","14","14","14"
"20693","14","14","14"
"20695","14","14","14"
"20706","14","14","14"
"20708","14","14","14"
"20709","14","14","14"
"20713","14","14","14"
"20721","14","14","14"
"20723","14","14","14"
"20725","14","14","14"
"20731","14","14","14"
"20748","14","14","14"
"20756","14","14","14"
"20763","14","14","14"
"20765","14","14","14"
"20766","14","14","14"
"20772","14","14","14"
"20774","14","14","14"
"20781","14","14","14"
"20792","14","14","14"
"20795","14","14","14"
"20797","14","14","14"
"20814","14","14","14"
"20817","14","14","14"
"20820","14","14","14"
"20828","14","14","14"
"20831","14","14","14"
"20833","14","14","14"
"20835","14","14","14"
"20840","14","14","14"
"20847","14","14","14"
"20851","14","14","14"
"20853","14","14","14"
"20854","14","14","14"
"20855","14","14","14"
"20858","14","14","14"
"20865","14","14","14"
"20868","14","14","14"
"20872","14","14","14"
"20873","14","14","14"
"20891","14","14","14"
"20893","14","14","14"
"20895","14","14","14"
"20896","14","14","14"
"20926","14","14","14"
"20930","14","14","14"
"20944","14","14","14"
"20946","14","14","14"
"20950","14","14","14"
"20959","14","14","14"
"20971","14","14","14"
"20973","14","14","14"
"20978","14","14","14"
"20982","14","14","14"
"20984","14","14","14"
"20987","14","14","14"
"20993","14","14","14"
"20995","14","14","14"
"21001","14","14","14"
"21006","14","14","14"
"21018","14","14","14"
"21019","14","14","14"
"21022","14","14","14"
"21047","14","14","14"
"21048","14","14","14"
"21051","14","14","14"
"21056","14","14","14"
"21059","14","14","14"
"21060","14","14","14"
"21061","14","14","14"
"21069","14","14","14"
"21071","14","14","14"
"21075","14","14","14"
"21077","14","14","14"
"21079","14","14","14"
"21083","14","14","14"
"21084","14","14","14"
"21089","14","14","14"
"21092","14","14","14"
"21093","14","14","14"
"21096","14","14","14"
"21098","14","14","14"
"21102","14","14","14"
"21115","14","14","14"
"21116","14","14","14"
"21118","14","14","14"
"21123","14","14","14"
"21128","14","14","14"
"21140","14","14","14"
"21141","14","14","14"
"21144","14","14","14"
"21149","14","14","14"
"21152","14","14","14"
"21155","14","14","14"
"21157","14","14","14"
"21160","14","14","14"
"21164","14","14","14"
"21194","14","14","14"
"21198","14","14","14"
"21201","14","14","14"
"21207","14","14","14"
"21218","14","14","14"
"21226","14","14","14"
"21230","14","14","14"
"21243","14","14","14"
"21254","14","14","14"
"21256","14","14","14"
"21268","14","14","14"
"21271","14","14","14"
"21274","14","14","14"
"21276","14","14","14"
"21278","14","14","14"
"21279","14","14","14"
"21284","14","14","14"
"21290","14","14","14"
"21298","14","14","14"
"21305","14","14","14"
"21306","14","14","14"
"21311","14","14","14"
"21312","14","14","14"
"21314","14","14","14"
"21324","14","14","14"
"21327","14","14","14"
"21338","14","14","14"
"21341","14","14","14"
"21351","14","14","14"
"21352","14","14","14"
"21355","14","14","14"
"21356","14","14","14"
"21357","14","14","14"
"21363","14","14","14"
"21364","14","14","14"
"21370","14","14","14"
"21382","14","14","14"
"21383","14","14","14"
"21392","14","14","14"
"21395","14","14","14"
"21404","14","14","14"
"21410","14","14","14"
"21414","14","14","14"
"21429","14","14","14"
"21435","14","14","14"
"21441","14","14","14"
"21444","14","14","14"
"21447","14","14","14"
"21449","14","14","14"
"21459","14","14","14"
"21472","14","14","14"
"21474","14","14","14"
"21487","14","14","14"
"21491","14","14","14"
"21493","14","14","14"
"21495","14","14","14"
"21500","14","14","14"
"21504","14","14","14"
"21505","14","14","14"
"21513","14","14","14"
"21522","14","14","14"
"21530","14","14","14"
"21546","14","14","14"
"21547","14","14","14"
"21549","14","14","14"
"21565","14","14","14"
"21573","14","14","14"
"21574","14","14","14"
"21582","14","14","14"
"21587","14","14","14"
"21588","14","14","14"
"21590","14","14","14"
"21593","14","14","14"
"21594","14","14","14"
"21597","14","14","14"
"21598","14","14","14"
"21603","14","14","14"
"21614","14","14","14"
"21621","14","14","14"
"21622","14","14","14"
"21625","14","14","14"
"21630","14","14","14"
"21639","14","14","14"
"21641","14","14","14"
"21651","14","14","14"
"21657","14","14","14"
"21658","14","14","14"
"21664","14","14","14"
"21666","14","14","14"
"21667","14","14","14"
"21684","14","14","14"
"21693","14","14","14"
"21698","14","14","14"
"21703","14","14","14"
"21708","14","14","14"
"21714","14","14","14"
"21716","14","14","14"
"21723","14","14","14"
"21729","14","14","14"
"21730","14","14","14"
"21737","14","14","14"
"21740","14","14","14"
"21747","14","14","14"
"21748","14","14","14"
"21757","14","14","14"
"21765","14","14","14"
"21770","14","14","14"
"21774","14","14","14"
"21778","14","14","14"
"21784","14","14","14"
"21788","14","14","14"
"21801","14","14","14"
"21806","14","14","14"
"21809","14","14","14"
"21812","14","14","14"
"21816","14","14","14"
"21820","14","14","14"
"21829","14","14","14"
"21831","14","14","14"
"21853","14","14","14"
"21856","14","14","14"
"21861","14","14","14"
"21866","14","14","14"
"21876","14","14","14"
"21880","14","14","14"
"21881","14","14","14"
"21882","14","14","14"
"21887","14","14","14"
"21889","14","14","14"
"21890","14","14","14"
"21892","14","14","14"
"21893","14","14","14"
"21895","14","14","14"
"21898","14","14","14"
"21901","14","14","14"
"21907","14","14","14"
"21915","14","14","14"
"21920","14","14","14"
"21923","14","14","14"
"21925","14","14","14"
"21937","14","14","14"
"21947","14","14","14"
"21950","14","14","14"
"21953","14","14","14"
"21955","14","14","14"
"21962","14","14","14"
"21970","14","14","14"
"21971","14","14","14"
"21976","14","14","14"
"21985","14","14","14"
"21986","14","14","14"
"21988","14","14","14"
"22003","14","14","14"
"22005","14","14","14"
"22006","14","14","14"
"22011","14","14","14"
"22022","14","14","14"
"22023","14","14","14"
"22024","14","14","14"
"22026","14","14","14"
"22028","14","14","14"
"22033","14","14","14"
"22060","14","14","14"
"22064","14","14","14"
"22065","14","14","14"
"22076","14","14","14"
"22081","14","14","14"
"22087","14","14","14"
"22088","14","14","14"
"22089","14","14","14"
"22091","14","14","14"
"22106","14","14","14"
"22108","14","14","14"
"22117","14","14","14"
"22118","14","14","14"
"22120","14","14","14"
"22133","14","14","14"
"22134","14","14","14"
"22141","14","14","14"
"22145","14","14","14"
"22152","14","14","14"
"22153","14","14","14"
"22160","14","14","14"
"22173","14","14","14"
"22177","14","14","14"
"22183","14","14","14"
"22191","14","14","14"
"22194","14","14","14"
"22195","14","14","14"
"22197","14","14","14"
"22205","14","14","14"
"22208","14","14","14"
"22216","14","14","14"
"22218","14","14","14"
"22228","14","14","14"
"22229","14","14","14"
"22238","14","14","14"
"22245","14","14","14"
"22256","14","14","14"
"22269","14","14","14"
"22272","14","14","14"
"22284","14","14","14"
"22285","14","14","14"
"22288","14","14","14"
"22289","14","14","14"
"22291","14","14","14"
"22301","14","14","14"
"22309","14","14","14"
"22312","14","14","14"
"22317","14","14","14"
"22318","14","14","14"
"22321","14","14","14"
"22335","14","14","14"
"22337","14","14","14"
"22340","14","14","14"
"22345","14","14","14"
"22352","14","14","14"
"22358","14","14","14"
"22361","14","14","14"
"22365","14","14","14"
"22375","14","14","14"
"22379","14","14","14"
"22384","14","14","14"
"22387","14","14","14"
"22388","14","14","14"
"22392","14","14","14"
"22393","14","14","14"
"22401","14","14","14"
"22406","14","14","14"
"22427","14","14","14"
"22429","14","14","14"
"22431","14","14","14"
"22433","14","14","14"
"22447","14","14","14"
"22452","14","14","14"
"22467","14","14","14"
"22481","14","14","14"
"22486","14","14","14"
"22487","14","14","14"
"22493","14","14","14"
"22502","14","14","14"
"22511","14","14","14"
"22514","14","14","14"
"22515","14","14","14"
"22524","14","14","14"
"22527","14","14","14"
"22531","14","14","14"
"22535","14","14","14"
"22536","14","14","14"
"22538","14","14","14"
"22544","14","14","14"
"22552","14","14","14"
"22566","14","14","14"
"22574","14","14","14"
"22578","14","14","14"
"22581","14","14","14"
"22594","14","14","14"
"22598","14","14","14"
"22599","14","14","14"
"22600","14","14","14"
"22608","14","14","14"
"22615","14","14","14"
"22618","14","14","14"
"22632","14","14","14"
"22635","14","14","14"
"22644","14","14","14"
"22645","14","14","14"
"22647","14","14","14"
"22649","14","14","14"
"22651","14","14","14"
"22661","14","14","14"
"22667","14","14","14"
"22670","14","14","14"
"22678","14","14","14"
"22683","14","14","14"
"22689","14","14","14"
"22694","14","14","14"
"22705","14","14","14"
"22712","14","14","14"
"22714","14","14","14"
"22716","14","14","14"
"22718","14","14","14"
"22724","14","14","14"
"22729","14","14","14"
"22730","14","14","14"
"22736","14","14","14"
"22747","14","14","14"
"22759","14","14","14"
"22772","14","14","14"
"22781","14","14","14"
"22790","14","14","14"
"22803","14","14","14"
"22807","14","14","14"
"22814","14","14","14"
"22815","14","14","14"
"22817","14","14","14"
"22819","14","14","14"
"22820","14","14","14"
"22821","14","14","14"
"22825","14","14","14"
"22827","14","14","14"
"22833","14","14","14"
"22836","14","14","14"
"22838","14","14","14"
"22844","14","14","14"
"22847","14","14","14"
"22849","14","14","14"
"22852","14","14","14"
"22853","14","14","14"
"22862","14","14","14"
"22866","14","14","14"
"22867","14","14","14"
"22869","14","14","14"
"22870","14","14","14"
"22880","14","14","14"
"22886","14","14","14"
"22891","14","14","14"
"22892","14","14","14"
"22893","14","14","14"
"22897","14","14","14"
"22900","14","14","14"
"22901","14","14","14"
"22917","14","14","14"
"22924","14","14","14"
"22927","14","14","14"
"22931","14","14","14"
"22936","14","14","14"
"22946","14","14","14"
"22955","14","14","14"
"22957","14","14","14"
"22959","14","14","14"
"22960","14","14","14"
"22961","14","14","14"
"22966","14","14","14"
"22967","14","14","14"
"22972","14","14","14"
"22974","14","14","14"
"22976","14","14","14"
"22978","14","14","14"
"22988","14","14","14"
"22994","14","14","14"
"23000","14","14","14"
"23001","14","14","14"
"23003","14","14","14"
"23005","14","14","14"
"23006","14","14","14"
"23010","14","14","14"
"23011","14","14","14"
"23012","14","14","14"
"23014","14","14","14"
"23018","14","14","14"
"23020","14","14","14"
"23021","14","14","14"
"23024","14","14","14"
"23031","14","14","14"
"23034","14","14","14"
"23036","14","14","14"
"23043","14","14","14"
"23046","14","14","14"
"23048","14","14","14"
"23055","14","14","14"
"23056","14","14","14"
"23067","14","14","14"
"23074","14","14","14"
"23077","14","14","14"
"23080","14","14","14"
"23084","14","14","14"
"23087","14","14","14"
"23090","14","14","14"
"23091","14","14","14"
"23106","14","14","14"
"23110","14","14","14"
"23120","14","14","14"
"23125","14","14","14"
"23132","14","14","14"
"23136","14","14","14"
"23139","14","14","14"
"23142","14","14","14"
"23143","14","14","14"
"23150","14","14","14"
"23154","14","14","14"
"23159","14","14","14"
"23163","14","14","14"
"23165","14","14","14"
"23171","14","14","14"
"23176","14","14","14"
"23179","14","14","14"
"23182","14","14","14"
"23189","14","14","14"
"23195","14","14","14"
"23207","14","14","14"
"23215","14","14","14"
"23224","14","14","14"
"23226","14","14","14"
"23227","14","14","14"
"23231","14","14","14"
"23232","14","14","14"
"23236","14","14","14"
"23238","14","14","14"
"23246","14","14","14"
"23260","14","14","14"
"23263","14","14","14"
"23277","14","14","14"
"23278","14","14","14"
"23285","14","14","14"
"23286","14","14","14"
"23295","14","14","14"
"23300","14","14","14"
"23303","14","14","14"
"23304","14","14","14"
"23308","14","14","14"
"23309","14","14","14"
"23323","14","14","14"
"23325","14","14","14"
"23326","14","14","14"
"23329","14","14","14"
"23332","14","14","14"
"23335","14","14","14"
"23337","14","14","14"
"23342","14","14","14"
"23346","14","14","14"
"23347","14","14","14"
"23348","14","14","14"
"23356","14","14","14"
"23364","14","14","14"
"23376","14","14","14"
"23385","14","14","14"
"23402","14","14","14"
"23410","14","14","14"
"23411","14","14","14"
"23414","14","14","14"
"23419","14","14","14"
"23421","14","14","14"
"23425","14","14","14"
"23430","14","14","14"
"23434","14","14","14"
"23435","14","14","14"
"23437","14","14","14"
"23442","14","14","14"
"23443","14","14","14"
"23450","14","14","14"
"23455","14","14","14"
"23461","14","14","14"
"23462","14","14","14"
"23463","14","14","14"
"23468","14","14","14"
"23474","14","14","14"
"23477","14","14","14"
"23479","14","14","14"
"23480","14","14","14"
"23482","14","14","14"
"23498","14","14","14"
"23502","14","14","14"
"23509","14","14","14"
"23514","14","14","14"
"23521","14","14","14"
"23523","14","14","14"
"23527","14","14","14"
"23533","14","14","14"
"23543","14","14","14"
"23549","14","14","14"
"23554","14","14","14"
"23555","14","14","14"
"23561","14","14","14"
"23574","14","14","14"
"23577","14","14","14"
"23580","14","14","14"
"23586","14","14","14"
"23589","14","14","14"
"23590","14","14","14"
"23591","14","14","14"
"23597","14","14","14"
"23598","14","14","14"
"23602","14","14","14"
"23606","14","14","14"
"23610","14","14","14"
"23611","14","14","14"
"23617","14","14","14"
"23619","14","14","14"
"23620","14","14","14"
"23625","14","14","14"
"23636","14","14","14"
"23645","14","14","14"
"23652","14","14","14"
"23654","14","14","14"
"23655","14","14","14"
"23660","14","14","14"
"23662","14","14","14"
"23664","14","14","14"
"23670","14","14","14"
"23680","14","14","14"
"23699","14","14","14"
"23707","14","14","14"
"23708","14","14","14"
"23712","14","14","14"
"23713","14","14","14"
"23714","14","14","14"
"23725","14","14","14"
"23727","14","14","14"
"23736","14","14","14"
"23737","14","14","14"
"23739","14","14","14"
"23744","14","14","14"
"23747","14","14","14"
"23748","14","14","14"
"23753","14","14","14"
"23755","14","14","14"
"23764","14","14","14"
"23766","14","14","14"
"23770","14","14","14"
"23774","14","14","14"
"23784","14","14","14"
"23796","14","14","14"
"23797","14","14","14"
"23801","14","14","14"
"23803","14","14","14"
"23808","14","14","14"
"23814","14","14","14"
"23815","14","14","14"
"23819","14","14","14"
"23822","14","14","14"
"23824","14","14","14"
"23829","14","14","14"
"23844","14","14","14"
"23850","14","14","14"
"23852","14","14","14"
"23857","14","14","14"
"23858","14","14","14"
"23859","14","14","14"
"23865","14","14","14"
"23873","14","14","14"
"23876","14","14","14"
"23877","14","14","14"
"23880","14","14","14"
"23883","14","14","14"
"23890","14","14","14"
"23894","14","14","14"
"23895","14","14","14"
"23898","14","14","14"
"23903","14","14","14"
"23907","14","14","14"
"23910","14","14","14"
"23913","14","14","14"
"23919","14","14","14"
"23921","14","14","14"
"23922","14","14","14"
"23936","14","14","14"
"23942","14","14","14"
"23945","14","14","14"
"23946","14","14","14"
"23952","14","14","14"
"23961","14","14","14"
"23963","14","14","14"
"23974","14","14","14"
"23985","14","14","14"
"23989","14","14","14"
"23996","14","14","14"
"23997","14","14","14"
"24000","14","14","14"
"24003","14","14","14"
"24015","14","14","14"
"24018","14","14","14"
"24031","14","14","14"
"24032","14","14","14"
"24033","14","14","14"
"24036","14","14","14"
"24037","14","14","14"
"24041","14","14","14"
"24045","14","14","14"
"24047","14","14","14"
"24055","14","14","14"
"24070","14","14","14"
"24078","14","14","14"
"24079","14","14","14"
"24082","14","14","14"
"24087","14","14","14"
"24090","14","14","14"
"24096","14","14","14"
"24100","14","14","14"
"24102","14","14","14"
"24103","14","14","14"
"24105","14","14","14"
"24117","14","14","14"
"24119","14","14","14"
"24120","14","14","14"
"24122","14","14","14"
"24129","14","14","14"
"24130","14","14","14"
"24132","14","14","14"
"24133","14","14","14"
"24139","14","14","14"
"24140","14","14","14"
"24165","14","14","14"
"24166","14","14","14"
"24167","14","14","14"
"24169","14","14","14"
"24171","14","14","14"
"24174","14","14","14"
"24180","14","14","14"
"24181","14","14","14"
"24182","14","14","14"
"24190","14","14","14"
"24194","14","14","14"
"24197","14","14","14"
"24199","14","14","14"
"24203","14","14","14"
"24209","14","14","14"
"24217","14","14","14"
"24223","14","14","14"
"24224","14","14","14"
"24231","14","14","14"
"24240","14","14","14"
"24246","14","14","14"
"24249","14","14","14"
"24252","14","14","14"
"24255","14","14","14"
"24267","14","14","14"
"24275","14","14","14"
"24284","14","14","14"
"24291","14","14","14"
"24295","14","14","14"
"24298","14","14","14"
"24299","14","14","14"
"24312","14","14","14"
"24315","14","14","14"
"24321","14","14","14"
"24326","14","14","14"
"24329","14","14","14"
"24330","14","14","14"
"24331","14","14","14"
"24334","14","14","14"
"24345","14","14","14"
"24348","14","14","14"
"24349","14","14","14"
"24366","14","14","14"
"24372","14","14","14"
"24380","14","14","14"
"24382","14","14","14"
"24384","14","14","14"
"24388","14","14","14"
"24389","14","14","14"
"24391","14","14","14"
"24392","14","14","14"
"24396","14","14","14"
"24397","14","14","14"
"24400","14","14","14"
"24402","14","14","14"
"24404","14","14","14"
"24411","14","14","14"
"24414","14","14","14"
"24416","14","14","14"
"24417","14","14","14"
"24425","14","14","14"
"24428","14","14","14"
"24429","14","14","14"
"24430","14","14","14"
"24431","14","14","14"
"24434","14","14","14"
"24439","14","14","14"
"24443","14","14","14"
"24450","14","14","14"
"24451","14","14","14"
"24454","14","14","14"
"24456","14","14","14"
"24461","14","14","14"
"24463","14","14","14"
"24464","14","14","14"
"24465","14","14","14"
"24471","14","14","14"
"24476","14","14","14"
"24480","14","14","14"
"24481","14","14","14"
"24486","14","14","14"
"24487","14","14","14"
"24488","14","14","14"
"24499","14","14","14"
"24501","14","14","14"
"24504","14","14","14"
"24509","14","14","14"
"24512","14","14","14"
"24518","14","14","14"
"24522","14","14","14"
"24523","14","14","14"
"24533","14","14","14"
"24538","14","14","14"
"24540","14","14","14"
"24544","14","14","14"
"24554","14","14","14"
"24556","14","14","14"
"24558","14","14","14"
"24561","14","14","14"
"24566","14","14","14"
"24573","14","14","14"
"24577","14","14","14"
"24584","14","14","14"
"24585","14","14","14"
"24589","14","14","14"
"24590","14","14","14"
"24592","14","14","14"
"24595","14","14","14"
"24608","14","14","14"
"24614","14","14","14"
"24621","14","14","14"
"24623","14","14","14"
"24628","14","14","14"
"24629","14","14","14"
"24639","14","14","14"
"24641","14","14","14"
"24645","14","14","14"
"24653","14","14","14"
"24654","14","14","14"
"24662","14","14","14"
"24673","14","14","14"
"24678","14","14","14"
"24682","14","14","14"
"24683","14","14","14"
"24685","14","14","14"
"24686","14","14","14"
"24690","14","14","14"
"24695","14","14","14"
"24697","14","14","14"
"24701","14","14","14"
"24709","14","14","14"
"24710","14","14","14"
"24712","14","14","14"
"24715","14","14","14"
"24719","14","14","14"
"24723","14","14","14"
"24735","14","14","14"
"24737","14","14","14"
"24738","14","14","14"
"24740","14","14","14"
"24756","14","14","14"
"24759","14","14","14"
"24762","14","14","14"
"24776","14","14","14"
"24777","14","14","14"
"24779","14","14","14"
"24795","14","14","14"
"24796","14","14","14"
"24802","14","14","14"
"24803","14","14","14"
"24810","14","14","14"
"24811","14","14","14"
"24812","14","14","14"
"24816","14","14","14"
"24817","14","14","14"
"24819","14","14","14"
"24820","14","14","14"
"24831","14","14","14"
"24834","14","14","14"
"24842","14","14","14"
"24843","14","14","14"
"24844","14","14","14"
"24852","14","14","14"
"24859","14","14","14"
"24864","14","14","14"
"24868","14","14","14"
"24871","14","14","14"
"24875","14","14","14"
"24876","14","14","14"
"24880","14","14","14"
"24886","14","14","14"
"24887","14","14","14"
"24890","14","14","14"
"24894","14","14","14"
"24896","14","14","14"
"24897","14","14","14"
"24899","14","14","14"
"24904","14","14","14"
"24907","14","14","14"
"24914","14","14","14"
"24920","14","14","14"
"24926","14","14","14"
"24927","14","14","14"
"24932","14","14","14"
"24934","14","14","14"
"24935","14","14","14"
"24942","14","14","14"
"24960","14","14","14"
"24964","14","14","14"
"24967","14","14","14"
"24970","14","14","14"
"24975","14","14","14"
"24977","14","14","14"
"24988","14","14","14"
"25004","14","14","14"
"25005","14","14","14"
"25006","14","14","14"
"25008","14","14","14"
"25009","14","14","14"
"25016","14","14","14"
"25021","14","14","14"
"25026","14","14","14"
"25027","14","14","14"
"25032","14","14","14"
"25033","14","14","14"
"25035","14","14","14"
"25038","14","14","14"
"25053","14","14","14"
"25055","14","14","14"
"25056","14","14","14"
"25060","14","14","14"
"25062","14","14","14"
"25067","14","14","14"
"25068","14","14","14"
"25070","14","14","14"
"25077","14","14","14"
"25092","14","14","14"
"25096","14","14","14"
"25105","14","14","14"
"25106","14","14","14"
"25114","14","14","14"
"25126","14","14","14"
"25137","14","14","14"
"25140","14","14","14"
"25141","14","14","14"
"25142","14","14","14"
"25145","14","14","14"
"25161","14","14","14"
"25162","14","14","14"
"25168","14","14","14"
"25172","14","14","14"
"25179","14","14","14"
"25180","14","14","14"
"25181","14","14","14"
"25182","14","14","14"
"25183","14","14","14"
"25190","14","14","14"
"25196","14","14","14"
"25203","14","14","14"
"25206","14","14","14"
"25209","14","14","14"
"25213","14","14","14"
"25217","14","14","14"
"25220","14","14","14"
"25224","14","14","14"
"25228","14","14","14"
"25230","14","14","14"
"25231","14","14","14"
"25238","14","14","14"
"25239","14","14","14"
"25247","14","14","14"
"25252","14","14","14"
"25253","14","14","14"
"25258","14","14","14"
"25262","14","14","14"
"25265","14","14","14"
"25277","14","14","14"
"25289","14","14","14"
"25290","14","14","14"
"25300","14","14","14"
"25301","14","14","14"
"25302","14","14","14"
"25304","14","14","14"
"25310","14","14","14"
"25312","14","14","14"
"25317","14","14","14"
"25320","14","14","14"
"25322","14","14","14"
"25330","14","14","14"
"25335","14","14","14"
"25339","14","14","14"
"25340","14","14","14"
"25346","14","14","14"
"25347","14","14","14"
"25349","14","14","14"
"25351","14","14","14"
"25352","14","14","14"
"25358","14","14","14"
"25368","14","14","14"
"25371","14","14","14"
"25374","14","14","14"
"25380","14","14","14"
"25381","14","14","14"
"25386","14","14","14"
"25388","14","14","14"
"25389","14","14","14"
"25391","14","14","14"
"25401","14","14","14"
"25405","14","14","14"
"25409","14","14","14"
"25420","14","14","14"
"25423","14","14","14"
"25432","14","14","14"
"25437","14","14","14"
"25440","14","14","14"
"25447","14","14","14"
"25457","14","14","14"
"25466","14","14","14"
"25468","14","14","14"
"25469","14","14","14"
"25474","14","14","14"
"25479","14","14","14"
"25480","14","14","14"
"25486","14","14","14"
"25494","14","14","14"
"25500","14","14","14"
"25503","14","14","14"
"25504","14","14","14"
"25514","14","14","14"
"25517","14","14","14"
"25523","14","14","14"
"25530","14","14","14"
"25531","14","14","14"
"25536","14","14","14"
"25539","14","14","14"
"25540","14","14","14"
"25543","14","14","14"
"25566","14","14","14"
"25567","14","14","14"
"25568","14","14","14"
"25573","14","14","14"
"25575","14","14","14"
"25580","14","14","14"
"25581","14","14","14"
"25582","14","14","14"
"25591","14","14","14"
"25592","14","14","14"
"25596","14","14","14"
"25597","14","14","14"
"25605","14","14","14"
"25607","14","14","14"
"25614","14","14","14"
"25617","14","14","14"
"25621","14","14","14"
"25626","14","14","14"
"25628","14","14","14"
"25640","14","14","14"
"25646","14","14","14"
"25653","14","14","14"
"25662","14","14","14"
"25670","14","14","14"
"25675","14","14","14"
"25678","14","14","14"
"25679","14","14","14"
"25683","14","14","14"
"25689","14","14","14"
"25693","14","14","14"
"25695","14","14","14"
"25706","14","14","14"
"25710","14","14","14"
"25722","14","14","14"
"25725","14","14","14"
"25727","14","14","14"
"25730","14","14","14"
"25733","14","14","14"
"25734","14","14","14"
"25740","14","14","14"
"25751","14","14","14"
"25757","14","14","14"
"25758","14","14","14"
"25759","14","14","14"
"25764","14","14","14"
"25765","14","14","14"
"25767","14","14","14"
"25768","14","14","14"
"25771","14","14","14"
"25774","14","14","14"
"25775","14","14","14"
"25777","14","14","14"
"25779","14","14","14"
"25781","14","14","14"
"25784","14","14","14"
"25785","14","14","14"
"25791","14","14","14"
"25805","14","14","14"
"25815","14","14","14"
"25822","14","14","14"
"25829","14","14","14"
"25836","14","14","14"
"25839","14","14","14"
"25846","14","14","14"
"25850","14","14","14"
"25858","14","14","14"
"25871","14","14","14"
"25887","14","14","14"
"25890","14","14","14"
"25897","14","14","14"
"25899","14","14","14"
"25906","14","14","14"
"25908","14","14","14"
"25912","14","14","14"
"25914","14","14","14"
"25922","14","14","14"
"25925","14","14","14"
"25926","14","14","14"
"25932","14","14","14"
"25934","14","14","14"
"25938","14","14","14"
"25940","14","14","14"
"25941","14","14","14"
"25943","14","14","14"
"25951","14","14","14"
"25957","14","14","14"
"25958","14","14","14"
"25961","14","14","14"
"25964","14","14","14"
"25965","14","14","14"
"25966","14","14","14"
"25971","14","14","14"
"25981","14","14","14"
"25985","14","14","14"
"25990","14","14","14"
"26016","14","14","14"
"26018","14","14","14"
"26019","14","14","14"
"26029","14","14","14"
"26032","14","14","14"
"26042","14","14","14"
"26044","14","14","14"
"26046","14","14","14"
"26050","14","14","14"
"26053","14","14","14"
"26068","14","14","14"
"26071","14","14","14"
"26075","14","14","14"
"26079","14","14","14"
"26082","14","14","14"
"26084","14","14","14"
"26085","14","14","14"
"26090","14","14","14"
"26094","14","14","14"
"26106","14","14","14"
"26113","14","14","14"
"26114","14","14","14"
"26115","14","14","14"
"26116","14","14","14"
"26118","14","14","14"
"26121","14","14","14"
"26122","14","14","14"
"26129","14","14","14"
"26132","14","14","14"
"26138","14","14","14"
"26144","14","14","14"
"26149","14","14","14"
"26150","14","14","14"
"26154","14","14","14"
"26155","14","14","14"
"26159","14","14","14"
"26164","14","14","14"
"26167","14","14","14"
"26169","14","14","14"
"26178","14","14","14"
"26184","14","14","14"
"26200","14","14","14"
"26210","14","14","14"
"26217","14","14","14"
"26220","14","14","14"
"26223","14","14","14"
"26227","14","14","14"
"26235","14","14","14"
"26239","14","14","14"
"26240","14","14","14"
"26253","14","14","14"
"26260","14","14","14"
"26264","14","14","14"
"26266","14","14","14"
"26267","14","14","14"
"26290","14","14","14"
"26295","14","14","14"
"26298","14","14","14"
"26307","14","14","14"
"26311","14","14","14"
"26317","14","14","14"
"26318","14","14","14"
"26320","14","14","14"
"26321","14","14","14"
"26331","14","14","14"
"26332","14","14","14"
"26333","14","14","14"
"26343","14","14","14"
"26348","14","14","14"
"26357","14","14","14"
"26362","14","14","14"
"26365","14","14","14"
"26366","14","14","14"
"26370","14","14","14"
"26372","14","14","14"
"26376","14","14","14"
"26377","14","14","14"
"26383","14","14","14"
"26387","14","14","14"
"26390","14","14","14"
"26393","14","14","14"
"26398","14","14","14"
"26400","14","14","14"
"26408","14","14","14"
"26411","14","14","14"
"26423","14","14","14"
"26431","14","14","14"
"26444","14","14","14"
"26445","14","14","14"
"26453","14","14","14"
"26464","14","14","14"
"26481","14","14","14"
"26482","14","14","14"
"26483","14","14","14"
"26484","14","14","14"
"26486","14","14","14"
"26490","14","14","14"
"26502","14","14","14"
"26507","14","14","14"
"26510","14","14","14"
"26511","14","14","14"
"26515","14","14","14"
"26521","14","14","14"
"26523","14","14","14"
"26529","14","14","14"
"26533","14","14","14"
"26546","14","14","14"
"26547","14","14","14"
"26557","14","14","14"
"26561","14","14","14"
"26565","14","14","14"
"26569","14","14","14"
"26572","14","14","14"
"26577","14","14","14"
"26578","14","14","14"
"26589","14","14","14"
"26591","14","14","14"
"26598","14","14","14"
"26602","14","14","14"
"26625","14","14","14"
"26626","14","14","14"
"26628","14","14","14"
"26629","14","14","14"
"26635","14","14","14"
"26660","14","14","14"
"26663","14","14","14"
"26669","15","15","15"
"26674","15","15","15"
"26686","15","15","15"
"26691","15","15","15"
"26694","15","15","15"
"26701","15","15","15"
"26708","15","15","15"
"26709","15","15","15"
"26723","15","15","15"
"26737","15","15","15"
"26738","15","15","15"
"26741","15","15","15"
"26752","15","15","15"
"26753","15","15","15"
"26759","15","15","15"
"26762","15","15","15"
"26763","15","15","15"
"26767","15","15","15"
"26768","15","15","15"
"26772","15","15","15"
"26775","15","15","15"
"26777","15","15","15"
"26779","15","15","15"
"26782","15","15","15"
"26786","15","15","15"
"26790","15","15","15"
"26798","15","15","15"
"26799","15","15","15"
"26809","15","15","15"
"26819","15","15","15"
"26821","15","15","15"
"26834","15","15","15"
"26835","15","15","15"
"26837","15","15","15"
"26847","15","15","15"
"26850","15","15","15"
"26862","15","15","15"
"26863","15","15","15"
"26868","15","15","15"
"26877","15","15","15"
"26878","15","15","15"
"26888","15","15","15"
"26891","15","15","15"
"26901","15","15","15"
"26905","15","15","15"
"26911","15","15","15"
"26925","15","15","15"
"26929","15","15","15"
"26934","15","15","15"
"26938","15","15","15"
"26945","15","15","15"
"26951","15","15","15"
"26952","15","15","15"
"26959","15","15","15"
"26960","15","15","15"
"26968","15","15","15"
"26969","15","15","15"
"26973","15","15","15"
"26980","15","15","15"
"26981","15","15","15"
"26983","15","15","15"
"26988","15","15","15"
"26990","15","15","15"
"26993","15","15","15"
"26998","15","15","15"
"27004","15","15","15"
"27005","15","15","15"
"27014","15","15","15"
"27015","15","15","15"
"27033","15","15","15"
"27041","15","15","15"
"27046","15","15","15"
"27058","15","15","15"
"27067","15","15","15"
"27069","15","15","15"
"27070","15","15","15"
"27085","15","15","15"
"27087","15","15","15"
"27093","15","15","15"
"27094","15","15","15"
"27100","15","15","15"
"27104","15","15","15"
"27118","15","15","15"
"27128","15","15","15"
"27132","15","15","15"
"27139","15","15","15"
"27140","15","15","15"
"27142","15","15","15"
"27146","15","15","15"
"27148","15","15","15"
"27160","15","15","15"
"27167","15","15","15"
"27170","15","15","15"
"27180","15","15","15"
"27181","15","15","15"
"27185","15","15","15"
"27188","15","15","15"
"27190","15","15","15"
"27191","15","15","15"
"27192","15","15","15"
"27193","15","15","15"
"27194","15","15","15"
"27196","15","15","15"
"27198","15","15","15"
"27200","15","15","15"
"27201","15","15","15"
"27204","15","15","15"
"27209","15","15","15"
"27214","15","15","15"
"27217","15","15","15"
"27225","15","15","15"
"27227","15","15","15"
"27229","15","15","15"
"27236","15","15","15"
"27240","15","15","15"
"27248","15","15","15"
"27252","15","15","15"
"27255","15","15","15"
"27263","15","15","15"
"27273","15","15","15"
"27274","15","15","15"
"27278","15","15","15"
"27286","15","15","15"
"27287","15","15","15"
"27305","15","15","15"
"27316","15","15","15"
"27318","15","15","15"
"27325","15","15","15"
"27327","15","15","15"
"27332","15","15","15"
"27337","15","15","15"
"27345","15","15","15"
"27347","15","15","15"
"27349","15","15","15"
"27351","15","15","15"
"27367","15","15","15"
"27373","15","15","15"
"27380","15","15","15"
"27392","15","15","15"
"27396","15","15","15"
"27397","15","15","15"
"27401","15","15","15"
"27402","15","15","15"
"27409","15","15","15"
"27415","15","15","15"
"27433","15","15","15"
"27435","15","15","15"
"27436","15","15","15"
"27443","15","15","15"
"27446","15","15","15"
"27449","15","15","15"
"27454","15","15","15"
"27458","15","15","15"
"27464","15","15","15"
"27467","15","15","15"
"27470","15","15","15"
"27473","15","15","15"
"27474","15","15","15"
"27476","15","15","15"
"27477","15","15","15"
"27480","15","15","15"
"27481","15","15","15"
"27487","15","15","15"
"27492","15","15","15"
"27494","15","15","15"
"27506","15","15","15"
"27509","15","15","15"
"27511","15","15","15"
"27513","15","15","15"
"27515","15","15","15"
"27517","15","15","15"
"27518","15","15","15"
"27526","15","15","15"
"27528","15","15","15"
"27531","15","15","15"
"27542","15","15","15"
"27545","15","15","15"
"27547","15","15","15"
"27549","15","15","15"
"27554","15","15","15"
"27556","15","15","15"
"27564","15","15","15"
"27567","15","15","15"
"27569","15","15","15"
"27570","15","15","15"
"27590","15","15","15"
"27591","15","15","15"
"27592","15","15","15"
"27595","15","15","15"
"27596","15","15","15"
"27601","15","15","15"
"27614","15","15","15"
"27618","15","15","15"
"27623","15","15","15"
"27630","15","15","15"
"27631","15","15","15"
"27634","15","15","15"
"27636","15","15","15"
"27640","15","15","15"
"27650","15","15","15"
"27651","15","15","15"
"27652","15","15","15"
"27658","15","15","15"
"27661","15","15","15"
"27663","15","15","15"
"27680","15","15","15"
"27681","15","15","15"
"27683","15","15","15"
"27685","15","15","15"
"27690","15","15","15"
"27702","15","15","15"
"27708","15","15","15"
"27712","15","15","15"
"27713","15","15","15"
"27717","15","15","15"
"27721","15","15","15"
"27728","15","15","15"
"27732","15","15","15"
"27744","15","15","15"
"27745","15","15","15"
"27751","15","15","15"
"27753","15","15","15"
"27754","15","15","15"
"27761","15","15","15"
"27765","15","15","15"
"27770","15","15","15"
"27772","15","15","15"
"27775","15","15","15"
"27782","15","15","15"
"27791","15","15","15"
"27794","15","15","15"
"27799","15","15","15"
"27800","15","15","15"
"27815","15","15","15"
"27821","15","15","15"
"27833","15","15","15"
"27834","15","15","15"
"27840","15","15","15"
"27847","15","15","15"
"27849","15","15","15"
"27864","15","15","15"
"27865","15","15","15"
"27868","15","15","15"
"27870","15","15","15"
"27889","15","15","15"
"27900","15","15","15"
"27908","15","15","15"
"27913","15","15","15"
"27918","15","15","15"
"27919","15","15","15"
"27921","15","15","15"
"27923","15","15","15"
"27926","15","15","15"
"27927","15","15","15"
"27929","15","15","15"
"27931","15","15","15"
"27936","15","15","15"
"27938","15","15","15"
"27946","15","15","15"
"27949","15","15","15"
"27956","15","15","15"
"27965","15","15","15"
"27969","15","15","15"
"27970","15","15","15"
"27971","15","15","15"
"27974","15","15","15"
"27989","15","15","15"
"27993","15","15","15"
"27995","15","15","15"
"27996","15","15","15"
"28001","15","15","15"
"28007","15","15","15"
"28011","15","15","15"
"28015","15","15","15"
"28016","15","15","15"
"28025","15","15","15"
"28030","15","15","15"
"28035","15","15","15"
"28036","15","15","15"
"28048","15","15","15"
"28064","15","15","15"
"28067","15","15","15"
"28070","15","15","15"
"28071","15","15","15"
"28077","15","15","15"
"28078","15","15","15"
"28079","15","15","15"
"28083","15","15","15"
"28084","15","15","15"
"28093","15","15","15"
"28094","15","15","15"
"28099","15","15","15"
"28102","15","15","15"
"28108","15","15","15"
"28113","15","15","15"
"28116","15","15","15"
"28118","15","15","15"
"28127","15","15","15"
"28133","15","15","15"
"28134","15","15","15"
"28157","15","15","15"
"28163","15","15","15"
"28164","15","15","15"
"28166","15","15","15"
"28167","15","15","15"
"28173","15","15","15"
"28174","15","15","15"
"28177","15","15","15"
"28188","15","15","15"
"28194","15","15","15"
"28195","15","15","15"
"28198","15","15","15"
"28199","15","15","15"
"28215","15","15","15"
"28229","15","15","15"
"28232","15","15","15"
"28236","15","15","15"
"28242","15","15","15"
"28244","15","15","15"
"28248","15","15","15"
"28250","15","15","15"
"28251","15","15","15"
"28260","15","15","15"
"28263","15","15","15"
"28268","15","15","15"
"28273","15","15","15"
"28274","15","15","15"
"28286","15","15","15"
"28298","15","15","15"
"28309","15","15","15"
"28332","15","15","15"
"28337","15","15","15"
"28340","15","15","15"
"28345","15","15","15"
"28346","15","15","15"
"28361","15","15","15"
"28362","15","15","15"
"28363","15","15","15"
"28371","15","15","15"
"28372","15","15","15"
"28373","15","15","15"
"28375","15","15","15"
"28378","15","15","15"
"28379","15","15","15"
"28387","15","15","15"
"28394","15","15","15"
"28395","15","15","15"
"28399","15","15","15"
"28404","15","15","15"
"28409","15","15","15"
"28410","15","15","15"
"28414","15","15","15"
"28417","15","15","15"
"28425","15","15","15"
"28426","15","15","15"
"28448","15","15","15"
"28449","15","15","15"
"28451","15","15","15"
"28453","15","15","15"
"28458","15","15","15"
"28460","15","15","15"
"28462","15","15","15"
"28464","15","15","15"
"28470","15","15","15"
"28472","15","15","15"
"28488","15","15","15"
"28505","15","15","15"
"28506","15","15","15"
"28508","15","15","15"
"28514","15","15","15"
"28517","15","15","15"
"28519","15","15","15"
"28527","15","15","15"
"28541","15","15","15"
"28543","15","15","15"
"28545","15","15","15"
"28548","15","15","15"
"28559","15","15","15"
"28565","15","15","15"
"28574","15","15","15"
"28585","15","15","15"
"28586","15","15","15"
"28589","15","15","15"
"28591","15","15","15"
"28592","15","15","15"
"28595","15","15","15"
"28597","15","15","15"
"28599","15","15","15"
"28601","15","15","15"
"28603","15","15","15"
"28606","15","15","15"
"28610","15","15","15"
"28616","15","15","15"
"28618","15","15","15"
"28620","15","15","15"
"28621","15","15","15"
"28628","15","15","15"
"28631","15","15","15"
"28643","15","15","15"
"28644","15","15","15"
"28660","15","15","15"
"28661","15","15","15"
"28665","15","15","15"
"28667","15","15","15"
"28668","15","15","15"
"28672","15","15","15"
"28674","15","15","15"
"28680","15","15","15"
"28681","15","15","15"
"28686","15","15","15"
"28692","15","15","15"
"28694","15","15","15"
"28700","15","15","15"
"28702","15","15","15"
"28706","15","15","15"
"28711","15","15","15"
"28712","15","15","15"
"28716","15","15","15"
"28717","15","15","15"
"28721","15","15","15"
"28731","15","15","15"
"28736","15","15","15"
"28748","15","15","15"
"28750","15","15","15"
"28754","15","15","15"
"28755","15","15","15"
"28760","15","15","15"
"28772","15","15","15"
"28773","15","15","15"
"28790","15","15","15"
"28804","15","15","15"
"28805","15","15","15"
"28806","15","15","15"
"28808","15","15","15"
"28811","15","15","15"
"28812","15","15","15"
"28815","15","15","15"
"28821","15","15","15"
"28825","15","15","15"
"28830","15","15","15"
"28832","15","15","15"
"28843","15","15","15"
"28845","15","15","15"
"28850","15","15","15"
"28851","15","15","15"
"28860","15","15","15"
"28861","15","15","15"
"28865","15","15","15"
"28866","15","15","15"
"28867","15","15","15"
"28871","15","15","15"
"28875","15","15","15"
"28879","15","15","15"
"28881","15","15","15"
"28882","15","15","15"
"28885","15","15","15"
"28892","15","15","15"
"28893","15","15","15"
"28896","15","15","15"
"28898","15","15","15"
"28916","15","15","15"
"28917","15","15","15"
"28922","15","15","15"
"28924","15","15","15"
"28927","15","15","15"
"28932","15","15","15"
"28938","15","15","15"
"28939","15","15","15"
"28941","15","15","15"
"28944","15","15","15"
"28953","15","15","15"
"28965","15","15","15"
"28976","15","15","15"
"28981","15","15","15"
"28983","15","15","15"
"28988","15","15","15"
"28993","15","15","15"
"29001","15","15","15"
"29004","15","15","15"
"29007","15","15","15"
"29011","15","15","15"
"29017","15","15","15"
"29021","15","15","15"
"29022","15","15","15"
"29026","15","15","15"
"29034","15","15","15"
"29036","15","15","15"
"29053","15","15","15"
"29058","15","15","15"
"29059","15","15","15"
"29062","15","15","15"
"29065","15","15","15"
"29067","15","15","15"
"29076","15","15","15"
"29077","15","15","15"
"29082","15","15","15"
"29086","15","15","15"
"29090","15","15","15"
"29096","15","15","15"
"29104","15","15","15"
"29105","15","15","15"
"29110","15","15","15"
"29112","15","15","15"
"29113","15","15","15"
"29117","15","15","15"
"29123","15","15","15"
"29127","15","15","15"
"29132","15","15","15"
"29139","15","15","15"
"29140","15","15","15"
"29152","15","15","15"
"29157","15","15","15"
"29162","15","15","15"
"29171","15","15","15"
"29172","15","15","15"
"29175","15","15","15"
"29176","15","15","15"
"29179","15","15","15"
"29181","15","15","15"
"29183","15","15","15"
"29189","15","15","15"
"29190","15","15","15"
"29191","15","15","15"
"29197","15","15","15"
"29221","15","15","15"
"29224","15","15","15"
"29232","15","15","15"
"29239","15","15","15"
"29241","15","15","15"
"29264","15","15","15"
"29269","15","15","15"
"29272","15","15","15"
"29274","15","15","15"
"29277","15","15","15"
"29279","15","15","15"
"29281","15","15","15"
"29287","15","15","15"
"29293","15","15","15"
"29301","15","15","15"
"29306","15","15","15"
"29308","15","15","15"
"29321","15","15","15"
"29325","15","15","15"
"29327","15","15","15"
"29329","15","15","15"
"29331","15","15","15"
"29335","15","15","15"
"29345","15","15","15"
"29347","15","15","15"
"29349","15","15","15"
"29358","15","15","15"
"29360","15","15","15"
"29382","15","15","15"
"29393","15","15","15"
"29399","15","15","15"
"29401","15","15","15"
"29408","15","15","15"
"29409","15","15","15"
"29412","15","15","15"
"29413","15","15","15"
"29417","15","15","15"
"29418","15","15","15"
"29423","15","15","15"
"29424","15","15","15"
"29427","15","15","15"
"29428","15","15","15"
"29432","15","15","15"
"29455","15","15","15"
"29458","15","15","15"
"29460","15","15","15"
"29461","15","15","15"
"29467","15","15","15"
"29469","15","15","15"
"29472","15","15","15"
"29473","15","15","15"
"29475","15","15","15"
"29478","15","15","15"
"29483","15","15","15"
"29501","15","15","15"
"29505","15","15","15"
"29508","15","15","15"
"29510","15","15","15"
"29516","15","15","15"
"29517","15","15","15"
"29523","15","15","15"
"29538","15","15","15"
"29539","15","15","15"
"29542","15","15","15"
"29545","15","15","15"
"29560","15","15","15"
"29569","15","15","15"
"29574","15","15","15"
"29579","15","15","15"
"29581","15","15","15"
"29582","15","15","15"
"29583","15","15","15"
"29584","15","15","15"
"29585","15","15","15"
"29586","15","15","15"
"29591","15","15","15"
"29593","15","15","15"
"29595","15","15","15"
"29596","15","15","15"
"29598","15","15","15"
"29603","15","15","15"
"29604","15","15","15"
"29605","15","15","15"
"29606","15","15","15"
"29608","15","15","15"
"29609","15","15","15"
"29610","15","15","15"
"29611","15","15","15"
"29621","15","15","15"
"29625","15","15","15"
"29626","15","15","15"
"29629","15","15","15"
"29636","15","15","15"
"29640","15","15","15"
"29642","15","15","15"
"29646","15","15","15"
"29654","15","15","15"
"29661","15","15","15"
"29664","15","15","15"
"29669","15","15","15"
"29678","15","15","15"
"29681","15","15","15"
"29682","15","15","15"
"29689","15","15","15"
"29693","15","15","15"
"29696","15","15","15"
"29705","15","15","15"
"29709","15","15","15"
"29712","15","15","15"
"29713","15","15","15"
"29714","15","15","15"
"29715","15","15","15"
"29721","15","15","15"
"29725","15","15","15"
"29729","15","15","15"
"29731","15","15","15"
"29736","15","15","15"
"29738","15","15","15"
"29750","15","15","15"
"29762","15","15","15"
"29779","15","15","15"
"29781","15","15","15"
"29782","15","15","15"
"29783","15","15","15"
"29784","15","15","15"
"29787","15","15","15"
"29788","15","15","15"
"29796","15","15","15"
"29797","15","15","15"
"29799","15","15","15"
"29807","15","15","15"
"29809","15","15","15"
"29821","15","15","15"
"29822","15","15","15"
"29828","15","15","15"
"29831","15","15","15"
"29833","15","15","15"
"29839","15","15","15"
"29855","15","15","15"
"29881","15","15","15"
"29889","15","15","15"
"29890","15","15","15"
"29891","15","15","15"
"29894","15","15","15"
"29898","15","15","15"
"29904","15","15","15"
"29905","15","15","15"
"29907","15","15","15"
"29919","15","15","15"
"29926","15","15","15"
"29931","15","15","15"
"29933","15","15","15"
"29936","15","15","15"
"29948","15","15","15"
"29953","15","15","15"
"29956","15","15","15"
"29963","15","15","15"
"29966","15","15","15"
"29969","15","15","15"
"29971","15","15","15"
"29981","15","15","15"
"29989","15","15","15"
"29992","15","15","15"
"29996","15","15","15"
"29999","15","15","15"
"30009","15","15","15"
"30030","15","15","15"
"30038","15","15","15"
"30040","15","15","15"
"30052","15","15","15"
"30053","15","15","15"
"30065","15","15","15"
"30069","15","15","15"
"30072","15","15","15"
"30075","15","15","15"
"30078","15","15","15"
"30099","15","15","15"
"30103","15","15","15"
"30104","15","15","15"
"30106","15","15","15"
"30110","15","15","15"
"30111","15","15","15"
"30115","15","15","15"
"30120","15","15","15"
"30124","15","15","15"
"30125","15","15","15"
"30126","15","15","15"
"30129","15","15","15"
"30130","15","15","15"
"30134","15","15","15"
"30138","15","15","15"
"30141","15","15","15"
"30147","15","15","15"
"30154","15","15","15"
"30160","15","15","15"
"30163","15","15","15"
"30176","15","15","15"
"30184","15","15","15"
"30189","15","15","15"
"30191","15","15","15"
"30192","15","15","15"
"30193","15","15","15"
"30197","15","15","15"
"30208","15","15","15"
"30217","15","15","15"
"30218","15","15","15"
"30226","15","15","15"
"30227","15","15","15"
"30229","15","15","15"
"30232","15","15","15"
"30234","15","15","15"
"30250","15","15","15"
"30252","15","15","15"
"30253","15","15","15"
"30254","15","15","15"
"30274","15","15","15"
"30304","15","15","15"
"30308","15","15","15"
"30312","15","15","15"
"30318","15","15","15"
"30320","15","15","15"
"30325","15","15","15"
"30326","15","15","15"
"30330","15","15","15"
"30332","15","15","15"
"30340","15","15","15"
"30341","15","15","15"
"30342","15","15","15"
"30350","15","15","15"
"30354","15","15","15"
"30362","15","15","15"
"30368","15","15","15"
"30371","15","15","15"
"30375","15","15","15"
"30378","15","15","15"
"30379","15","15","15"
"30382","15","15","15"
"30384","15","15","15"
"30390","15","15","15"
"30395","15","15","15"
"30401","15","15","15"
"30402","15","15","15"
"30410","15","15","15"
"30414","15","15","15"
"30418","15","15","15"
"30428","15","15","15"
"30437","15","15","15"
"30452","15","15","15"
"30456","15","15","15"
"30457","15","15","15"
"30459","15","15","15"
"30462","15","15","15"
"30469","15","15","15"
"30477","15","15","15"
"30479","15","15","15"
"30480","15","15","15"
"30492","15","15","15"
"30493","15","15","15"
"30494","15","15","15"
"30501","15","15","15"
"30504","15","15","15"
"30507","15","15","15"
"30511","15","15","15"
"30515","15","15","15"
"30519","15","15","15"
"30523","15","15","15"
"30530","15","15","15"
"30533","15","15","15"
"30535","15","15","15"
"30536","15","15","15"
"30553","15","15","15"
"30558","15","15","15"
"30563","15","15","15"
"30565","15","15","15"
"30568","15","15","15"
"30573","15","15","15"
"30575","15","15","15"
"30580","15","15","15"
"30582","15","15","15"
"30583","15","15","15"
"30586","15","15","15"
"30591","15","15","15"
"30595","15","15","15"
"30598","15","15","15"
"30603","15","15","15"
"30604","15","15","15"
"30606","15","15","15"
"30607","15","15","15"
"30620","15","15","15"
"30624","15","15","15"
"30625","15","15","15"
"30635","15","15","15"
"30640","15","15","15"
"30645","15","15","15"
"30655","15","15","15"
"30658","15","15","15"
"30667","15","15","15"
"30669","15","15","15"
"30671","15","15","15"
"30679","15","15","15"
"30684","15","15","15"
"30690","15","15","15"
"30692","15","15","15"
"30693","15","15","15"
"30698","15","15","15"
"30699","15","15","15"
"30704","15","15","15"
"30705","15","15","15"
"30711","15","15","15"
"30715","15","15","15"
"30718","15","15","15"
"30720","15","15","15"
"30721","15","15","15"
"30725","15","15","15"
"30727","15","15","15"
"30744","15","15","15"
"30746","15","15","15"
"30751","15","15","15"
"30753","15","15","15"
"30755","15","15","15"
"30760","15","15","15"
"30761","15","15","15"
"30773","15","15","15"
"30779","15","15","15"
"30780","15","15","15"
"30788","15","15","15"
"30789","15","15","15"
"30793","15","15","15"
"30798","15","15","15"
"30803","15","15","15"
"30807","15","15","15"
"30814","15","15","15"
"30816","15","15","15"
"30820","15","15","15"
"30826","15","15","15"
"30827","15","15","15"
"30830","15","15","15"
"30832","15","15","15"
"30833","15","15","15"
"30834","15","15","15"
"30836","15","15","15"
"30838","15","15","15"
"30840","15","15","15"
"30843","15","15","15"
"30846","15","15","15"
"30848","15","15","15"
"30850","15","15","15"
"30853","15","15","15"
"30866","15","15","15"
"30869","15","15","15"
"30870","15","15","15"
"30871","15","15","15"
"30873","15","15","15"
"30876","15","15","15"
"30878","15","15","15"
"30880","15","15","15"
"30884","15","15","15"
"30886","15","15","15"
"30888","15","15","15"
"30896","15","15","15"
"30898","15","15","15"
"30907","15","15","15"
"30915","15","15","15"
"30916","15","15","15"
"30918","15","15","15"
"30922","15","15","15"
"30928","15","15","15"
"30929","15","15","15"
"30937","15","15","15"
"30962","15","15","15"
"30972","15","15","15"
"30980","15","15","15"
"30989","15","15","15"
"30990","15","15","15"
"30992","15","15","15"
"30995","15","15","15"
"30996","15","15","15"
"31003","15","15","15"
"31006","15","15","15"
"31007","15","15","15"
"31017","15","15","15"
"31019","15","15","15"
"31023","15","15","15"
"31025","15","15","15"
"31028","15","15","15"
"31038","15","15","15"
"31053","15","15","15"
"31058","15","15","15"
"31067","15","15","15"
"31068","15","15","15"
"31070","15","15","15"
"31079","15","15","15"
"31081","15","15","15"
"31083","15","15","15"
"31089","15","15","15"
"31090","15","15","15"
"31091","15","15","15"
"31098","15","15","15"
"31100","15","15","15"
"31102","15","15","15"
"31109","15","15","15"
"31126","15","15","15"
"31127","15","15","15"
"31131","15","15","15"
"31135","15","15","15"
"31139","15","15","15"
"31141","15","15","15"
"31142","15","15","15"
"31146","15","15","15"
"31147","15","15","15"
"31148","15","15","15"
"31153","15","15","15"
"31159","15","15","15"
"31163","15","15","15"
"31166","15","15","15"
"31167","15","15","15"
"31172","15","15","15"
"31182","15","15","15"
"31188","15","15","15"
"31192","15","15","15"
"31193","15","15","15"
"31200","15","15","15"
"31215","15","15","15"
"31219","15","15","15"
"31220","15","15","15"
"31221","15","15","15"
"31236","15","15","15"
"31243","15","15","15"
"31245","15","15","15"
"31250","15","15","15"
"31253","15","15","15"
"31256","15","15","15"
"31259","15","15","15"
"31260","15","15","15"
"31264","15","15","15"
"31280","15","15","15"
"31283","15","15","15"
"31294","15","15","15"
"31296","15","15","15"
"31297","15","15","15"
"31301","15","15","15"
"31303","15","15","15"
"31306","15","15","15"
"31311","15","15","15"
"31315","15","15","15"
"31324","15","15","15"
"31346","15","15","15"
"31350","15","15","15"
"31351","15","15","15"
"31360","15","15","15"
"31366","15","15","15"
"31379","15","15","15"
"31387","15","15","15"
"31390","15","15","15"
"31397","15","15","15"
"31399","15","15","15"
"31403","15","15","15"
"31404","15","15","15"
"31405","15","15","15"
"31409","15","15","15"
"31410","15","15","15"
"31415","15","15","15"
"31417","15","15","15"
"31418","15","15","15"
"31420","15","15","15"
"31427","15","15","15"
"31430","15","15","15"
"31438","15","15","15"
"31447","15","15","15"
"31454","15","15","15"
"31460","15","15","15"
"31469","15","15","15"
"31472","15","15","15"
"31490","15","15","15"
"31495","15","15","15"
"31500","15","15","15"
"31501","15","15","15"
"31505","15","15","15"
"31507","15","15","15"
"31509","15","15","15"
"31510","15","15","15"
"31517","15","15","15"
"31522","15","15","15"
"31525","15","15","15"
"31534","15","15","15"
"31540","15","15","15"
"31542","15","15","15"
"31547","15","15","15"
"31551","15","15","15"
"31559","15","15","15"
"31561","15","15","15"
"31567","15","15","15"
"31577","15","15","15"
"31579","15","15","15"
"31580","15","15","15"
"31581","15","15","15"
"31584","15","15","15"
"31599","15","15","15"
"31603","15","15","15"
"31614","15","15","15"
"31615","15","15","15"
"31627","15","15","15"
"31629","15","15","15"
"31630","15","15","15"
"31634","15","15","15"
"31637","15","15","15"
"31641","15","15","15"
"31644","15","15","15"
"31648","15","15","15"
"31658","15","15","15"
"31663","15","15","15"
"31672","15","15","15"
"31681","15","15","15"
"31689","15","15","15"
"31693","15","15","15"
"31699","15","15","15"
"31701","15","15","15"
"31705","15","15","15"
"31711","15","15","15"
"31719","15","15","15"
"31725","15","15","15"
"31728","15","15","15"
"31730","15","15","15"
"31734","15","15","15"
"31735","15","15","15"
"31736","15","15","15"
"31737","15","15","15"
"31743","15","15","15"
"31744","15","15","15"
"31749","15","15","15"
"31751","15","15","15"
"31753","15","15","15"
"31757","15","15","15"
"31768","15","15","15"
"31770","15","15","15"
"31772","15","15","15"
"31774","15","15","15"
"31775","15","15","15"
"31778","15","15","15"
"31780","15","15","15"
"31785","15","15","15"
"31787","15","15","15"
"31788","15","15","15"
"31790","15","15","15"
"31796","15","15","15"
"31797","15","15","15"
"31798","15","15","15"
"31800","15","15","15"
"31803","15","15","15"
"31804","15","15","15"
"31810","15","15","15"
"31820","15","15","15"
"31831","15","15","15"
"31832","15","15","15"
"31833","15","15","15"
"31839","15","15","15"
"31843","15","15","15"
"31844","15","15","15"
"31845","15","15","15"
"31846","15","15","15"
"31852","15","15","15"
"31860","15","15","15"
"31863","15","15","15"
"31865","15","15","15"
"31867","15","15","15"
"31870","15","15","15"
"31874","15","15","15"
"31877","15","15","15"
"31886","15","15","15"
"31889","15","15","15"
"31890","15","15","15"
"31891","15","15","15"
"31896","15","15","15"
"31902","15","15","15"
"31904","15","15","15"
"31905","15","15","15"
"31913","15","15","15"
"31916","15","15","15"
"31918","15","15","15"
"31920","15","15","15"
"31924","15","15","15"
"31929","15","15","15"
"31930","15","15","15"
"31932","15","15","15"
"31933","15","15","15"
"31935","15","15","15"
"31943","15","15","15"
"31950","15","15","15"
"31953","15","15","15"
"31958","15","15","15"
"31959","15","15","15"
"31963","15","15","15"
"31964","15","15","15"
"31966","15","15","15"
"31969","15","15","15"
"31971","15","15","15"
"31972","15","15","15"
"31975","15","15","15"
"31979","15","15","15"
"31983","15","15","15"
"31986","15","15","15"
"31990","15","15","15"
"31998","15","15","15"
"31999","15","15","15"
"32002","15","15","15"
"32017","15","15","15"
"32022","15","15","15"
"32024","15","15","15"
"32028","15","15","15"
"32035","15","15","15"
"32036","15","15","15"
"32039","15","15","15"
"32041","15","15","15"
"32043","15","15","15"
"32047","15","15","15"
"32049","15","15","15"
"32052","15","15","15"
"32054","15","15","15"
"32055","15","15","15"
"32057","15","15","15"
"32067","15","15","15"
"32068","15","15","15"
"32069","15","15","15"
"32072","15","15","15"
"32081","15","15","15"
"32082","15","15","15"
"32083","15","15","15"
"32087","15","15","15"
"32091","15","15","15"
"32103","15","15","15"
"32107","15","15","15"
"32108","15","15","15"
"32121","15","15","15"
"32123","15","15","15"
"32126","15","15","15"
"32127","15","15","15"
"32137","15","15","15"
"32138","15","15","15"
"32140","15","15","15"
"32141","15","15","15"
"32150","15","15","15"
"32159","15","15","15"
"32160","15","15","15"
"32168","15","15","15"
"32176","15","15","15"
"32180","15","15","15"
"32183","15","15","15"
"32188","15","15","15"
"32192","15","15","15"
"32201","15","15","15"
"32203","15","15","15"
"32204","15","15","15"
"32208","15","15","15"
"32211","15","15","15"
"32217","15","15","15"
"32232","15","15","15"
"32248","15","15","15"
"32250","15","15","15"
"32253","15","15","15"
"32264","15","15","15"
"32267","15","15","15"
"32274","15","15","15"
"32284","15","15","15"
"32285","15","15","15"
"32286","15","15","15"
"32296","15","15","15"
"32302","15","15","15"
"32303","15","15","15"
"32309","15","15","15"
"32315","15","15","15"
"32317","15","15","15"
"32323","15","15","15"
"32326","15","15","15"
"32329","15","15","15"
"32330","15","15","15"
"32332","15","15","15"
"32333","15","15","15"
"32337","15","15","15"
"32340","15","15","15"
"32349","15","15","15"
"32351","15","15","15"
"32358","15","15","15"
"32362","15","15","15"
"32371","15","15","15"
"32379","15","15","15"
"32388","15","15","15"
"32390","15","15","15"
"32394","15","15","15"
"32399","15","15","15"
"32411","15","15","15"
"32412","15","15","15"
"32413","15","15","15"
"32415","15","15","15"
"32428","15","15","15"
"32431","15","15","15"
"32433","15","15","15"
"32436","15","15","15"
"32437","15","15","15"
"32438","15","15","15"
"32453","15","15","15"
"32456","15","15","15"
"32460","15","15","15"
"32466","15","15","15"
"32467","15","15","15"
"32470","15","15","15"
"32471","15","15","15"
"32474","15","15","15"
"32493","15","15","15"
"32494","15","15","15"
"32496","15","15","15"
"32499","15","15","15"
"32501","15","15","15"
"32502","15","15","15"
"32511","15","15","15"
"32513","15","15","15"
"32514","15","15","15"
"32515","15","15","15"
"32521","15","15","15"
"32528","15","15","15"
"32530","15","15","15"
"32531","15","15","15"
"32535","15","15","15"
"32540","15","15","15"
"32552","15","15","15"
"32559","15","15","15"
"32566","15","15","15"
"32571","15","15","15"
"32572","15","15","15"
"32573","15","15","15"
"32574","15","15","15"
"32576","15","15","15"
"32579","15","15","15"
"32586","15","15","15"
"32587","15","15","15"
"32590","15","15","15"
"32593","15","15","15"
"32603","15","15","15"
"32605","15","15","15"
"32613","15","15","15"
"32614","15","15","15"
"32628","15","15","15"
"32633","15","15","15"
"32636","15","15","15"
"32639","15","15","15"
"32641","15","15","15"
"32642","15","15","15"
"32651","15","15","15"
"32659","15","15","15"
"32665","15","15","15"
"32666","15","15","15"
"32672","15","15","15"
"32676","15","15","15"
"32678","15","15","15"
"32680","15","15","15"
"32691","15","15","15"
"32693","15","15","15"
"32694","15","15","15"
"32696","15","15","15"
"32698","15","15","15"
"32703","15","15","15"
"32716","15","15","15"
"32723","15","15","15"
"32726","15","15","15"
"32727","15","15","15"
"32740","15","15","15"
"32741","15","15","15"
"32744","15","15","15"
"32746","15","15","15"
"32747","15","15","15"
"32749","15","15","15"
"32750","15","15","15"
"32752","15","15","15"
"32766","15","15","15"
"32771","15","15","15"
"32772","15","15","15"
"32780","15","15","15"
"32795","15","15","15"
"32796","15","15","15"
"32797","15","15","15"
"32804","15","15","15"
"32806","15","15","15"
"32814","15","15","15"
"32822","15","15","15"
"32823","15","15","15"
"32827","15","15","15"
"32839","15","15","15"
"32843","15","15","15"
"32845","15","15","15"
"32850","15","15","15"
"32852","15","15","15"
"32865","15","15","15"
"32867","15","15","15"
"32869","15","15","15"
"32875","15","15","15"
"32878","15","15","15"
"32880","15","15","15"
"32883","15","15","15"
"32893","15","15","15"
"32900","15","15","15"
"32903","15","15","15"
"32905","15","15","15"
"32910","15","15","15"
"32913","15","15","15"
"32915","15","15","15"
"32916","15","15","15"
"32917","15","15","15"
"32919","15","15","15"
"32927","15","15","15"
"32928","15","15","15"
"32930","15","15","15"
"32940","15","15","15"
"32950","15","15","15"
"32951","15","15","15"
"32952","15","15","15"
"32957","15","15","15"
"32958","15","15","15"
"32963","15","15","15"
"32968","15","15","15"
"32972","15","15","15"
"32974","15","15","15"
"32978","15","15","15"
"32987","15","15","15"
"32996","15","15","15"
"32999","15","15","15"
"33000","15","15","15"
"33003","15","15","15"
"33006","15","15","15"
"33013","15","15","15"
"33016","15","15","15"
"33017","15","15","15"
"33018","15","15","15"
"33020","15","15","15"
"33021","15","15","15"
"33023","15","15","15"
"33024","15","15","15"
"33025","15","15","15"
"33027","15","15","15"
"33029","15","15","15"
"33032","15","15","15"
"33033","15","15","15"
"33035","15","15","15"
"33045","15","15","15"
"33052","15","15","15"
"33066","15","15","15"
"33070","15","15","15"
"33073","15","15","15"
"33080","15","15","15"
"33084","15","15","15"
"33092","15","15","15"
"33093","15","15","15"
"33098","15","15","15"
"33110","15","15","15"
"33121","15","15","15"
"33125","15","15","15"
"33126","15","15","15"
"33128","15","15","15"
"33129","15","15","15"
"33132","15","15","15"
"33135","15","15","15"
"33136","15","15","15"
"33138","15","15","15"
"33145","15","15","15"
"33146","15","15","15"
"33156","15","15","15"
"33164","15","15","15"
"33166","15","15","15"
"33174","15","15","15"
"33177","15","15","15"
"33182","15","15","15"
"33188","15","15","15"
"33189","15","15","15"
"33206","15","15","15"
"33208","15","15","15"
"33222","15","15","15"
"33224","15","15","15"
"33232","15","15","15"
"33235","15","15","15"
"33239","15","15","15"
"33241","15","15","15"
"33244","15","15","15"
"33264","15","15","15"
"33267","15","15","15"
"33270","15","15","15"
"33281","15","15","15"
"33283","15","15","15"
"33291","15","15","15"
"33292","15","15","15"
"33293","15","15","15"
"33296","15","15","15"
"33301","15","15","15"
"33306","15","15","15"
"33307","15","15","15"
"33315","15","15","15"
"33324","15","15","15"
"33329","15","15","15"
"33330","15","15","15"
"33336","16","16","16"
"33338","16","16","16"
"33357","16","16","16"
"33361","16","16","16"
"33371","16","16","16"
"33374","16","16","16"
"33381","16","16","16"
"33385","16","16","16"
"33386","16","16","16"
"33389","16","16","16"
"33398","16","16","16"
"33406","16","16","16"
"33408","16","16","16"
"33413","16","16","16"
"33423","16","16","16"
"33426","16","16","16"
"33432","16","16","16"
"33433","16","16","16"
"33434","16","16","16"
"33436","16","16","16"
"33444","16","16","16"
"33449","16","16","16"
"33452","16","16","16"
"33456","16","16","16"
"33460","16","16","16"
"33464","16","16","16"
"33465","16","16","16"
"33469","16","16","16"
"33484","16","16","16"
"33492","16","16","16"
"33496","16","16","16"
"33514","16","16","16"
"33517","16","16","16"
"33519","16","16","16"
"33525","16","16","16"
"33529","16","16","16"
"33546","16","16","16"
"33547","16","16","16"
"33559","16","16","16"
"33561","16","16","16"
"33562","16","16","16"
"33569","16","16","16"
"33576","16","16","16"
"33577","16","16","16"
"33586","16","16","16"
"33587","16","16","16"
"33588","16","16","16"
"33589","16","16","16"
"33590","16","16","16"
"33599","16","16","16"
"33608","16","16","16"
"33610","16","16","16"
"33625","16","16","16"
"33628","16","16","16"
"33633","16","16","16"
"33635","16","16","16"
"33639","16","16","16"
"33649","16","16","16"
"33651","16","16","16"
"33652","16","16","16"
"33661","16","16","16"
"33662","16","16","16"
"33663","16","16","16"
"33668","16","16","16"
"33670","16","16","16"
"33679","16","16","16"
"33681","16","16","16"
"33689","16","16","16"
"33707","16","16","16"
"33717","16","16","16"
"33724","16","16","16"
"33728","16","16","16"
"33733","16","16","16"
"33738","16","16","16"
"33740","16","16","16"
"33753","16","16","16"
"33755","16","16","16"
"33765","16","16","16"
"33774","16","16","16"
"33786","16","16","16"
"33790","16","16","16"
"33793","16","16","16"
"33799","16","16","16"
"33805","16","16","16"
"33813","16","16","16"
"33814","16","16","16"
"33821","16","16","16"
"33822","16","16","16"
"33825","16","16","16"
"33826","16","16","16"
"33827","16","16","16"
"33828","16","16","16"
"33831","16","16","16"
"33835","16","16","16"
"33842","16","16","16"
"33844","16","16","16"
"33851","16","16","16"
"33858","16","16","16"
"33863","16","16","16"
"33871","16","16","16"
"33879","16","16","16"
"33883","16","16","16"
"33887","16","16","16"
"33888","16","16","16"
"33889","16","16","16"
"33893","16","16","16"
"33896","16","16","16"
"33901","16","16","16"
"33904","16","16","16"
"33909","16","16","16"
"33924","16","16","16"
"33926","16","16","16"
"33932","16","16","16"
"33933","16","16","16"
"33938","16","16","16"
"33948","16","16","16"
"33949","16","16","16"
"33952","16","16","16"
"33957","16","16","16"
"33960","16","16","16"
"33969","16","16","16"
"33973","16","16","16"
"33978","16","16","16"
"33986","16","16","16"
"33987","16","16","16"
"33993","16","16","16"
"34000","16","16","16"
"34008","16","16","16"
"34010","16","16","16"
"34017","16","16","16"
"34023","16","16","16"
"34027","16","16","16"
"34028","16","16","16"
"34032","16","16","16"
"34039","16","16","16"
"34044","16","16","16"
"34047","16","16","16"
"34051","16","16","16"
"34053","16","16","16"
"34059","16","16","16"
"34062","16","16","16"
"34064","16","16","16"
"34079","16","16","16"
"34088","16","16","16"
"34089","16","16","16"
"34091","16","16","16"
"34095","16","16","16"
"34099","16","16","16"
"34101","16","16","16"
"34105","16","16","16"
"34109","16","16","16"
"34110","16","16","16"
"34119","16","16","16"
"34125","16","16","16"
"34130","16","16","16"
"34138","16","16","16"
"34140","16","16","16"
"34142","16","16","16"
"34144","16","16","16"
"34147","16","16","16"
"34149","16","16","16"
"34151","16","16","16"
"34159","16","16","16"
"34166","16","16","16"
"34175","16","16","16"
"34180","16","16","16"
"34184","16","16","16"
"34187","16","16","16"
"34203","16","16","16"
"34204","16","16","16"
"34205","16","16","16"
"34207","16","16","16"
"34208","16","16","16"
"34225","16","16","16"
"34230","16","16","16"
"34231","16","16","16"
"34233","16","16","16"
"34241","16","16","16"
"34242","16","16","16"
"34246","16","16","16"
"34249","16","16","16"
"34255","16","16","16"
"34260","16","16","16"
"34265","16","16","16"
"34266","16","16","16"
"34274","16","16","16"
"34277","16","16","16"
"34280","16","16","16"
"34283","16","16","16"
"34291","16","16","16"
"34293","16","16","16"
"34295","16","16","16"
"34301","16","16","16"
"34302","16","16","16"
"34303","16","16","16"
"34307","16","16","16"
"34309","16","16","16"
"34312","16","16","16"
"34316","16","16","16"
"34318","16","16","16"
"34336","16","16","16"
"34344","16","16","16"
"34350","16","16","16"
"34352","16","16","16"
"34366","16","16","16"
"34381","16","16","16"
"34386","16","16","16"
"34394","16","16","16"
"34407","16","16","16"
"34409","16","16","16"
"34415","16","16","16"
"34421","16","16","16"
"34429","16","16","16"
"34431","16","16","16"
"34440","16","16","16"
"34443","16","16","16"
"34446","16","16","16"
"34449","16","16","16"
"34450","16","16","16"
"34469","16","16","16"
"34483","16","16","16"
"34486","16","16","16"
"34495","16","16","16"
"34500","16","16","16"
"34504","16","16","16"
"34505","16","16","16"
"34507","16","16","16"
"34508","16","16","16"
"34509","16","16","16"
"34510","16","16","16"
"34511","16","16","16"
"34518","16","16","16"
"34526","16","16","16"
"34530","16","16","16"
"34534","16","16","16"
"34537","16","16","16"
"34541","16","16","16"
"34545","16","16","16"
"34546","16","16","16"
"34550","16","16","16"
"34562","16","16","16"
"34563","16","16","16"
"34566","16","16","16"
"34575","16","16","16"
"34578","16","16","16"
"34584","16","16","16"
"34591","16","16","16"
"34606","16","16","16"
"34616","16","16","16"
"34631","16","16","16"
"34644","16","16","16"
"34645","16","16","16"
"34647","16","16","16"
"34655","16","16","16"
"34660","16","16","16"
"34665","16","16","16"
"34666","16","16","16"
"34671","16","16","16"
"34674","16","16","16"
"34678","16","16","16"
"34693","16","16","16"
"34695","16","16","16"
"34696","16","16","16"
"34697","16","16","16"
"34701","16","16","16"
"34704","16","16","16"
"34705","16","16","16"
"34708","16","16","16"
"34712","16","16","16"
"34713","16","16","16"
"34715","16","16","16"
"34717","16","16","16"
"34723","16","16","16"
"34724","16","16","16"
"34730","16","16","16"
"34737","16","16","16"
"34746","16","16","16"
"34747","16","16","16"
"34773","16","16","16"
"34777","16","16","16"
"34778","16","16","16"
"34792","16","16","16"
"34793","16","16","16"
"34794","16","16","16"
"34799","16","16","16"
"34802","16","16","16"
"34818","16","16","16"
"34820","16","16","16"
"34838","16","16","16"
"34843","16","16","16"
"34845","16","16","16"
"34850","16","16","16"
"34852","16","16","16"
"34858","16","16","16"
"34873","16","16","16"
"34881","16","16","16"
"34884","16","16","16"
"34888","16","16","16"
"34889","16","16","16"
"34894","16","16","16"
"34899","16","16","16"
"34901","16","16","16"
"34904","16","16","16"
"34919","16","16","16"
"34921","16","16","16"
"34922","16","16","16"
"34925","16","16","16"
"34927","16","16","16"
"34929","16","16","16"
"34933","16","16","16"
"34935","16","16","16"
"34951","16","16","16"
"34955","16","16","16"
"34956","16","16","16"
"34961","16","16","16"
"34968","16","16","16"
"34969","16","16","16"
"34970","16","16","16"
"34976","16","16","16"
"34977","16","16","16"
"34983","16","16","16"
"34990","16","16","16"
"34991","16","16","16"
"35003","16","16","16"
"35005","16","16","16"
"35009","16","16","16"
"35010","16","16","16"
"35012","16","16","16"
"35025","16","16","16"
"35032","16","16","16"
"35033","16","16","16"
"35034","16","16","16"
"35040","16","16","16"
"35046","16","16","16"
"35054","16","16","16"
"35057","16","16","16"
"35067","16","16","16"
"35070","16","16","16"
"35072","16","16","16"
"35078","16","16","16"
"35082","16","16","16"
"35087","16","16","16"
"35091","16","16","16"
"35096","16","16","16"
"35104","16","16","16"
"35108","16","16","16"
"35113","16","16","16"
"35117","16","16","16"
"35118","16","16","16"
"35121","16","16","16"
"35122","16","16","16"
"35123","16","16","16"
"35135","16","16","16"
"35154","16","16","16"
"35175","16","16","16"
"35176","16","16","16"
"35179","16","16","16"
"35190","16","16","16"
"35194","16","16","16"
"35195","16","16","16"
"35199","16","16","16"
"35203","16","16","16"
"35215","16","16","16"
"35222","16","16","16"
"35229","16","16","16"
"35230","16","16","16"
"35231","16","16","16"
"35234","16","16","16"
"35243","16","16","16"
"35248","16","16","16"
"35255","16","16","16"
"35257","16","16","16"
"35259","16","16","16"
"35261","16","16","16"
"35265","16","16","16"
"35266","16","16","16"
"35274","16","16","16"
"35277","16","16","16"
"35278","16","16","16"
"35283","16","16","16"
"35297","16","16","16"
"35299","16","16","16"
"35300","16","16","16"
"35307","16","16","16"
"35308","16","16","16"
"35309","16","16","16"
"35333","16","16","16"
"35340","16","16","16"
"35341","16","16","16"
"35350","16","16","16"
"35358","16","16","16"
"35360","16","16","16"
"35362","16","16","16"
"35367","16","16","16"
"35369","16","16","16"
"35375","16","16","16"
"35378","16","16","16"
"35379","16","16","16"
"35389","16","16","16"
"35395","16","16","16"
"35406","16","16","16"
"35407","16","16","16"
"35413","16","16","16"
"35415","16","16","16"
"35420","16","16","16"
"35428","16","16","16"
"35451","16","16","16"
"35461","16","16","16"
"35469","16","16","16"
"35476","16","16","16"
"35483","16","16","16"
"35485","16","16","16"
"35489","16","16","16"
"35494","16","16","16"
"35499","16","16","16"
"35507","16","16","16"
"35514","16","16","16"
"35516","16","16","16"
"35529","16","16","16"
"35531","16","16","16"
"35532","16","16","16"
"35534","16","16","16"
"35552","16","16","16"
"35553","16","16","16"
"35555","16","16","16"
"35561","16","16","16"
"35573","16","16","16"
"35576","16","16","16"
"35592","16","16","16"
"35599","16","16","16"
"35609","16","16","16"
"35619","16","16","16"
"35620","16","16","16"
"35628","16","16","16"
"35631","16","16","16"
"35632","16","16","16"
"35641","16","16","16"
"35648","16","16","16"
"35650","16","16","16"
"35651","16","16","16"
"35652","16","16","16"
"35660","16","16","16"
"35668","16","16","16"
"35672","16","16","16"
"35674","16","16","16"
"35677","16","16","16"
"35680","16","16","16"
"35681","16","16","16"
"35682","16","16","16"
"35683","16","16","16"
"35685","16","16","16"
"35693","16","16","16"
"35695","16","16","16"
"35702","16","16","16"
"35719","16","16","16"
"35722","16","16","16"
"35726","16","16","16"
"35728","16","16","16"
"35729","16","16","16"
"35730","16","16","16"
"35736","16","16","16"
"35738","16","16","16"
"35742","16","16","16"
"35744","16","16","16"
"35748","16","16","16"
"35754","16","16","16"
"35760","16","16","16"
"35761","16","16","16"
"35768","16","16","16"
"35775","16","16","16"
"35776","16","16","16"
"35778","16","16","16"
"35781","16","16","16"
"35784","16","16","16"
"35785","16","16","16"
"35789","16","16","16"
"35790","16","16","16"
"35800","16","16","16"
"35806","16","16","16"
"35809","16","16","16"
"35810","16","16","16"
"35813","16","16","16"
"35822","16","16","16"
"35824","16","16","16"
"35828","16","16","16"
"35829","16","16","16"
"35830","16","16","16"
"35847","16","16","16"
"35849","16","16","16"
"35857","16","16","16"
"35867","16","16","16"
"35872","16","16","16"
"35876","16","16","16"
"35882","16","16","16"
"35883","16","16","16"
"35887","16","16","16"
"35891","16","16","16"
"35894","16","16","16"
"35897","16","16","16"
"35898","16","16","16"
"35903","16","16","16"
"35905","16","16","16"
"35908","16","16","16"
"35914","16","16","16"
"35916","16","16","16"
"35917","16","16","16"
"35919","16","16","16"
"35922","16","16","16"
"35923","16","16","16"
"35925","16","16","16"
"35928","16","16","16"
"35932","16","16","16"
"35952","16","16","16"
"35957","16","16","16"
"35964","16","16","16"
"35974","16","16","16"
"35978","16","16","16"
"35989","16","16","16"
"35994","16","16","16"
"35995","16","16","16"
"36015","16","16","16"
"36017","16","16","16"
"36018","16","16","16"
"36021","16","16","16"
"36025","16","16","16"
"36032","16","16","16"
"36040","16","16","16"
"36058","16","16","16"
"36060","16","16","16"
"36064","16","16","16"
"36070","16","16","16"
"36074","16","16","16"
"36077","16","16","16"
"36091","16","16","16"
"36092","16","16","16"
"36095","16","16","16"
"36104","16","16","16"
"36108","16","16","16"
"36112","16","16","16"
"36119","16","16","16"
"36128","16","16","16"
"36130","16","16","16"
"36138","16","16","16"
"36145","16","16","16"
"36151","16","16","16"
"36156","16","16","16"
"36160","16","16","16"
"36176","16","16","16"
"36187","16","16","16"
"36193","16","16","16"
"36203","16","16","16"
"36205","16","16","16"
"36206","16","16","16"
"36209","16","16","16"
"36240","16","16","16"
"36241","16","16","16"
"36243","16","16","16"
"36253","16","16","16"
"36260","16","16","16"
"36263","16","16","16"
"36268","16","16","16"
"36270","16","16","16"
"36275","16","16","16"
"36282","16","16","16"
"36295","16","16","16"
"36298","16","16","16"
"36299","16","16","16"
"36303","16","16","16"
"36307","16","16","16"
"36308","16","16","16"
"36314","16","16","16"
"36315","16","16","16"
"36318","16","16","16"
"36326","16","16","16"
"36332","16","16","16"
"36334","16","16","16"
"36335","16","16","16"
"36343","16","16","16"
"36354","16","16","16"
"36362","16","16","16"
"36363","16","16","16"
"36369","16","16","16"
"36370","16","16","16"
"36372","16","16","16"
"36374","16","16","16"
"36382","16","16","16"
"36383","16","16","16"
"36385","16","16","16"
"36386","16","16","16"
"36392","16","16","16"
"36396","16","16","16"
"36410","16","16","16"
"36412","16","16","16"
"36414","16","16","16"
"36417","16","16","16"
"36419","16","16","16"
"36423","16","16","16"
"36430","16","16","16"
"36431","16","16","16"
"36435","16","16","16"
"36436","16","16","16"
"36445","16","16","16"
"36446","16","16","16"
"36465","16","16","16"
"36466","16","16","16"
"36467","16","16","16"
"36468","16","16","16"
"36475","16","16","16"
"36485","16","16","16"
"36488","16","16","16"
"36489","16","16","16"
"36493","16","16","16"
"36501","16","16","16"
"36502","16","16","16"
"36504","16","16","16"
"36517","16","16","16"
"36518","16","16","16"
"36534","16","16","16"
"36549","16","16","16"
"36553","16","16","16"
"36567","16","16","16"
"36576","16","16","16"
"36578","16","16","16"
"36581","16","16","16"
"36582","16","16","16"
"36588","16","16","16"
"36591","16","16","16"
"36594","16","16","16"
"36595","16","16","16"
"36598","16","16","16"
"36599","16","16","16"
"36600","16","16","16"
"36607","16","16","16"
"36610","16","16","16"
"36613","16","16","16"
"36616","16","16","16"
"36636","16","16","16"
"36637","16","16","16"
"36639","16","16","16"
"36640","16","16","16"
"36642","16","16","16"
"36645","16","16","16"
"36656","16","16","16"
"36658","16","16","16"
"36662","16","16","16"
"36666","16","16","16"
"36670","16","16","16"
"36683","16","16","16"
"36686","16","16","16"
"36688","16","16","16"
"36689","16","16","16"
"36691","16","16","16"
"36693","16","16","16"
"36697","16","16","16"
"36706","16","16","16"
"36707","16","16","16"
"36709","16","16","16"
"36710","16","16","16"
"36714","16","16","16"
"36717","16","16","16"
"36720","16","16","16"
"36722","16","16","16"
"36732","16","16","16"
"36742","16","16","16"
"36743","16","16","16"
"36757","16","16","16"
"36762","16","16","16"
"36766","16","16","16"
"36767","16","16","16"
"36769","16","16","16"
"36777","16","16","16"
"36783","16","16","16"
"36786","16","16","16"
"36790","16","16","16"
"36801","16","16","16"
"36802","16","16","16"
"36804","16","16","16"
"36808","16","16","16"
"36810","16","16","16"
"36819","16","16","16"
"36820","16","16","16"
"36822","16","16","16"
"36838","16","16","16"
"36840","16","16","16"
"36841","16","16","16"
"36842","16","16","16"
"36845","16","16","16"
"36846","16","16","16"
"36849","16","16","16"
"36851","16","16","16"
"36855","16","16","16"
"36858","16","16","16"
"36859","16","16","16"
"36863","16","16","16"
"36866","16","16","16"
"36867","16","16","16"
"36868","16","16","16"
"36871","16","16","16"
"36872","16","16","16"
"36874","16","16","16"
"36879","16","16","16"
"36881","16","16","16"
"36891","16","16","16"
"36896","16","16","16"
"36897","16","16","16"
"36902","16","16","16"
"36907","16","16","16"
"36910","16","16","16"
"36916","16","16","16"
"36933","16","16","16"
"36936","16","16","16"
"36938","16","16","16"
"36940","16","16","16"
"36941","16","16","16"
"36942","16","16","16"
"36946","16","16","16"
"36954","16","16","16"
"36955","16","16","16"
"36957","16","16","16"
"36962","16","16","16"
"36965","16","16","16"
"36966","16","16","16"
"36975","16","16","16"
"36982","16","16","16"
"36989","16","16","16"
"36992","16","16","16"
"36994","16","16","16"
"36999","16","16","16"
"37014","16","16","16"
"37017","16","16","16"
"37025","16","16","16"
"37027","16","16","16"
"37031","16","16","16"
"37039","16","16","16"
"37044","16","16","16"
"37048","16","16","16"
"37050","16","16","16"
"37052","16","16","16"
"37056","16","16","16"
"37057","16","16","16"
"37058","16","16","16"
"37059","16","16","16"
"37065","16","16","16"
"37074","16","16","16"
"37084","16","16","16"
"37087","16","16","16"
"37096","16","16","16"
"37099","16","16","16"
"37100","16","16","16"
"37104","16","16","16"
"37107","16","16","16"
"37109","16","16","16"
"37121","16","16","16"
"37122","16","16","16"
"37127","16","16","16"
"37129","16","16","16"
"37131","16","16","16"
"37138","16","16","16"
"37151","16","16","16"
"37153","16","16","16"
"37156","16","16","16"
"37161","16","16","16"
"37167","16","16","16"
"37184","16","16","16"
"37185","16","16","16"
"37204","16","16","16"
"37212","16","16","16"
"37215","16","16","16"
"37216","16","16","16"
"37220","16","16","16"
"37228","16","16","16"
"37230","16","16","16"
"37232","16","16","16"
"37238","16","16","16"
"37240","16","16","16"
"37242","16","16","16"
"37245","16","16","16"
"37246","16","16","16"
"37248","16","16","16"
"37253","16","16","16"
"37263","16","16","16"
"37267","16","16","16"
"37268","16","16","16"
"37270","16","16","16"
"37279","16","16","16"
"37281","16","16","16"
"37282","16","16","16"
"37289","16","16","16"
"37293","16","16","16"
"37304","16","16","16"
"37306","16","16","16"
"37314","16","16","16"
"37319","16","16","16"
"37323","16","16","16"
"37324","16","16","16"
"37326","16","16","16"
"37347","16","16","16"
"37354","16","16","16"
"37357","16","16","16"
"37361","16","16","16"
"37373","16","16","16"
"37381","16","16","16"
"37385","16","16","16"
"37399","16","16","16"
"37400","16","16","16"
"37406","16","16","16"
"37411","16","16","16"
"37412","16","16","16"
"37413","16","16","16"
"37421","16","16","16"
"37428","16","16","16"
"37432","16","16","16"
"37439","16","16","16"
"37443","16","16","16"
"37448","16","16","16"
"37455","16","16","16"
"37464","16","16","16"
"37466","16","16","16"
"37470","16","16","16"
"37472","16","16","16"
"37474","16","16","16"
"37480","16","16","16"
"37485","16","16","16"
"37490","16","16","16"
"37493","16","16","16"
"37495","16","16","16"
"37496","16","16","16"
"37499","16","16","16"
"37502","16","16","16"
"37508","16","16","16"
"37511","16","16","16"
"37520","16","16","16"
"37530","16","16","16"
"37532","16","16","16"
"37533","16","16","16"
"37535","16","16","16"
"37537","16","16","16"
"37538","16","16","16"
"37548","16","16","16"
"37553","16","16","16"
"37557","16","16","16"
"37558","16","16","16"
"37560","16","16","16"
"37563","16","16","16"
"37569","16","16","16"
"37575","16","16","16"
"37577","16","16","16"
"37578","16","16","16"
"37586","16","16","16"
"37591","16","16","16"
"37592","16","16","16"
"37596","16","16","16"
"37608","16","16","16"
"37610","16","16","16"
"37616","16","16","16"
"37621","16","16","16"
"37624","16","16","16"
"37628","16","16","16"
"37630","16","16","16"
"37632","16","16","16"
"37633","16","16","16"
"37636","16","16","16"
"37651","16","16","16"
"37655","16","16","16"
"37659","16","16","16"
"37662","16","16","16"
"37665","16","16","16"
"37668","16","16","16"
"37670","16","16","16"
"37672","16","16","16"
"37674","16","16","16"
"37677","16","16","16"
"37678","16","16","16"
"37684","16","16","16"
"37685","16","16","16"
"37688","16","16","16"
"37699","16","16","16"
"37707","16","16","16"
"37711","16","16","16"
"37719","16","16","16"
"37720","16","16","16"
"37727","16","16","16"
"37728","16","16","16"
"37732","16","16","16"
"37745","16","16","16"
"37755","16","16","16"
"37758","16","16","16"
"37773","16","16","16"
"37782","16","16","16"
"37794","16","16","16"
"37803","16","16","16"
"37827","16","16","16"
"37828","16","16","16"
"37829","16","16","16"
"37831","16","16","16"
"37833","16","16","16"
"37834","16","16","16"
"37835","16","16","16"
"37841","16","16","16"
"37844","16","16","16"
"37847","16","16","16"
"37849","16","16","16"
"37854","16","16","16"
"37855","16","16","16"
"37856","16","16","16"
"37857","16","16","16"
"37860","16","16","16"
"37863","16","16","16"
"37874","16","16","16"
"37881","16","16","16"
"37885","16","16","16"
"37891","16","16","16"
"37893","16","16","16"
"37900","16","16","16"
"37903","16","16","16"
"37904","16","16","16"
"37914","16","16","16"
"37915","16","16","16"
"37916","16","16","16"
"37929","16","16","16"
"37930","16","16","16"
"37934","16","16","16"
"37940","16","16","16"
"37945","16","16","16"
"37950","16","16","16"
"37953","16","16","16"
"37956","16","16","16"
"37974","16","16","16"
"37981","16","16","16"
"37988","16","16","16"
"37990","16","16","16"
"37997","16","16","16"
"37998","16","16","16"
"37999","16","16","16"
"38008","16","16","16"
"38009","16","16","16"
"38016","16","16","16"
"38020","16","16","16"
"38021","16","16","16"
"38033","16","16","16"
"38036","16","16","16"
"38041","16","16","16"
"38045","16","16","16"
"38053","16","16","16"
"38055","16","16","16"
"38056","16","16","16"
"38057","16","16","16"
"38058","16","16","16"
"38061","16","16","16"
"38062","16","16","16"
"38067","16","16","16"
"38075","16","16","16"
"38087","16","16","16"
"38089","16","16","16"
"38090","16","16","16"
"38108","16","16","16"
"38109","16","16","16"
"38116","16","16","16"
"38118","16","16","16"
"38123","16","16","16"
"38126","16","16","16"
"38128","16","16","16"
"38131","16","16","16"
"38135","16","16","16"
"38137","16","16","16"
"38141","16","16","16"
"38144","16","16","16"
"38160","16","16","16"
"38162","16","16","16"
"38166","16","16","16"
"38167","16","16","16"
"38170","16","16","16"
"38171","16","16","16"
"38183","16","16","16"
"38187","16","16","16"
"38197","16","16","16"
"38200","16","16","16"
"38208","16","16","16"
"38209","16","16","16"
"38214","16","16","16"
"38216","16","16","16"
"38222","16","16","16"
"38228","16","16","16"
"38240","16","16","16"
"38241","16","16","16"
"38250","16","16","16"
"38251","16","16","16"
"38252","16","16","16"
"38273","16","16","16"
"38275","16","16","16"
"38277","16","16","16"
"38280","16","16","16"
"38284","16","16","16"
"38302","16","16","16"
"38304","16","16","16"
"38305","16","16","16"
"38310","16","16","16"
"38311","16","16","16"
"38314","16","16","16"
"38319","16","16","16"
"38322","16","16","16"
"38326","16","16","16"
"38327","16","16","16"
"38330","16","16","16"
"38331","16","16","16"
"38333","16","16","16"
"38346","16","16","16"
"38352","16","16","16"
"38355","16","16","16"
"38367","16","16","16"
"38368","16","16","16"
"38369","16","16","16"
"38381","16","16","16"
"38385","16","16","16"
"38388","16","16","16"
"38389","16","16","16"
"38403","16","16","16"
"38405","16","16","16"
"38409","16","16","16"
"38419","16","16","16"
"38421","16","16","16"
"38447","16","16","16"
"38455","16","16","16"
"38491","16","16","16"
"38509","16","16","16"
"38516","16","16","16"
"38517","16","16","16"
"38523","16","16","16"
"38524","16","16","16"
"38533","16","16","16"
"38538","16","16","16"
"38545","16","16","16"
"38547","16","16","16"
"38549","16","16","16"
"38551","16","16","16"
"38568","16","16","16"
"38576","16","16","16"
"38583","16","16","16"
"38593","16","16","16"
"38597","16","16","16"
"38598","16","16","16"
"38602","16","16","16"
"38615","16","16","16"
"38616","16","16","16"
"38617","16","16","16"
"38625","16","16","16"
"38628","16","16","16"
"38629","16","16","16"
"38633","16","16","16"
"38640","16","16","16"
"38645","16","16","16"
"38646","16","16","16"
"38663","16","16","16"
"38666","16","16","16"
"38668","16","16","16"
"38669","16","16","16"
"38670","16","16","16"
"38671","16","16","16"
"38681","16","16","16"
"38685","16","16","16"
"38688","16","16","16"
"38689","16","16","16"
"38690","16","16","16"
"38691","16","16","16"
"38694","16","16","16"
"38698","16","16","16"
"38700","16","16","16"
"38718","16","16","16"
"38734","16","16","16"
"38740","16","16","16"
"38749","16","16","16"
"38753","16","16","16"
"38754","16","16","16"
"38772","16","16","16"
"38787","16","16","16"
"38790","16","16","16"
"38792","16","16","16"
"38802","16","16","16"
"38803","16","16","16"
"38807","16","16","16"
"38822","16","16","16"
"38823","16","16","16"
"38825","16","16","16"
"38826","16","16","16"
"38828","16","16","16"
"38829","16","16","16"
"38830","16","16","16"
"38832","16","16","16"
"38835","16","16","16"
"38837","16","16","16"
"38846","16","16","16"
"38847","16","16","16"
"38850","16","16","16"
"38852","16","16","16"
"38859","16","16","16"
"38860","16","16","16"
"38867","16","16","16"
"38878","16","16","16"
"38880","16","16","16"
"38881","16","16","16"
"38886","16","16","16"
"38888","16","16","16"
"38892","16","16","16"
"38900","16","16","16"
"38902","16","16","16"
"38910","16","16","16"
"38915","16","16","16"
"38916","16","16","16"
"38917","16","16","16"
"38919","16","16","16"
"38921","16","16","16"
"38931","16","16","16"
"38934","16","16","16"
"38936","16","16","16"
"38941","16","16","16"
"38952","16","16","16"
"38956","16","16","16"
"38957","16","16","16"
"38959","16","16","16"
"38960","16","16","16"
"38963","16","16","16"
"38965","16","16","16"
"38970","16","16","16"
"38974","16","16","16"
"38976","16","16","16"
"38978","16","16","16"
"38982","16","16","16"
"38991","16","16","16"
"38992","16","16","16"
"38995","16","16","16"
"38999","16","16","16"
"39012","16","16","16"
"39014","16","16","16"
"39017","16","16","16"
"39026","16","16","16"
"39028","16","16","16"
"39038","16","16","16"
"39042","16","16","16"
"39046","16","16","16"
"39047","16","16","16"
"39048","16","16","16"
"39064","16","16","16"
"39089","16","16","16"
"39090","16","16","16"
"39093","16","16","16"
"39096","16","16","16"
"39100","16","16","16"
"39102","16","16","16"
"39110","16","16","16"
"39111","16","16","16"
"39112","16","16","16"
"39114","16","16","16"
"39115","16","16","16"
"39119","16","16","16"
"39120","16","16","16"
"39123","16","16","16"
"39134","16","16","16"
"39136","16","16","16"
"39147","16","16","16"
"39148","16","16","16"
"39154","16","16","16"
"39156","16","16","16"
"39163","16","16","16"
"39167","16","16","16"
"39185","16","16","16"
"39191","16","16","16"
"39195","16","16","16"
"39197","16","16","16"
"39203","16","16","16"
"39204","16","16","16"
"39207","16","16","16"
"39210","16","16","16"
"39212","16","16","16"
"39215","16","16","16"
"39217","16","16","16"
"39219","16","16","16"
"39244","16","16","16"
"39249","16","16","16"
"39252","16","16","16"
"39255","16","16","16"
"39264","16","16","16"
"39265","16","16","16"
"39274","16","16","16"
"39280","16","16","16"
"39285","16","16","16"
"39287","16","16","16"
"39291","16","16","16"
"39292","16","16","16"
"39293","16","16","16"
"39295","16","16","16"
"39297","16","16","16"
"39299","16","16","16"
"39300","16","16","16"
"39306","16","16","16"
"39310","16","16","16"
"39313","16","16","16"
"39317","16","16","16"
"39322","16","16","16"
"39323","16","16","16"
"39325","16","16","16"
"39328","16","16","16"
"39331","16","16","16"
"39336","16","16","16"
"39347","16","16","16"
"39362","16","16","16"
"39371","16","16","16"
"39376","16","16","16"
"39387","16","16","16"
"39388","16","16","16"
"39412","16","16","16"
"39417","16","16","16"
"39424","16","16","16"
"39425","16","16","16"
"39432","16","16","16"
"39437","16","16","16"
"39438","16","16","16"
"39452","16","16","16"
"39460","16","16","16"
"39473","16","16","16"
"39477","16","16","16"
"39479","16","16","16"
"39483","16","16","16"
"39502","16","16","16"
"39507","16","16","16"
"39508","16","16","16"
"39511","16","16","16"
"39515","16","16","16"
"39516","16","16","16"
"39518","16","16","16"
"39520","16","16","16"
"39539","16","16","16"
"39543","16","16","16"
"39546","16","16","16"
"39553","16","16","16"
"39554","16","16","16"
"39564","16","16","16"
"39566","16","16","16"
"39575","16","16","16"
"39583","16","16","16"
"39593","16","16","16"
"39596","16","16","16"
"39602","16","16","16"
"39603","16","16","16"
"39614","16","16","16"
"39622","16","16","16"
"39630","16","16","16"
"39635","16","16","16"
"39636","16","16","16"
"39639","16","16","16"
"39640","16","16","16"
"39644","16","16","16"
"39648","16","16","16"
"39650","16","16","16"
"39654","16","16","16"
"39658","16","16","16"
"39668","16","16","16"
"39669","16","16","16"
"39670","16","16","16"
"39672","16","16","16"
"39675","16","16","16"
"39681","16","16","16"
"39684","16","16","16"
"39685","16","16","16"
"39686","16","16","16"
"39695","16","16","16"
"39701","16","16","16"
"39706","16","16","16"
"39708","16","16","16"
"39712","16","16","16"
"39715","16","16","16"
"39717","16","16","16"
"39732","16","16","16"
"39734","16","16","16"
"39737","16","16","16"
"39743","16","16","16"
"39745","16","16","16"
"39746","16","16","16"
"39747","16","16","16"
"39751","16","16","16"
"39764","16","16","16"
"39765","16","16","16"
"39777","16","16","16"
"39788","16","16","16"
"39794","16","16","16"
"39795","16","16","16"
"39798","16","16","16"
"39800","16","16","16"
"39806","16","16","16"
"39811","16","16","16"
"39819","16","16","16"
"39826","16","16","16"
"39829","16","16","16"
"39837","16","16","16"
"39842","16","16","16"
"39862","16","16","16"
"39867","16","16","16"
"39868","16","16","16"
"39870","16","16","16"
"39876","16","16","16"
"39877","16","16","16"
"39878","16","16","16"
"39882","16","16","16"
"39891","16","16","16"
"39896","16","16","16"
"39924","16","16","16"
"39930","16","16","16"
"39942","16","16","16"
"39954","16","16","16"
"39969","16","16","16"
"39971","16","16","16"
"39973","16","16","16"
"39978","16","16","16"
"39985","16","16","16"
"39986","16","16","16"
"39988","16","16","16"
"39992","16","16","16"
"40003","17","17","17"
"40004","17","17","17"
"40010","17","17","17"
"40013","17","17","17"
"40032","17","17","17"
"40037","17","17","17"
"40044","17","17","17"
"40045","17","17","17"
"40051","17","17","17"
"40060","17","17","17"
"40067","17","17","17"
"40076","17","17","17"
"40077","17","17","17"
"40081","17","17","17"
"40084","17","17","17"
"40087","17","17","17"
"40092","17","17","17"
"40093","17","17","17"
"40096","17","17","17"
"40114","17","17","17"
"40126","17","17","17"
"40131","17","17","17"
"40133","17","17","17"
"40135","17","17","17"
"40139","17","17","17"
"40143","17","17","17"
"40144","17","17","17"
"40145","17","17","17"
"40146","17","17","17"
"40150","17","17","17"
"40153","17","17","17"
"40159","17","17","17"
"40161","17","17","17"
"40165","17","17","17"
"40166","17","17","17"
"40167","17","17","17"
"40169","17","17","17"
"40171","17","17","17"
"40185","17","17","17"
"40189","17","17","17"
"40194","17","17","17"
"40200","17","17","17"
"40204","17","17","17"
"40205","17","17","17"
"40208","17","17","17"
"40220","17","17","17"
"40224","17","17","17"
"40231","17","17","17"
"40235","17","17","17"
"40236","17","17","17"
"40240","17","17","17"
"40249","17","17","17"
"40251","17","17","17"
"40252","17","17","17"
"40264","17","17","17"
"40265","17","17","17"
"40267","17","17","17"
"40268","17","17","17"
"40269","17","17","17"
"40278","17","17","17"
"40279","17","17","17"
"40294","17","17","17"
"40295","17","17","17"
"40297","17","17","17"
"40301","17","17","17"
"40309","17","17","17"
"40316","17","17","17"
"40325","17","17","17"
"40328","17","17","17"
"40337","17","17","17"
"40340","17","17","17"
"40341","17","17","17"
"40343","17","17","17"
"40348","17","17","17"
"40349","17","17","17"
"40352","17","17","17"
"40368","17","17","17"
"40370","17","17","17"
"40371","17","17","17"
"40393","17","17","17"
"40394","17","17","17"
"40395","17","17","17"
"40397","17","17","17"
"40408","17","17","17"
"40418","17","17","17"
"40422","17","17","17"
"40427","17","17","17"
"40429","17","17","17"
"40438","17","17","17"
"40443","17","17","17"
"40444","17","17","17"
"40446","17","17","17"
"40452","17","17","17"
"40454","17","17","17"
"40456","17","17","17"
"40463","17","17","17"
"40465","17","17","17"
"40470","17","17","17"
"40474","17","17","17"
"40481","17","17","17"
"40482","17","17","17"
"40484","17","17","17"
"40489","17","17","17"
"40492","17","17","17"
"40494","17","17","17"
"40507","17","17","17"
"40508","17","17","17"
"40509","17","17","17"
"40515","17","17","17"
"40518","17","17","17"
"40520","17","17","17"
"40521","17","17","17"
"40524","17","17","17"
"40526","17","17","17"
"40531","17","17","17"
"40538","17","17","17"
"40543","17","17","17"
"40550","17","17","17"
"40553","17","17","17"
"40556","17","17","17"
"40559","17","17","17"
"40561","17","17","17"
"40568","17","17","17"
"40570","17","17","17"
"40571","17","17","17"
"40577","17","17","17"
"40578","17","17","17"
"40580","17","17","17"
"40581","17","17","17"
"40590","17","17","17"
"40591","17","17","17"
"40595","17","17","17"
"40599","17","17","17"
"40601","17","17","17"
"40608","17","17","17"
"40615","17","17","17"
"40625","17","17","17"
"40632","17","17","17"
"40638","17","17","17"
"40655","17","17","17"
"40658","17","17","17"
"40660","17","17","17"
"40667","17","17","17"
"40673","17","17","17"
"40674","17","17","17"
"40679","17","17","17"
"40680","17","17","17"
"40684","17","17","17"
"40700","17","17","17"
"40703","17","17","17"
"40705","17","17","17"
"40706","17","17","17"
"40708","17","17","17"
"40714","17","17","17"
"40718","17","17","17"
"40722","17","17","17"
"40724","17","17","17"
"40727","17","17","17"
"40730","17","17","17"
"40745","17","17","17"
"40754","17","17","17"
"40757","17","17","17"
"40765","17","17","17"
"40770","17","17","17"
"40775","17","17","17"
"40776","17","17","17"
"40779","17","17","17"
"40783","17","17","17"
"40786","17","17","17"
"40788","17","17","17"
"40793","17","17","17"
"40795","17","17","17"
"40798","17","17","17"
"40799","17","17","17"
"40804","17","17","17"
"40805","17","17","17"
"40808","17","17","17"
"40823","17","17","17"
"40824","17","17","17"
"40828","17","17","17"
"40833","17","17","17"
"40838","17","17","17"
"40846","17","17","17"
"40856","17","17","17"
"40859","17","17","17"
"40862","17","17","17"
"40870","17","17","17"
"40872","17","17","17"
"40878","17","17","17"
"40881","17","17","17"
"40884","17","17","17"
"40885","17","17","17"
"40890","17","17","17"
"40895","17","17","17"
"40906","17","17","17"
"40916","17","17","17"
"40917","17","17","17"
"40925","17","17","17"
"40928","17","17","17"
"40929","17","17","17"
"40938","17","17","17"
"40939","17","17","17"
"40945","17","17","17"
"40947","17","17","17"
"40960","17","17","17"
"40963","17","17","17"
"40965","17","17","17"
"40967","17","17","17"
"40977","17","17","17"
"40979","17","17","17"
"40994","17","17","17"
"40995","17","17","17"
"40996","17","17","17"
"40997","17","17","17"
"41002","17","17","17"
"41010","17","17","17"
"41015","17","17","17"
"41016","17","17","17"
"41017","17","17","17"
"41019","17","17","17"
"41020","17","17","17"
"41033","17","17","17"
"41038","17","17","17"
"41039","17","17","17"
"41046","17","17","17"
"41047","17","17","17"
"41048","17","17","17"
"41050","17","17","17"
"41054","17","17","17"
"41071","17","17","17"
"41074","17","17","17"
"41083","17","17","17"
"41085","17","17","17"
"41088","17","17","17"
"41099","17","17","17"
"41106","17","17","17"
"41109","17","17","17"
"41114","17","17","17"
"41125","17","17","17"
"41127","17","17","17"
"41141","17","17","17"
"41149","17","17","17"
"41163","17","17","17"
"41164","17","17","17"
"41170","17","17","17"
"41172","17","17","17"
"41190","17","17","17"
"41199","17","17","17"
"41206","17","17","17"
"41209","17","17","17"
"41210","17","17","17"
"41214","17","17","17"
"41229","17","17","17"
"41231","17","17","17"
"41235","17","17","17"
"41237","17","17","17"
"41249","17","17","17"
"41250","17","17","17"
"41252","17","17","17"
"41265","17","17","17"
"41267","17","17","17"
"41270","17","17","17"
"41276","17","17","17"
"41278","17","17","17"
"41280","17","17","17"
"41286","17","17","17"
"41300","17","17","17"
"41301","17","17","17"
"41306","17","17","17"
"41308","17","17","17"
"41309","17","17","17"
"41311","17","17","17"
"41316","17","17","17"
"41317","17","17","17"
"41323","17","17","17"
"41327","17","17","17"
"41329","17","17","17"
"41336","17","17","17"
"41337","17","17","17"
"41338","17","17","17"
"41346","17","17","17"
"41349","17","17","17"
"41354","17","17","17"
"41370","17","17","17"
"41371","17","17","17"
"41374","17","17","17"
"41380","17","17","17"
"41381","17","17","17"
"41384","17","17","17"
"41386","17","17","17"
"41397","17","17","17"
"41398","17","17","17"
"41401","17","17","17"
"41403","17","17","17"
"41405","17","17","17"
"41411","17","17","17"
"41415","17","17","17"
"41417","17","17","17"
"41425","17","17","17"
"41427","17","17","17"
"41434","17","17","17"
"41442","17","17","17"
"41446","17","17","17"
"41454","17","17","17"
"41461","17","17","17"
"41462","17","17","17"
"41476","17","17","17"
"41479","17","17","17"
"41481","17","17","17"
"41485","17","17","17"
"41491","17","17","17"
"41494","17","17","17"
"41497","17","17","17"
"41499","17","17","17"
"41505","17","17","17"
"41506","17","17","17"
"41507","17","17","17"
"41509","17","17","17"
"41512","17","17","17"
"41518","17","17","17"
"41522","17","17","17"
"41524","17","17","17"
"41526","17","17","17"
"41530","17","17","17"
"41551","17","17","17"
"41552","17","17","17"
"41554","17","17","17"
"41557","17","17","17"
"41560","17","17","17"
"41563","17","17","17"
"41566","17","17","17"
"41570","17","17","17"
"41575","17","17","17"
"41578","17","17","17"
"41595","17","17","17"
"41613","17","17","17"
"41624","17","17","17"
"41630","17","17","17"
"41638","17","17","17"
"41642","17","17","17"
"41643","17","17","17"
"41646","17","17","17"
"41653","17","17","17"
"41657","17","17","17"
"41661","17","17","17"
"41667","17","17","17"
"41676","17","17","17"
"41679","17","17","17"
"41683","17","17","17"
"41684","17","17","17"
"41686","17","17","17"
"41699","17","17","17"
"41701","17","17","17"
"41706","17","17","17"
"41710","17","17","17"
"41718","17","17","17"
"41719","17","17","17"
"41721","17","17","17"
"41727","17","17","17"
"41742","17","17","17"
"41750","17","17","17"
"41752","17","17","17"
"41755","17","17","17"
"41757","17","17","17"
"41767","17","17","17"
"41772","17","17","17"
"41773","17","17","17"
"41780","17","17","17"
"41782","17","17","17"
"41789","17","17","17"
"41792","17","17","17"
"41793","17","17","17"
"41794","17","17","17"
"41799","17","17","17"
"41802","17","17","17"
"41810","17","17","17"
"41815","17","17","17"
"41816","17","17","17"
"41818","17","17","17"
"41821","17","17","17"
"41824","17","17","17"
"41829","17","17","17"
"41830","17","17","17"
"41834","17","17","17"
"41839","17","17","17"
"41841","17","17","17"
"41842","17","17","17"
"41844","17","17","17"
"41858","17","17","17"
"41867","17","17","17"
"41880","17","17","17"
"41884","17","17","17"
"41893","17","17","17"
"41898","17","17","17"
"41899","17","17","17"
"41902","17","17","17"
"41906","17","17","17"
"41911","17","17","17"
"41916","17","17","17"
"41920","17","17","17"
"41923","17","17","17"
"41931","17","17","17"
"41932","17","17","17"
"41935","17","17","17"
"41937","17","17","17"
"41939","17","17","17"
"41940","17","17","17"
"41953","17","17","17"
"41959","17","17","17"
"41960","17","17","17"
"41965","17","17","17"
"41966","17","17","17"
"41969","17","17","17"
"41978","17","17","17"
"41988","17","17","17"
"41998","17","17","17"
"42004","17","17","17"
"42007","17","17","17"
"42008","17","17","17"
"42011","17","17","17"
"42014","17","17","17"
"42015","17","17","17"
"42024","17","17","17"
"42027","17","17","17"
"42035","17","17","17"
"42040","17","17","17"
"42043","17","17","17"
"42044","17","17","17"
"42050","17","17","17"
"42056","17","17","17"
"42061","17","17","17"
"42076","17","17","17"
"42079","17","17","17"
"42086","17","17","17"
"42088","17","17","17"
"42090","17","17","17"
"42094","17","17","17"
"42098","17","17","17"
"42103","17","17","17"
"42113","17","17","17"
"42117","17","17","17"
"42122","17","17","17"
"42129","17","17","17"
"42133","17","17","17"
"42134","17","17","17"
"42135","17","17","17"
"42144","17","17","17"
"42147","17","17","17"
"42149","17","17","17"
"42153","17","17","17"
"42155","17","17","17"
"42156","17","17","17"
"42159","17","17","17"
"42164","17","17","17"
"42167","17","17","17"
"42168","17","17","17"
"42169","17","17","17"
"42174","17","17","17"
"42181","17","17","17"
"42185","17","17","17"
"42188","17","17","17"
"42189","17","17","17"
"42195","17","17","17"
"42209","17","17","17"
"42210","17","17","17"
"42215","17","17","17"
"42218","17","17","17"
"42224","17","17","17"
"42234","17","17","17"
"42235","17","17","17"
"42236","17","17","17"
"42238","17","17","17"
"42239","17","17","17"
"42246","17","17","17"
"42254","17","17","17"
"42255","17","17","17"
"42258","17","17","17"
"42260","17","17","17"
"42264","17","17","17"
"42278","17","17","17"
"42279","17","17","17"
"42283","17","17","17"
"42285","17","17","17"
"42297","17","17","17"
"42301","17","17","17"
"42308","17","17","17"
"42310","17","17","17"
"42318","17","17","17"
"42320","17","17","17"
"42325","17","17","17"
"42340","17","17","17"
"42345","17","17","17"
"42349","17","17","17"
"42350","17","17","17"
"42351","17","17","17"
"42356","17","17","17"
"42357","17","17","17"
"42365","17","17","17"
"42367","17","17","17"
"42369","17","17","17"
"42378","17","17","17"
"42380","17","17","17"
"42382","17","17","17"
"42384","17","17","17"
"42385","17","17","17"
"42389","17","17","17"
"42391","17","17","17"
"42403","17","17","17"
"42408","17","17","17"
"42415","17","17","17"
"42419","17","17","17"
"42422","17","17","17"
"42430","17","17","17"
"42432","17","17","17"
"42438","17","17","17"
"42444","17","17","17"
"42454","17","17","17"
"42461","17","17","17"
"42464","17","17","17"
"42471","17","17","17"
"42472","17","17","17"
"42479","17","17","17"
"42480","17","17","17"
"42486","17","17","17"
"42487","17","17","17"
"42491","17","17","17"
"42505","17","17","17"
"42507","17","17","17"
"42509","17","17","17"
"42517","17","17","17"
"42520","17","17","17"
"42522","17","17","17"
"42528","17","17","17"
"42531","17","17","17"
"42532","17","17","17"
"42542","17","17","17"
"42544","17","17","17"
"42546","17","17","17"
"42548","17","17","17"
"42550","17","17","17"
"42556","17","17","17"
"42558","17","17","17"
"42564","17","17","17"
"42567","17","17","17"
"42570","17","17","17"
"42580","17","17","17"
"42585","17","17","17"
"42586","17","17","17"
"42587","17","17","17"
"42590","17","17","17"
"42592","17","17","17"
"42595","17","17","17"
"42598","17","17","17"
"42600","17","17","17"
"42608","17","17","17"
"42612","17","17","17"
"42616","17","17","17"
"42621","17","17","17"
"42624","17","17","17"
"42630","17","17","17"
"42633","17","17","17"
"42634","17","17","17"
"42636","17","17","17"
"42641","17","17","17"
"42642","17","17","17"
"42644","17","17","17"
"42654","17","17","17"
"42655","17","17","17"
"42656","17","17","17"
"42659","17","17","17"
"42667","17","17","17"
"42672","17","17","17"
"42673","17","17","17"
"42679","17","17","17"
"42680","17","17","17"
"42681","17","17","17"
"42683","17","17","17"
"42690","17","17","17"
"42692","17","17","17"
"42694","17","17","17"
"42696","17","17","17"
"42712","17","17","17"
"42720","17","17","17"
"42722","17","17","17"
"42731","17","17","17"
"42733","17","17","17"
"42734","17","17","17"
"42738","17","17","17"
"42744","17","17","17"
"42746","17","17","17"
"42747","17","17","17"
"42749","17","17","17"
"42760","17","17","17"
"42782","17","17","17"
"42785","17","17","17"
"42801","17","17","17"
"42811","17","17","17"
"42812","17","17","17"
"42817","17","17","17"
"42823","17","17","17"
"42824","17","17","17"
"42830","17","17","17"
"42832","17","17","17"
"42839","17","17","17"
"42840","17","17","17"
"42842","17","17","17"
"42843","17","17","17"
"42844","17","17","17"
"42845","17","17","17"
"42846","17","17","17"
"42850","17","17","17"
"42854","17","17","17"
"42865","17","17","17"
"42868","17","17","17"
"42871","17","17","17"
"42883","17","17","17"
"42891","17","17","17"
"42897","17","17","17"
"42915","17","17","17"
"42921","17","17","17"
"42924","17","17","17"
"42925","17","17","17"
"42938","17","17","17"
"42939","17","17","17"
"42940","17","17","17"
"42941","17","17","17"
"42943","17","17","17"
"42944","17","17","17"
"42947","17","17","17"
"42966","17","17","17"
"42978","17","17","17"
"42980","17","17","17"
"42986","17","17","17"
"42994","17","17","17"
"42996","17","17","17"
"42999","17","17","17"
"43002","17","17","17"
"43016","17","17","17"
"43018","17","17","17"
"43021","17","17","17"
"43030","17","17","17"
"43033","17","17","17"
"43037","17","17","17"
"43044","17","17","17"
"43047","17","17","17"
"43050","17","17","17"
"43059","17","17","17"
"43065","17","17","17"
"43068","17","17","17"
"43077","17","17","17"
"43089","17","17","17"
"43090","17","17","17"
"43094","17","17","17"
"43102","17","17","17"
"43103","17","17","17"
"43112","17","17","17"
"43113","17","17","17"
"43124","17","17","17"
"43137","17","17","17"
"43146","17","17","17"
"43151","17","17","17"
"43155","17","17","17"
"43157","17","17","17"
"43162","17","17","17"
"43167","17","17","17"
"43179","17","17","17"
"43189","17","17","17"
"43190","17","17","17"
"43192","17","17","17"
"43199","17","17","17"
"43201","17","17","17"
"43204","17","17","17"
"43225","17","17","17"
"43226","17","17","17"
"43236","17","17","17"
"43237","17","17","17"
"43244","17","17","17"
"43256","17","17","17"
"43257","17","17","17"
"43261","17","17","17"
"43266","17","17","17"
"43267","17","17","17"
"43278","17","17","17"
"43282","17","17","17"
"43283","17","17","17"
"43285","17","17","17"
"43286","17","17","17"
"43288","17","17","17"
"43294","17","17","17"
"43299","17","17","17"
"43302","17","17","17"
"43303","17","17","17"
"43308","17","17","17"
"43310","17","17","17"
"43317","17","17","17"
"43321","17","17","17"
"43323","17","17","17"
"43331","17","17","17"
"43336","17","17","17"
"43346","17","17","17"
"43347","17","17","17"
"43352","17","17","17"
"43364","17","17","17"
"43366","17","17","17"
"43371","17","17","17"
"43408","17","17","17"
"43414","17","17","17"
"43416","17","17","17"
"43426","17","17","17"
"43428","17","17","17"
"43441","17","17","17"
"43443","17","17","17"
"43452","17","17","17"
"43454","17","17","17"
"43456","17","17","17"
"43459","17","17","17"
"43461","17","17","17"
"43463","17","17","17"
"43465","17","17","17"
"43466","17","17","17"
"43476","17","17","17"
"43490","17","17","17"
"43494","17","17","17"
"43498","17","17","17"
"43507","17","17","17"
"43513","17","17","17"
"43519","17","17","17"
"43527","17","17","17"
"43536","17","17","17"
"43540","17","17","17"
"43542","17","17","17"
"43546","17","17","17"
"43547","17","17","17"
"43553","17","17","17"
"43555","17","17","17"
"43556","17","17","17"
"43557","17","17","17"
"43558","17","17","17"
"43570","17","17","17"
"43578","17","17","17"
"43581","17","17","17"
"43582","17","17","17"
"43587","17","17","17"
"43597","17","17","17"
"43598","17","17","17"
"43606","17","17","17"
"43614","17","17","17"
"43618","17","17","17"
"43622","17","17","17"
"43627","17","17","17"
"43629","17","17","17"
"43630","17","17","17"
"43633","17","17","17"
"43639","17","17","17"
"43646","17","17","17"
"43653","17","17","17"
"43657","17","17","17"
"43659","17","17","17"
"43661","17","17","17"
"43674","17","17","17"
"43677","17","17","17"
"43680","17","17","17"
"43682","17","17","17"
"43684","17","17","17"
"43691","17","17","17"
"43695","17","17","17"
"43709","17","17","17"
"43716","17","17","17"
"43718","17","17","17"
"43719","17","17","17"
"43724","17","17","17"
"43727","17","17","17"
"43732","17","17","17"
"43735","17","17","17"
"43738","17","17","17"
"43741","17","17","17"
"43749","17","17","17"
"43752","17","17","17"
"43763","17","17","17"
"43770","17","17","17"
"43776","17","17","17"
"43784","17","17","17"
"43798","17","17","17"
"43800","17","17","17"
"43805","17","17","17"
"43811","17","17","17"
"43812","17","17","17"
"43814","17","17","17"
"43819","17","17","17"
"43821","17","17","17"
"43823","17","17","17"
"43824","17","17","17"
"43825","17","17","17"
"43829","17","17","17"
"43830","17","17","17"
"43832","17","17","17"
"43837","17","17","17"
"43851","17","17","17"
"43852","17","17","17"
"43854","17","17","17"
"43856","17","17","17"
"43857","17","17","17"
"43861","17","17","17"
"43867","17","17","17"
"43871","17","17","17"
"43874","17","17","17"
"43875","17","17","17"
"43882","17","17","17"
"43883","17","17","17"
"43884","17","17","17"
"43886","17","17","17"
"43887","17","17","17"
"43898","17","17","17"
"43902","17","17","17"
"43905","17","17","17"
"43906","17","17","17"
"43914","17","17","17"
"43926","17","17","17"
"43931","17","17","17"
"43936","17","17","17"
"43941","17","17","17"
"43945","17","17","17"
"43948","17","17","17"
"43949","17","17","17"
"43950","17","17","17"
"43968","17","17","17"
"43970","17","17","17"
"43972","17","17","17"
"43975","17","17","17"
"43983","17","17","17"
"43987","17","17","17"
"43988","17","17","17"
"43991","17","17","17"
"43992","17","17","17"
"43996","17","17","17"
"44001","17","17","17"
"44019","17","17","17"
"44024","17","17","17"
"44031","17","17","17"
"44033","17","17","17"
"44034","17","17","17"
"44043","17","17","17"
"44051","17","17","17"
"44053","17","17","17"
"44063","17","17","17"
"44071","17","17","17"
"44076","17","17","17"
"44080","17","17","17"
"44085","17","17","17"
"44087","17","17","17"
"44091","17","17","17"
"44094","17","17","17"
"44100","17","17","17"
"44106","17","17","17"
"44121","17","17","17"
"44126","17","17","17"
"44132","17","17","17"
"44133","17","17","17"
"44135","17","17","17"
"44147","17","17","17"
"44149","17","17","17"
"44153","17","17","17"
"44154","17","17","17"
"44157","17","17","17"
"44162","17","17","17"
"44163","17","17","17"
"44173","17","17","17"
"44183","17","17","17"
"44186","17","17","17"
"44187","17","17","17"
"44196","17","17","17"
"44197","17","17","17"
"44199","17","17","17"
"44201","17","17","17"
"44203","17","17","17"
"44207","17","17","17"
"44213","17","17","17"
"44223","17","17","17"
"44227","17","17","17"
"44236","17","17","17"
"44238","17","17","17"
"44251","17","17","17"
"44261","17","17","17"
"44271","17","17","17"
"44272","17","17","17"
"44273","17","17","17"
"44277","17","17","17"
"44279","17","17","17"
"44281","17","17","17"
"44290","17","17","17"
"44291","17","17","17"
"44293","17","17","17"
"44299","17","17","17"
"44300","17","17","17"
"44305","17","17","17"
"44306","17","17","17"
"44312","17","17","17"
"44325","17","17","17"
"44326","17","17","17"
"44328","17","17","17"
"44332","17","17","17"
"44334","17","17","17"
"44335","17","17","17"
"44341","17","17","17"
"44342","17","17","17"
"44349","17","17","17"
"44351","17","17","17"
"44355","17","17","17"
"44357","17","17","17"
"44360","17","17","17"
"44365","17","17","17"
"44368","17","17","17"
"44372","17","17","17"
"44378","17","17","17"
"44385","17","17","17"
"44390","17","17","17"
"44396","17","17","17"
"44400","17","17","17"
"44419","17","17","17"
"44427","17","17","17"
"44432","17","17","17"
"44433","17","17","17"
"44435","17","17","17"
"44441","17","17","17"
"44442","17","17","17"
"44443","17","17","17"
"44444","17","17","17"
"44448","17","17","17"
"44451","17","17","17"
"44455","17","17","17"
"44465","17","17","17"
"44468","17","17","17"
"44473","17","17","17"
"44475","17","17","17"
"44477","17","17","17"
"44481","17","17","17"
"44485","17","17","17"
"44490","17","17","17"
"44494","17","17","17"
"44499","17","17","17"
"44502","17","17","17"
"44506","17","17","17"
"44510","17","17","17"
"44511","17","17","17"
"44512","17","17","17"
"44514","17","17","17"
"44519","17","17","17"
"44525","17","17","17"
"44527","17","17","17"
"44529","17","17","17"
"44538","17","17","17"
"44539","17","17","17"
"44540","17","17","17"
"44541","17","17","17"
"44546","17","17","17"
"44547","17","17","17"
"44559","17","17","17"
"44562","17","17","17"
"44564","17","17","17"
"44565","17","17","17"
"44571","17","17","17"
"44573","17","17","17"
"44575","17","17","17"
"44576","17","17","17"
"44581","17","17","17"
"44582","17","17","17"
"44585","17","17","17"
"44590","17","17","17"
"44592","17","17","17"
"44603","17","17","17"
"44604","17","17","17"
"44609","17","17","17"
"44626","17","17","17"
"44631","17","17","17"
"44641","17","17","17"
"44645","17","17","17"
"44648","17","17","17"
"44649","17","17","17"
"44655","17","17","17"
"44656","17","17","17"
"44661","17","17","17"
"44662","17","17","17"
"44664","17","17","17"
"44667","17","17","17"
"44669","17","17","17"
"44682","17","17","17"
"44686","17","17","17"
"44691","17","17","17"
"44692","17","17","17"
"44693","17","17","17"
"44701","17","17","17"
"44702","17","17","17"
"44703","17","17","17"
"44705","17","17","17"
"44707","17","17","17"
"44711","17","17","17"
"44715","17","17","17"
"44717","17","17","17"
"44718","17","17","17"
"44725","17","17","17"
"44727","17","17","17"
"44729","17","17","17"
"44732","17","17","17"
"44735","17","17","17"
"44736","17","17","17"
"44739","17","17","17"
"44741","17","17","17"
"44751","17","17","17"
"44762","17","17","17"
"44763","17","17","17"
"44766","17","17","17"
"44773","17","17","17"
"44775","17","17","17"
"44781","17","17","17"
"44795","17","17","17"
"44798","17","17","17"
"44801","17","17","17"
"44803","17","17","17"
"44807","17","17","17"
"44812","17","17","17"
"44831","17","17","17"
"44832","17","17","17"
"44835","17","17","17"
"44855","17","17","17"
"44860","17","17","17"
"44862","17","17","17"
"44867","17","17","17"
"44881","17","17","17"
"44885","17","17","17"
"44886","17","17","17"
"44893","17","17","17"
"44894","17","17","17"
"44909","17","17","17"
"44913","17","17","17"
"44916","17","17","17"
"44918","17","17","17"
"44920","17","17","17"
"44928","17","17","17"
"44929","17","17","17"
"44935","17","17","17"
"44942","17","17","17"
"44947","17","17","17"
"44948","17","17","17"
"44949","17","17","17"
"44950","17","17","17"
"44956","17","17","17"
"44960","17","17","17"
"44963","17","17","17"
"44966","17","17","17"
"44969","17","17","17"
"44987","17","17","17"
"44994","17","17","17"
"44995","17","17","17"
"44996","17","17","17"
"44999","17","17","17"
"45000","17","17","17"
"45002","17","17","17"
"45009","17","17","17"
"45021","17","17","17"
"45025","17","17","17"
"45037","17","17","17"
"45039","17","17","17"
"45040","17","17","17"
"45050","17","17","17"
"45058","17","17","17"
"45065","17","17","17"
"45068","17","17","17"
"45073","17","17","17"
"45075","17","17","17"
"45077","17","17","17"
"45080","17","17","17"
"45083","17","17","17"
"45085","17","17","17"
"45086","17","17","17"
"45091","17","17","17"
"45092","17","17","17"
"45096","17","17","17"
"45110","17","17","17"
"45113","17","17","17"
"45120","17","17","17"
"45123","17","17","17"
"45124","17","17","17"
"45128","17","17","17"
"45130","17","17","17"
"45131","17","17","17"
"45132","17","17","17"
"45134","17","17","17"
"45139","17","17","17"
"45144","17","17","17"
"45150","17","17","17"
"45158","17","17","17"
"45160","17","17","17"
"45165","17","17","17"
"45170","17","17","17"
"45183","17","17","17"
"45188","17","17","17"
"45189","17","17","17"
"45190","17","17","17"
"45191","17","17","17"
"45194","17","17","17"
"45199","17","17","17"
"45200","17","17","17"
"45206","17","17","17"
"45207","17","17","17"
"45223","17","17","17"
"45224","17","17","17"
"45227","17","17","17"
"45238","17","17","17"
"45250","17","17","17"
"45260","17","17","17"
"45261","17","17","17"
"45277","17","17","17"
"45278","17","17","17"
"45286","17","17","17"
"45288","17","17","17"
"45293","17","17","17"
"45309","17","17","17"
"45313","17","17","17"
"45316","17","17","17"
"45329","17","17","17"
"45332","17","17","17"
"45339","17","17","17"
"45340","17","17","17"
"45341","17","17","17"
"45342","17","17","17"
"45343","17","17","17"
"45367","17","17","17"
"45372","17","17","17"
"45373","17","17","17"
"45375","17","17","17"
"45380","17","17","17"
"45386","17","17","17"
"45391","17","17","17"
"45393","17","17","17"
"45395","17","17","17"
"45402","17","17","17"
"45403","17","17","17"
"45409","17","17","17"
"45411","17","17","17"
"45412","17","17","17"
"45413","17","17","17"
"45414","17","17","17"
"45417","17","17","17"
"45424","17","17","17"
"45431","17","17","17"
"45442","17","17","17"
"45443","17","17","17"
"45453","17","17","17"
"45454","17","17","17"
"45473","17","17","17"
"45477","17","17","17"
"45483","17","17","17"
"45493","17","17","17"
"45496","17","17","17"
"45497","17","17","17"
"45498","17","17","17"
"45500","17","17","17"
"45505","17","17","17"
"45518","17","17","17"
"45519","17","17","17"
"45526","17","17","17"
"45528","17","17","17"
"45531","17","17","17"
"45533","17","17","17"
"45537","17","17","17"
"45547","17","17","17"
"45548","17","17","17"
"45552","17","17","17"
"45556","17","17","17"
"45572","17","17","17"
"45579","17","17","17"
"45581","17","17","17"
"45585","17","17","17"
"45586","17","17","17"
"45588","17","17","17"
"45594","17","17","17"
"45599","17","17","17"
"45606","17","17","17"
"45609","17","17","17"
"45611","17","17","17"
"45624","17","17","17"
"45625","17","17","17"
"45627","17","17","17"
"45628","17","17","17"
"45635","17","17","17"
"45638","17","17","17"
"45644","17","17","17"
"45647","17","17","17"
"45657","17","17","17"
"45658","17","17","17"
"45659","17","17","17"
"45662","17","17","17"
"45663","17","17","17"
"45666","17","17","17"
"45670","17","17","17"
"45673","17","17","17"
"45690","17","17","17"
"45701","17","17","17"
"45703","17","17","17"
"45707","17","17","17"
"45709","17","17","17"
"45724","17","17","17"
"45725","17","17","17"
"45730","17","17","17"
"45731","17","17","17"
"45733","17","17","17"
"45735","17","17","17"
"45736","17","17","17"
"45738","17","17","17"
"45739","17","17","17"
"45740","17","17","17"
"45745","17","17","17"
"45749","17","17","17"
"45750","17","17","17"
"45753","17","17","17"
"45755","17","17","17"
"45757","17","17","17"
"45771","17","17","17"
"45772","17","17","17"
"45774","17","17","17"
"45775","17","17","17"
"45783","17","17","17"
"45785","17","17","17"
"45786","17","17","17"
"45798","17","17","17"
"45800","17","17","17"
"45805","17","17","17"
"45808","17","17","17"
"45810","17","17","17"
"45815","17","17","17"
"45818","17","17","17"
"45826","17","17","17"
"45828","17","17","17"
"45833","17","17","17"
"45835","17","17","17"
"45839","17","17","17"
"45846","17","17","17"
"45847","17","17","17"
"45856","17","17","17"
"45865","17","17","17"
"45866","17","17","17"
"45868","17","17","17"
"45869","17","17","17"
"45881","17","17","17"
"45893","17","17","17"
"45894","17","17","17"
"45899","17","17","17"
"45904","17","17","17"
"45908","17","17","17"
"45912","17","17","17"
"45918","17","17","17"
"45920","17","17","17"
"45924","17","17","17"
"45925","17","17","17"
"45928","17","17","17"
"45933","17","17","17"
"45939","17","17","17"
"45943","17","17","17"
"45945","17","17","17"
"45956","17","17","17"
"45961","17","17","17"
"45964","17","17","17"
"45970","17","17","17"
"45981","17","17","17"
"45982","17","17","17"
"45985","17","17","17"
"45987","17","17","17"
"45988","17","17","17"
"46001","17","17","17"
"46003","17","17","17"
"46004","17","17","17"
"46005","17","17","17"
"46011","17","17","17"
"46018","17","17","17"
"46024","17","17","17"
"46028","17","17","17"
"46030","17","17","17"
"46039","17","17","17"
"46040","17","17","17"
"46049","17","17","17"
"46050","17","17","17"
"46060","17","17","17"
"46068","17","17","17"
"46072","17","17","17"
"46092","17","17","17"
"46093","17","17","17"
"46094","17","17","17"
"46098","17","17","17"
"46107","17","17","17"
"46117","17","17","17"
"46118","17","17","17"
"46126","17","17","17"
"46135","17","17","17"
"46140","17","17","17"
"46141","17","17","17"
"46142","17","17","17"
"46143","17","17","17"
"46147","17","17","17"
"46149","17","17","17"
"46151","17","17","17"
"46157","17","17","17"
"46161","17","17","17"
"46162","17","17","17"
"46163","17","17","17"
"46166","17","17","17"
"46169","17","17","17"
"46176","17","17","17"
"46184","17","17","17"
"46185","17","17","17"
"46194","17","17","17"
"46208","17","17","17"
"46213","17","17","17"
"46221","17","17","17"
"46227","17","17","17"
"46228","17","17","17"
"46235","17","17","17"
"46236","17","17","17"
"46242","17","17","17"
"46243","17","17","17"
"46244","17","17","17"
"46246","17","17","17"
"46256","17","17","17"
"46257","17","17","17"
"46268","17","17","17"
"46272","17","17","17"
"46277","17","17","17"
"46280","17","17","17"
"46287","17","17","17"
"46288","17","17","17"
"46297","17","17","17"
"46304","17","17","17"
"46307","17","17","17"
"46310","17","17","17"
"46311","17","17","17"
"46312","17","17","17"
"46324","17","17","17"
"46339","17","17","17"
"46340","17","17","17"
"46341","17","17","17"
"46346","17","17","17"
"46347","17","17","17"
"46351","17","17","17"
"46353","17","17","17"
"46355","17","17","17"
"46362","17","17","17"
"46368","17","17","17"
"46373","17","17","17"
"46376","17","17","17"
"46391","17","17","17"
"46401","17","17","17"
"46403","17","17","17"
"46410","17","17","17"
"46411","17","17","17"
"46413","17","17","17"
"46425","17","17","17"
"46426","17","17","17"
"46437","17","17","17"
"46441","17","17","17"
"46445","17","17","17"
"46447","17","17","17"
"46450","17","17","17"
"46451","17","17","17"
"46465","17","17","17"
"46470","17","17","17"
"46486","17","17","17"
"46494","17","17","17"
"46495","17","17","17"
"46496","17","17","17"
"46525","17","17","17"
"46526","17","17","17"
"46529","17","17","17"
"46531","17","17","17"
"46532","17","17","17"
"46543","17","17","17"
"46544","17","17","17"
"46548","17","17","17"
"46551","17","17","17"
"46552","17","17","17"
"46556","17","17","17"
"46560","17","17","17"
"46562","17","17","17"
"46563","17","17","17"
"46567","17","17","17"
"46601","17","17","17"
"46605","17","17","17"
"46608","17","17","17"
"46622","17","17","17"
"46627","17","17","17"
"46631","17","17","17"
"46632","17","17","17"
"46634","17","17","17"
"46636","17","17","17"
"46644","17","17","17"
"46646","17","17","17"
"46647","17","17","17"
"46661","17","17","17"
"46676","18","18","18"
"46682","18","18","18"
"46689","18","18","18"
"46691","18","18","18"
"46703","18","18","18"
"46707","18","18","18"
"46714","18","18","18"
"46721","18","18","18"
"46727","18","18","18"
"46733","18","18","18"
"46744","18","18","18"
"46757","18","18","18"
"46760","18","18","18"
"46765","18","18","18"
"46768","18","18","18"
"46770","18","18","18"
"46781","18","18","18"
"46788","18","18","18"
"46794","18","18","18"
"46795","18","18","18"
"46801","18","18","18"
"46805","18","18","18"
"46811","18","18","18"
"46824","18","18","18"
"46831","18","18","18"
"46832","18","18","18"
"46834","18","18","18"
"46851","18","18","18"
"46872","18","18","18"
"46884","18","18","18"
"46892","18","18","18"
"46894","18","18","18"
"46902","18","18","18"
"46907","18","18","18"
"46908","18","18","18"
"46916","18","18","18"
"46917","18","18","18"
"46918","18","18","18"
"46921","18","18","18"
"46934","18","18","18"
"46943","18","18","18"
"46947","18","18","18"
"46949","18","18","18"
"46954","18","18","18"
"46955","18","18","18"
"46957","18","18","18"
"46963","18","18","18"
"46966","18","18","18"
"46969","18","18","18"
"46972","18","18","18"
"46973","18","18","18"
"46978","18","18","18"
"46979","18","18","18"
"46983","18","18","18"
"46986","18","18","18"
"46987","18","18","18"
"46990","18","18","18"
"47005","18","18","18"
"47006","18","18","18"
"47011","18","18","18"
"47016","18","18","18"
"47019","18","18","18"
"47029","18","18","18"
"47032","18","18","18"
"47034","18","18","18"
"47036","18","18","18"
"47037","18","18","18"
"47038","18","18","18"
"47039","18","18","18"
"47051","18","18","18"
"47052","18","18","18"
"47056","18","18","18"
"47058","18","18","18"
"47062","18","18","18"
"47063","18","18","18"
"47065","18","18","18"
"47069","18","18","18"
"47070","18","18","18"
"47072","18","18","18"
"47082","18","18","18"
"47085","18","18","18"
"47090","18","18","18"
"47093","18","18","18"
"47097","18","18","18"
"47099","18","18","18"
"47101","18","18","18"
"47109","18","18","18"
"47116","18","18","18"
"47117","18","18","18"
"47118","18","18","18"
"47119","18","18","18"
"47121","18","18","18"
"47124","18","18","18"
"47131","18","18","18"
"47136","18","18","18"
"47137","18","18","18"
"47147","18","18","18"
"47151","18","18","18"
"47165","18","18","18"
"47166","18","18","18"
"47171","18","18","18"
"47178","18","18","18"
"47181","18","18","18"
"47189","18","18","18"
"47194","18","18","18"
"47195","18","18","18"
"47206","18","18","18"
"47208","18","18","18"
"47215","18","18","18"
"47220","18","18","18"
"47229","18","18","18"
"47231","18","18","18"
"47232","18","18","18"
"47238","18","18","18"
"47242","18","18","18"
"47244","18","18","18"
"47251","18","18","18"
"47256","18","18","18"
"47257","18","18","18"
"47259","18","18","18"
"47262","18","18","18"
"47263","18","18","18"
"47270","18","18","18"
"47273","18","18","18"
"47276","18","18","18"
"47281","18","18","18"
"47282","18","18","18"
"47283","18","18","18"
"47284","18","18","18"
"47292","18","18","18"
"47300","18","18","18"
"47304","18","18","18"
"47305","18","18","18"
"47311","18","18","18"
"47313","18","18","18"
"47318","18","18","18"
"47319","18","18","18"
"47320","18","18","18"
"47326","18","18","18"
"47334","18","18","18"
"47337","18","18","18"
"47338","18","18","18"
"47339","18","18","18"
"47341","18","18","18"
"47343","18","18","18"
"47357","18","18","18"
"47370","18","18","18"
"47374","18","18","18"
"47384","18","18","18"
"47388","18","18","18"
"47389","18","18","18"
"47390","18","18","18"
"47398","18","18","18"
"47408","18","18","18"
"47409","18","18","18"
"47418","18","18","18"
"47425","18","18","18"
"47434","18","18","18"
"47436","18","18","18"
"47455","18","18","18"
"47458","18","18","18"
"47474","18","18","18"
"47477","18","18","18"
"47479","18","18","18"
"47480","18","18","18"
"47481","18","18","18"
"47482","18","18","18"
"47491","18","18","18"
"47492","18","18","18"
"47497","18","18","18"
"47499","18","18","18"
"47500","18","18","18"
"47517","18","18","18"
"47519","18","18","18"
"47523","18","18","18"
"47525","18","18","18"
"47528","18","18","18"
"47529","18","18","18"
"47533","18","18","18"
"47534","18","18","18"
"47545","18","18","18"
"47549","18","18","18"
"47554","18","18","18"
"47562","18","18","18"
"47565","18","18","18"
"47570","18","18","18"
"47578","18","18","18"
"47586","18","18","18"
"47591","18","18","18"
"47614","18","18","18"
"47617","18","18","18"
"47637","18","18","18"
"47646","18","18","18"
"47647","18","18","18"
"47653","18","18","18"
"47682","18","18","18"
"47684","18","18","18"
"47688","18","18","18"
"47689","18","18","18"
"47696","18","18","18"
"47697","18","18","18"
"47702","18","18","18"
"47703","18","18","18"
"47705","18","18","18"
"47707","18","18","18"
"47708","18","18","18"
"47714","18","18","18"
"47715","18","18","18"
"47719","18","18","18"
"47722","18","18","18"
"47727","18","18","18"
"47731","18","18","18"
"47737","18","18","18"
"47738","18","18","18"
"47740","18","18","18"
"47751","18","18","18"
"47755","18","18","18"
"47762","18","18","18"
"47764","18","18","18"
"47765","18","18","18"
"47770","18","18","18"
"47771","18","18","18"
"47781","18","18","18"
"47791","18","18","18"
"47793","18","18","18"
"47794","18","18","18"
"47800","18","18","18"
"47803","18","18","18"
"47816","18","18","18"
"47819","18","18","18"
"47823","18","18","18"
"47825","18","18","18"
"47851","18","18","18"
"47854","18","18","18"
"47859","18","18","18"
"47860","18","18","18"
"47865","18","18","18"
"47872","18","18","18"
"47875","18","18","18"
"47884","18","18","18"
"47892","18","18","18"
"47897","18","18","18"
"47899","18","18","18"
"47904","18","18","18"
"47907","18","18","18"
"47908","18","18","18"
"47909","18","18","18"
"47910","18","18","18"
"47914","18","18","18"
"47920","18","18","18"
"47921","18","18","18"
"47932","18","18","18"
"47934","18","18","18"
"47939","18","18","18"
"47942","18","18","18"
"47943","18","18","18"
"47947","18","18","18"
"47956","18","18","18"
"47958","18","18","18"
"47959","18","18","18"
"47961","18","18","18"
"47962","18","18","18"
"47964","18","18","18"
"47969","18","18","18"
"47970","18","18","18"
"47972","18","18","18"
"47974","18","18","18"
"47986","18","18","18"
"47988","18","18","18"
"47990","18","18","18"
"47996","18","18","18"
"47998","18","18","18"
"47999","18","18","18"
"48005","18","18","18"
"48007","18","18","18"
"48021","18","18","18"
"48026","18","18","18"
"48027","18","18","18"
"48030","18","18","18"
"48032","18","18","18"
"48037","18","18","18"
"48040","18","18","18"
"48052","18","18","18"
"48057","18","18","18"
"48065","18","18","18"
"48066","18","18","18"
"48069","18","18","18"
"48075","18","18","18"
"48076","18","18","18"
"48080","18","18","18"
"48082","18","18","18"
"48085","18","18","18"
"48096","18","18","18"
"48100","18","18","18"
"48102","18","18","18"
"48103","18","18","18"
"48104","18","18","18"
"48107","18","18","18"
"48108","18","18","18"
"48110","18","18","18"
"48115","18","18","18"
"48116","18","18","18"
"48132","18","18","18"
"48133","18","18","18"
"48140","18","18","18"
"48144","18","18","18"
"48153","18","18","18"
"48155","18","18","18"
"48157","18","18","18"
"48159","18","18","18"
"48162","18","18","18"
"48170","18","18","18"
"48182","18","18","18"