"Relative Time (Process)","stage2-uvit-20260526-011258 - system/gpu.0.memoryAllocated","stage2-uvit-20260526-011258 - system/gpu.0.memoryAllocated__MIN","stage2-uvit-20260526-011258 - system/gpu.0.memoryAllocated__MAX"
"16.355302813","50.80020558540954","50.80020558540954","50.80020558540954"
"31.356225667","50.83175582152744","50.83175582152744","50.83175582152744"
"46.356920427","50.936075150626934","50.936075150626934","50.936075150626934"
"61.356180233","50.7678920371275","50.7678920371275","50.7678920371275"
"76.374928889","50.87933561309234","50.87933561309234","50.87933561309234"
"91.356194262","50.29769174401564","50.29769174401564","50.29769174401564"
"106.355829167","50.29769174401564","50.29769174401564","50.29769174401564"
"121.356588167","50.29769174401564","50.29769174401564","50.29769174401564"
"136.356677347","50.256981761928024","50.256981761928024","50.256981761928024"
"151.3559144","50.25011195245074","50.25011195245074","50.25011195245074"
"166.356416569","50.25011195245074","50.25011195245074","50.25011195245074"
"181.356629463","50.37834839602671","50.37834839602671","50.37834839602671"
"196.355980981","50.358502279759","50.358502279759","50.358502279759"
"211.355908197","50.29972724312002","50.29972724312002","50.29972724312002"
"226.355315949","50.149354746783914","50.149354746783914","50.149354746783914"
"241.356278902","50.19413572708028","50.19413572708028","50.19413572708028"
"256.356920445","50.20202328610976","50.20202328610976","50.20202328610976"
"271.356972071","50.08116552678716","50.08116552678716","50.08116552678716"
"286.356158527","50.05750284969874","50.05750284969874","50.05750284969874"
"301.356099855","50.05750284969874","50.05750284969874","50.05750284969874"
"316.355586523","50.118567822830165","50.118567822830165","50.118567822830165"
"331.35680375","50.1150056993975","50.1150056993975","50.1150056993975"
"346.355495857","50.1150056993975","50.1150056993975","50.1150056993975"
"361.355086052","50.1150056993975","50.1150056993975","50.1150056993975"
"376.355977075","50.20253216088585","50.20253216088585","50.20253216088585"
"391.355397287","50.24731314118222","50.24731314118222","50.24731314118222"
"406.356235787","50.18344935678228","50.18344935678228","50.18344935678228"
"421.356398934","50.17530736036476","50.17530736036476","50.17530736036476"
"436.355816422","50.18930141670738","50.18930141670738","50.18930141670738"
"451.356601714","50.18930141670738","50.18930141670738","50.18930141670738"
"466.355936951","50.18930141670738","50.18930141670738","50.18930141670738"
"481.355982817","50.18930141670738","50.18930141670738","50.18930141670738"
"496.355687911","50.24985751506269","50.24985751506269","50.24985751506269"
"511.356291367","50.16792867611139","50.16792867611139","50.16792867611139"
"526.355863033","50.1814138576779","50.1814138576779","50.1814138576779"
"541.355977066","50.16538430223091","50.16538430223091","50.16538430223091"
"556.356042187","50.17403517342453","50.17403517342453","50.17403517342453"
"571.357242187","50.15215355805244","50.15215355805244","50.15215355805244"
"586.355837289","50.15113580850025","50.15113580850025","50.15113580850025"
"601.35681738","50.15113580850025","50.15113580850025","50.15113580850025"
"616.355287758","50.132561879172776","50.132561879172776","50.132561879172776"
"631.355507853","50.13485181566521","50.13485181566521","50.13485181566521"
"646.355683655","50.124419882755255","50.124419882755255","50.124419882755255"
"661.355850566","50.124419882755255","50.124419882755255","50.124419882755255"
"676.356210745","50.15495236932096","50.15495236932096","50.15495236932096"
"691.355781832","50.10050276827879","50.10050276827879","50.10050276827879"
"706.355406985","50.119585572382356","50.119585572382356","50.119585572382356"
"721.355512723","50.029769174401565","50.029769174401565","50.029769174401565"
"736.355173863","50.02798811268523","50.02798811268523","50.02798811268523"
"751.355703903","50.03714785865494","50.03714785865494","50.03714785865494"
"766.355561925","50.036638983878845","50.036638983878845","50.036638983878845"
"781.355784708","50.32924198013353","50.32924198013353","50.32924198013353"
"796.355355601","50.253928513271454","50.253928513271454","50.253928513271454"
"811.355736869","50.25265632633121","50.25265632633121","50.25265632633121"
"826.355593751","50.20660315909461","50.20660315909461","50.20660315909461"
"841.355612144","50.20660315909461","50.20660315909461","50.20660315909461"
"856.356162019","94.75680874450416","94.75680874450416","94.75680874450416"
"871.355226116","94.78937673017424","94.78937673017424","94.78937673017424"
"886.355795935","94.7410336264452","94.7410336264452","94.7410336264452"
"901.356076708","94.74052475166911","94.74052475166911","94.74052475166911"
"916.355768863","94.74052475166911","94.74052475166911","94.74052475166911"
"931.356225223","96.12720851652826","96.12720851652826","96.12720851652826"
"946.355731662","94.70006920696954","94.70006920696954","94.70006920696954"
"961.355955754","94.69981476958151","94.69981476958151","94.69981476958151"
"976.355222593","94.69981476958151","94.69981476958151","94.69981476958151"
"991.355385029","94.69981476958151","94.69981476958151","94.69981476958151"
"1006.355394848","94.69981476958151","94.69981476958151","94.69981476958151"
"1021.355681216","94.69981476958151","94.69981476958151","94.69981476958151"
"1036.356500898","94.6591047874939","94.6591047874939","94.6591047874939"
"1051.355466838","94.6591047874939","94.6591047874939","94.6591047874939"
"1066.355540625","94.6591047874939","94.6591047874939","94.6591047874939"
"1081.357323449","94.6591047874939","94.6591047874939","94.6591047874939"
"1096.356411408","94.6591047874939","94.6591047874939","94.6591047874939"
"1111.355362133","94.65096279107638","94.65096279107638","94.65096279107638"
"1126.355994142","94.68887396189545","94.68887396189545","94.68887396189545"
"1141.358024167","94.6687734082397","94.6687734082397","94.6687734082397"
"1156.355805792","94.75324662107148","94.75324662107148","94.75324662107148"
"1171.355744146","94.70897451555122","94.70897451555122","94.70897451555122"
"1186.355202889","94.70897451555122","94.70897451555122","94.70897451555122"
"1201.355659957","94.7415425012213","94.7415425012213","94.7415425012213"
"1216.355487406","50.12416544536721","50.12416544536721","50.12416544536721"
"1231.355275184","50.0994850187266","50.0994850187266","50.0994850187266"
"1246.355450675","50.110425826412644","50.110425826412644","50.110425826412644"
"1261.35583602","50.13637843999349","50.13637843999349","50.13637843999349"
"1276.357566746","50.092869646637354","50.092869646637354","50.092869646637354"
"1291.356482064","50.092869646637354","50.092869646637354","50.092869646637354"
"1306.355391871","50.09057971014492","50.09057971014492","50.09057971014492"
"1321.355386725","50.09872170656246","50.09872170656246","50.09872170656246"
"1336.356671283","50.01526624328285","50.01526624328285","50.01526624328285"
"1351.355940301","50.01628399283504","50.01628399283504","50.01628399283504"
"1366.356046812","50.01628399283504","50.01628399283504","50.01628399283504"
"1381.355630809","50.01628399283504","50.01628399283504","50.01628399283504"
"1396.355575682","50.00814199641752","50.00814199641752","50.00814199641752"
"1411.355584299","49.994656814851","49.994656814851","49.994656814851"
"1426.356361626","49.939189464256636","49.939189464256636","49.939189464256636"
"1441.356166428","49.939189464256636","49.939189464256636","49.939189464256636"
"1456.355473816","49.939189464256636","49.939189464256636","49.939189464256636"
"1471.356239238","49.939189464256636","49.939189464256636","49.939189464256636"
"1486.355472779","49.939189464256636","49.939189464256636","49.939189464256636"
"1501.357521076","49.939189464256636","49.939189464256636","49.939189464256636"
"1516.355233201","49.939189464256636","49.939189464256636","49.939189464256636"
"1531.355575169","49.939189464256636","49.939189464256636","49.939189464256636"
"1546.355640551","49.939189464256636","49.939189464256636","49.939189464256636"
"1561.355999196","49.94682258589806","49.94682258589806","49.94682258589806"
"1576.355598005","49.963615453509206","49.963615453509206","49.963615453509206"
"1591.355150841","49.999491125223905","49.999491125223905","49.999491125223905"
"1606.356126453","50.02111830320794","50.02111830320794","50.02111830320794"
"1621.355899673","50.019591678879664","50.019591678879664","50.019591678879664"
"1636.35609954","50.02697036313304","50.02697036313304","50.02697036313304"
"1651.356084174","50.009668620745806","50.009668620745806","50.009668620745806"
"1666.355865906","50.00712424686533","50.00712424686533","50.00712424686533"
"1681.355885361","50.025698176192805","50.025698176192805","50.025698176192805"
"1696.356213429","50.0048343103729","50.0048343103729","50.0048343103729"
"1711.356155097","50.0048343103729","50.0048343103729","50.0048343103729"
"1726.355483208","49.95038470933073","49.95038470933073","49.95038470933073"
"1741.355692272","49.95038470933073","49.95038470933073","49.95038470933073"
"1756.356050644","49.95038470933073","49.95038470933073","49.95038470933073"
"1771.356207541","49.95038470933073","49.95038470933073","49.95038470933073"
"1786.35673671","49.95038470933073","49.95038470933073","49.95038470933073"
"1801.355787598","50.02544373880475","50.02544373880475","50.02544373880475"
"1816.374109607","49.97710063507572","49.97710063507572","49.97710063507572"
"1831.355380439","49.97710063507572","49.97710063507572","49.97710063507572"
"1846.355931811","50.07327796775769","50.07327796775769","50.07327796775769"
"1861.355905999","49.97404738641915","49.97404738641915","49.97404738641915"
"1876.355603248","49.97404738641915","49.97404738641915","49.97404738641915"
"1891.355726108","49.97404738641915","49.97404738641915","49.97404738641915"
"1906.355479449","49.99262131574662","49.99262131574662","49.99262131574662"
"1921.355691381","49.968449763882106","49.968449763882106","49.968449763882106"
"1936.355858971","50.02722480052108","50.02722480052108","50.02722480052108"
"1951.356032461","50.0412188568637","50.0412188568637","50.0412188568637"
"1966.355318344","49.97659176029963","49.97659176029963","49.97659176029963"
"1981.35533977","49.97659176029963","49.97659176029963","49.97659176029963"
"1996.355357901","49.97659176029963","49.97659176029963","49.97659176029963"
"2011.355327964","49.951402458882924","49.951402458882924","49.951402458882924"
"2026.355461889","49.959544455300446","49.959544455300446","49.959544455300446"
"2041.356511691","49.91908891060088","49.91908891060088","49.91908891060088"
"2056.355499865","50.11373351245726","50.11373351245726","50.11373351245726"
"2071.355873021","50.231792460511315","50.231792460511315","50.231792460511315"
"2086.35569482","49.66490595994138","49.66490595994138","49.66490595994138"
"2101.35624684","50.576046246539654","50.576046246539654","50.576046246539654"
"2116.356152339","50.186757042826905","50.186757042826905","50.186757042826905"
"2131.356166523","50.17632510991695","50.17632510991695","50.17632510991695"
"2146.355665835","50.17785173424524","50.17785173424524","50.17785173424524"
"2161.35520112","50.151390245888294","50.151390245888294","50.151390245888294"
"2176.35687128","50.17556179775281","50.17556179775281","50.17556179775281"
"2191.355495696","49.52827308255984","49.52827308255984","49.52827308255984"
"2206.355243367","49.531580768604464","49.531580768604464","49.531580768604464"
"2221.355321222","49.50486484285947","49.50486484285947","49.50486484285947"
"2236.35547855","49.48298322748738","49.48298322748738","49.48298322748738"
"2251.355461825","49.49774059599414","49.49774059599414","49.49774059599414"
"2266.355676707","49.49774059599414","49.49774059599414","49.49774059599414"
"2281.355894979","49.48298322748738","49.48298322748738","49.48298322748738"
"2296.355881483","49.509699153232376","49.509699153232376","49.509699153232376"
"2311.356751585","49.474332356293765","49.474332356293765","49.474332356293765"
"2326.356091854","49.481456603159096","49.481456603159096","49.481456603159096"
"2341.35551623","49.470261358085004","49.470261358085004","49.470261358085004"
"2356.355824097","49.46313711121967","49.46313711121967","49.46313711121967"
"2371.355687279","49.470261358085004","49.470261358085004","49.470261358085004"
"2386.355248333","49.46313711121967","49.46313711121967","49.46313711121967"
"2401.356400184","49.46466373554796","49.46466373554796","49.46466373554796"
"2416.355237301","49.446853118384624","49.446853118384624","49.446853118384624"
"2431.355787255","49.519622211366226","49.519622211366226","49.519622211366226"
"2446.355722848","49.46491817293601","49.46491817293601","49.46491817293601"
"2461.355835881","49.42955137599739","49.42955137599739","49.42955137599739"
"2476.355175847","49.45448624002605","49.45448624002605","49.45448624002605"
"2491.35577705","49.4343856863703","49.4343856863703","49.4343856863703"
"2506.356667652","49.4343856863703","49.4343856863703","49.4343856863703"
"2521.355359621","49.43820224719101","49.43820224719101","49.43820224719101"
"2536.355765334","49.36314321771698","49.36314321771698","49.36314321771698"
"2551.355844644","49.36823196547794","49.36823196547794","49.36823196547794"
"2566.355665414","49.3509302230907","49.3509302230907","49.3509302230907"
"2581.355332541","49.38426152092493","49.38426152092493","49.38426152092493"
"2596.355774378","49.32752198339033","49.32752198339033","49.32752198339033"
"2611.355187527","49.33464623025566","49.33464623025566","49.33464623025566"
"2626.355768333","49.32752198339033","49.32752198339033","49.32752198339033"
"2641.356047075","49.39342126689464","49.39342126689464","49.39342126689464"
"2656.355637629","95.88040425012213","95.88040425012213","95.88040425012213"
"2671.355706313","95.8625936329588","95.8625936329588","95.8625936329588"
"2686.35569972","95.82315583781144","95.82315583781144","95.82315583781144"
"2701.355790008","95.76209086468002","95.76209086468002","95.76209086468002"
"2716.35609789","95.88142199967432","95.88142199967432","95.88142199967432"
"2731.356050323","95.85699601042175","95.85699601042175","95.85699601042175"
"2746.355240357","95.84503745318352","95.84503745318352","95.84503745318352"
"2761.356003721","95.85292501221299","95.85292501221299","95.85292501221299"
"2776.356417773","95.83816764370624","95.83816764370624","95.83816764370624"
"2791.355537344","95.87404331542095","95.87404331542095","95.87404331542095"
"2806.355756812","95.86488356945124","95.86488356945124","95.86488356945124"
"2821.355648059","95.82951677251262","95.82951677251262","95.82951677251262"
"2836.355783465","95.83816764370624","95.83816764370624","95.83816764370624"
"2851.355171064","95.82951677251262","95.82951677251262","95.82951677251262"
"2866.355403668","95.86488356945124","95.86488356945124","95.86488356945124"
"2881.355329225","95.86488356945124","95.86488356945124","95.86488356945124"
"2896.355936545","95.83816764370624","95.83816764370624","95.83816764370624"
"2911.355618746","95.88727405959942","95.88727405959942","95.88727405959942"
"2926.355457928","95.87735100146556","95.87735100146556","95.87735100146556"
"2941.355541208","95.85114395049666","95.85114395049666","95.85114395049666"
"2956.356057092","95.82951677251262","95.82951677251262","95.82951677251262"
"2971.356290279","95.82951677251262","95.82951677251262","95.82951677251262"
"2986.355549668","49.33617285458394","49.33617285458394","49.33617285458394"
"3001.35612059","49.33439179286761","49.33439179286761","49.33439179286761"
"3016.356033647","49.31200130271943","49.31200130271943","49.31200130271943"
"3031.355970896","49.33439179286761","49.33439179286761","49.33439179286761"
"3046.355737319","49.31200130271943","49.31200130271943","49.31200130271943"
"3061.355256727","49.32828529555447","49.32828529555447","49.32828529555447"
"3076.355569098","49.30767586712262","49.30767586712262","49.30767586712262"
"3091.355929954","49.30767586712262","49.30767586712262","49.30767586712262"
"3106.355850733","49.33439179286761","49.33439179286761","49.33439179286761"
"3121.355512481","49.32294211040547","49.32294211040547","49.32294211040547"
"3136.355930279","49.312255740107474","49.312255740107474","49.312255740107474"
"3151.356740192","49.30767586712262","49.30767586712262","49.30767586712262"
"3166.356026689","49.30767586712262","49.30767586712262","49.30767586712262"
"3181.356094103","49.36390652988113","49.36390652988113","49.36390652988113"
"3196.355903571","49.36390652988113","49.36390652988113","49.36390652988113"
"3211.355891524","49.48985303696467","49.48985303696467","49.48985303696467"
"3226.355686786","49.32701310861423","49.32701310861423","49.32701310861423"
"3241.355382518","49.32879417033057","49.32879417033057","49.32879417033057"
"3256.356835148","49.389859143461976","49.389859143461976","49.389859143461976"
"3271.356074096","49.36314321771698","49.36314321771698","49.36314321771698"
"3286.356207963","49.36237990555284","49.36237990555284","49.36237990555284"
"3301.357317793","49.29698949682462","49.29698949682462","49.29698949682462"
"3316.356101485","49.305385930630194","49.305385930630194","49.305385930630194"
"3331.355674399","49.30513149324214","49.30513149324214","49.30513149324214"
"3346.355705347","49.30513149324214","49.30513149324214","49.30513149324214"
"3361.355942558","49.30513149324214","49.30513149324214","49.30513149324214"
"3376.355240918","49.30513149324214","49.30513149324214","49.30513149324214"
"3391.356104703","49.305385930630194","49.305385930630194","49.305385930630194"
"3406.355817756","49.30564036801824","49.30564036801824","49.30564036801824"
"3421.355747908","49.305385930630194","49.305385930630194","49.305385930630194"
"3436.355758644","49.29724393421267","49.29724393421267","49.29724393421267"
"3451.35594549","49.29749837160072","49.29749837160072","49.29749837160072"
"3466.356277351","49.29775280898877","49.29775280898877","49.29775280898877"
"3481.356030205","49.29775280898877","49.29775280898877","49.29775280898877"
"3496.355704039","49.23617896108126","49.23617896108126","49.23617896108126"
"3511.356216357","49.22829140205178","49.22829140205178","49.22829140205178"
"3526.355588344","49.22829140205178","49.22829140205178","49.22829140205178"
"3541.355601393","49.22854583943983","49.22854583943983","49.22854583943983"
"3556.355711778","49.29775280898877","49.29775280898877","49.29775280898877"
"3571.355832126","49.29800724637681","49.29800724637681","49.29800724637681"
"3586.355462149","49.29724393421267","49.29724393421267","49.29724393421267"
"3601.35639391","49.29724393421267","49.29724393421267","49.29724393421267"
"3616.356164971","49.28910193779515","49.28910193779515","49.28910193779515"
"3631.355307846","49.29749837160072","49.29749837160072","49.29749837160072"
"3646.355658012","49.29775280898877","49.29775280898877","49.29775280898877"
"3661.355478692","49.29800724637681","49.29800724637681","49.29800724637681"
"3676.35558549","49.29724393421267","49.29724393421267","49.29724393421267"
"3691.355866224","49.29724393421267","49.29724393421267","49.29724393421267"
"3706.356157026","49.29749837160072","49.29749837160072","49.29749837160072"
"3721.355863931","49.76947972642892","49.76947972642892","49.76947972642892"
"3736.356100638","49.7715152255333","49.7715152255333","49.7715152255333"
"3751.355922142","49.769225289040875","49.769225289040875","49.769225289040875"
"3766.356430791","49.76947972642892","49.76947972642892","49.76947972642892"
"3781.356373595","49.76947972642892","49.76947972642892","49.76947972642892"
"3796.356234693","49.92570428269011","49.92570428269011","49.92570428269011"
"3811.355305332","49.91756228627259","49.91756228627259","49.91756228627259"
"3826.355490186","49.91756228627259","49.91756228627259","49.91756228627259"
"3841.356028174","49.90942028985507","49.90942028985507","49.90942028985507"
"3856.355982726","49.91781672366064","49.91781672366064","49.91781672366064"
"3871.355945602","49.91756228627259","49.91756228627259","49.91756228627259"
"3886.359475936","49.92163328448135","49.92163328448135","49.92163328448135"
"3901.355304467","50.03002361178961","50.03002361178961","50.03002361178961"
"3916.355084192","50.041727731639796","50.041727731639796","50.041727731639796"
"3931.356456155","49.976337322911576","49.976337322911576","49.976337322911576"
"3946.355478551","49.961579954404826","49.961579954404826","49.961579954404826"
"3961.35579134","49.98804144276177","49.98804144276177","49.98804144276177"
"3976.35536911","50.388780328936654","50.388780328936654","50.388780328936654"
"3991.356211477","50.410916381696794","50.410916381696794","50.410916381696794"
"4006.355559378","50.325679856700866","50.325679856700866","50.325679856700866"
"4021.355967915","50.30099943006026","50.30099943006026","50.30099943006026"
"4036.356158052","50.315502361178964","50.315502361178964","50.315502361178964"
"4051.355166686","50.315756798567016","50.315756798567016","50.315756798567016"
"4066.35642691","50.31499348640287","50.31499348640287","50.31499348640287"
"4081.355770262","50.369188650057","50.369188650057","50.369188650057"
"4096.355542819","50.191591353199804","50.191591353199804","50.191591353199804"
"4111.355334088","50.17199967432015","50.17199967432015","50.17199967432015"
"4126.356166259","50.197697850512945","50.197697850512945","50.197697850512945"
"4141.35530174","50.31397573685068","50.31397573685068","50.31397573685068"
"4156.35535578","50.31626567334311","50.31626567334311","50.31626567334311"
"4171.355759826","49.735893991206645","49.735893991206645","49.735893991206645"
"4186.356285625","49.55040913531998","49.55040913531998","49.55040913531998"
"4201.355764887","49.550663572708025","49.550663572708025","49.550663572708025"
"4216.356086221","49.611982983227485","49.611982983227485","49.611982983227485"
"4231.355609405","49.56414875427455","49.56414875427455","49.56414875427455"
"4246.356219691","49.46135604950334","49.46135604950334","49.46135604950334"
"4261.355689188","49.46084717472724","49.46084717472724","49.46084717472724"
"4276.355964541","49.46084717472724","49.46084717472724","49.46084717472724"
"4291.355292667","49.46084717472724","49.46084717472724","49.46084717472724"
"4306.356426506","49.46084717472724","49.46084717472724","49.46084717472724"
"4321.355316846","49.461101612115286","49.461101612115286","49.461101612115286"
"4336.356408153","49.453214053085816","49.453214053085816","49.453214053085816"
"4351.355801026","49.46135604950334","49.46135604950334","49.46135604950334"
"4366.355832518","49.46135604950334","49.46135604950334","49.46135604950334"
"4381.355398517","49.46135604950334","49.46135604950334","49.46135604950334"
"4396.357295695","49.46084717472724","49.46084717472724","49.46084717472724"
"4411.355717413","49.48934416218857","49.48934416218857","49.48934416218857"
"4426.355927738","49.37637396189546","49.37637396189546","49.37637396189546"
"4441.356837706","49.36543315420941","49.36543315420941","49.36543315420941"
"4456.35561651","95.89439830646475","95.89439830646475","95.89439830646475"
"4471.356038061","95.88651074743527","95.88651074743527","95.88651074743527"
"4486.35578435","95.87048119198828","95.87048119198828","95.87048119198828"
"4501.356197986","95.87785987624166","95.87785987624166","95.87785987624166"
"4516.355863555","95.87811431362971","95.87811431362971","95.87811431362971"
"4531.355675951","95.81755821527439","95.81755821527439","95.81755821527439"
"4546.355865129","95.82570021169191","95.82570021169191","95.82570021169191"
"4561.356053529","95.82570021169191","95.82570021169191","95.82570021169191"
"4576.355732339","95.83409664549748","95.83409664549748","95.83409664549748"
"4591.355335244","95.83435108288553","95.83435108288553","95.83435108288553"
"4606.356115262","95.83460552027357","95.83460552027357","95.83460552027357"
"4621.356089923","95.83460552027357","95.83460552027357","95.83460552027357"
"4636.355569118","95.82570021169191","95.82570021169191","95.82570021169191"
"4651.356148909","95.82570021169191","95.82570021169191","95.82570021169191"
"4666.355295288","95.82595464907996","95.82595464907996","95.82595464907996"
"4681.355619103","95.82620908646801","95.82620908646801","95.82620908646801"
"4696.355537295","95.82620908646801","95.82620908646801","95.82620908646801"
"4711.356394866","95.81832152743853","95.81832152743853","95.81832152743853"
"4726.355906729","95.81399609184173","95.81399609184173","95.81399609184173"
"4741.3556795","95.81908483960268","95.81908483960268","95.81908483960268"
"4756.355766149","95.81908483960268","95.81908483960268","95.81908483960268"
"4771.355835533","95.81933927699072","95.81933927699072","95.81933927699072"
"4786.355858473","49.29062856212344","49.29062856212344","49.29062856212344"
"4801.355398271","49.299024995929","49.299024995929","49.299024995929"
"4816.355954977","49.29851612115291","49.29851612115291","49.29851612115291"
"4831.355867868","49.29851612115291","49.29851612115291","49.29851612115291"
"4846.355716481","49.29877055854096","49.29877055854096","49.29877055854096"
"4861.35577463","49.299024995929","49.299024995929","49.299024995929"
"4876.355484394","49.29088299951148","49.29088299951148","49.29088299951148"
"4891.3553337","49.2995338707051","49.2995338707051","49.2995338707051"
"4906.356255723","49.29877055854096","49.29877055854096","49.29877055854096"
"4921.356216311","49.299024995929","49.299024995929","49.299024995929"
"4936.355917308","49.299279433317054","49.299279433317054","49.299279433317054"
"4951.356120016","49.29139187428758","49.29139187428758","49.29139187428758"
"4966.356409595","49.29164631167563","49.29164631167563","49.29164631167563"
"4981.355901504","49.29062856212344","49.29062856212344","49.29062856212344"
"4996.356771601","49.29062856212344","49.29062856212344","49.29062856212344"
"5011.355714294","49.281214378765675","49.281214378765675","49.281214378765675"
"5026.355871256","49.281468816153726","49.281468816153726","49.281468816153726"
"5041.355377243","49.28172325354177","49.28172325354177","49.28172325354177"
"5056.355454724","49.28986524995929","49.28986524995929","49.28986524995929"
"5071.355556021","49.28910193779515","49.28910193779515","49.28910193779515"
"5086.355120495","49.289356375183196","49.289356375183196","49.289356375183196"
"5101.355344399","49.289356375183196","49.289356375183196","49.289356375183196"
"5116.3553303","49.289356375183196","49.289356375183196","49.289356375183196"
"5131.356026581","49.28961081257125","49.28961081257125","49.28961081257125"
"5146.356052149","49.279433317049346","49.279433317049346","49.279433317049346"
"5161.355720213","49.28757531346687","49.28757531346687","49.28757531346687"
"5176.355579604","49.28757531346687","49.28757531346687","49.28757531346687"
"5191.35548647","49.28757531346687","49.28757531346687","49.28757531346687"
"5206.35529439","49.312510177495525","49.312510177495525","49.312510177495525"
"5221.35623403","49.36288878032894","49.36288878032894","49.36288878032894"
"5236.356100005","49.40665201107311","49.40665201107311","49.40665201107311"
"5251.356904516","49.36492427943332","49.36492427943332","49.36492427943332"
"5266.355640502","49.348640286598275","49.348640286598275","49.348640286598275"
"5281.356361652","49.36619646637356","49.36619646637356","49.36619646637356"
"5296.356362364","49.48221991532324","49.48221991532324","49.48221991532324"
"5311.355230068","49.41937388047549","49.41937388047549","49.41937388047549"
"5326.35582162","49.410723009281874","49.410723009281874","49.410723009281874"
"5341.356966865","49.37001302719427","49.37001302719427","49.37001302719427"
"5356.378780357","49.348640286598275","49.348640286598275","49.348640286598275"
"5371.356021925","49.420137192639636","49.420137192639636","49.420137192639636"
"5386.356490231","49.519622211366226","49.519622211366226","49.519622211366226"
"5401.35549217","49.36416096726917","49.36416096726917","49.36416096726917"
"5416.355991407","49.38324377137274","49.38324377137274","49.38324377137274"
"5431.355516959","49.382989333984696","49.382989333984696","49.382989333984696"
"5446.355734227","49.32777642077838","49.32777642077838","49.32777642077838"
"5461.356089628","49.336427291971994","49.336427291971994","49.336427291971994"
"5476.355954996","49.33617285458394","49.33617285458394","49.33617285458394"
"5491.355448784","49.33668172936004","49.33668172936004","49.33668172936004"
"5506.355461628","49.33693616674809","49.33693616674809","49.33693616674809"
"5521.356467688","49.33566397980785","49.33566397980785","49.33566397980785"
"5536.355493166","49.32853973294252","49.32853973294252","49.32853973294252"
"5551.356170257","49.3359184171959","49.3359184171959","49.3359184171959"
"5566.356106134","49.3359184171959","49.3359184171959","49.3359184171959"
"5581.355963474","49.336427291971994","49.336427291971994","49.336427291971994"
"5596.355902031","49.33617285458394","49.33617285458394","49.33617285458394"
"5611.35565335","49.32803085816642","49.32803085816642","49.32803085816642"
"5626.35586701","49.32853973294252","49.32853973294252","49.32853973294252"
"5641.357423222","49.32828529555447","49.32828529555447","49.32828529555447"
"5656.355837606","49.3359184171959","49.3359184171959","49.3359184171959"
"5671.355946907","49.3359184171959","49.3359184171959","49.3359184171959"
"5686.356752305","49.33159298159909","49.33159298159909","49.33159298159909"
"5701.355378092","49.33515510503175","49.33515510503175","49.33515510503175"
"5716.355709232","49.33515510503175","49.33515510503175","49.33515510503175"
"5731.355993474","49.33515510503175","49.33515510503175","49.33515510503175"
"5746.355366593","49.335409542419804","49.335409542419804","49.335409542419804"
"5761.356432509","49.32726754600228","49.32726754600228","49.32726754600228"
"5776.355235442","49.33413735547956","49.33413735547956","49.33413735547956"
"5791.355335213","49.33515510503175","49.33515510503175","49.33515510503175"
"5806.356323253","49.33413735547956","49.33413735547956","49.33413735547956"
"5821.355370337","49.33515510503175","49.33515510503175","49.33515510503175"
"5836.355691088","49.32752198339033","49.32752198339033","49.32752198339033"
"5851.356561695","49.32777642077838","49.32777642077838","49.32777642077838"
"5866.356395108","49.32752198339033","49.32752198339033","49.32752198339033"
"5881.35573348","49.32777642077838","49.32777642077838","49.32777642077838"
"5896.356771552","49.32752198339033","49.32752198339033","49.32752198339033"
"5911.35574315","49.31403680182381","49.31403680182381","49.31403680182381"
"5926.355442038","49.315054551376","49.315054551376","49.315054551376"
"5941.355962809","49.32319654779352","49.32319654779352","49.32319654779352"
"5956.356260605","49.321415486077186","49.321415486077186","49.321415486077186"
"5971.355346443","49.322433235629376","49.322433235629376","49.322433235629376"
"5986.355808276","49.32319654779352","49.32319654779352","49.32319654779352"
"6001.356603099","49.47280573196548","49.47280573196548","49.47280573196548"
"6016.356243541","49.32624979645009","49.32624979645009","49.32624979645009"
"6031.355705023","49.40843307278945","49.40843307278945","49.40843307278945"
"6046.355922948","49.407924198013355","49.407924198013355","49.407924198013355"
"6061.355761806","49.47484123106986","49.47484123106986","49.47484123106986"
"6076.355634928","49.477640042338386","49.477640042338386","49.477640042338386"
"6091.355496329","49.38909583129784","49.38909583129784","49.38909583129784"
"6106.355480544","49.387823644357596","49.387823644357596","49.387823644357596"
"6121.355525559","49.387823644357596","49.387823644357596","49.387823644357596"
"6136.356408012","49.43540343592249","49.43540343592249","49.43540343592249"
"6151.355384397","49.43235018726592","49.43235018726592","49.43235018726592"
"6166.355669887","49.42980581338544","49.42980581338544","49.42980581338544"
"6181.355580997","49.42675256472887","49.42675256472887","49.42675256472887"
"6196.355958743","49.4285336264452","49.4285336264452","49.4285336264452"
"6211.355923876","49.446089806220485","49.446089806220485","49.446089806220485"
"6226.355544527","49.42878806383325","49.42878806383325","49.42878806383325"
"6241.355660194","49.52598314606742","49.52598314606742","49.52598314606742"
"6256.355854995","95.99515551213157","95.99515551213157","95.99515551213157"
"6271.355903103","95.90355805243446","95.90355805243446","95.90355805243446"
"6286.355989364","95.90355805243446","95.90355805243446","95.90355805243446"
"6301.356238286","95.90355805243446","95.90355805243446","95.90355805243446"
"6316.355273211","95.91170004885198","95.91170004885198","95.91170004885198"
"6331.356240768","95.91195448624002","95.91195448624002","95.91195448624002"
"6346.356148317","95.91220892362807","95.91220892362807","95.91220892362807"
"6361.355968681","95.91246336101612","95.91246336101612","95.91246336101612"
"6376.355808939","95.858268197362","95.858268197362","95.858268197362"
"6391.356748134","95.86641019377952","95.86641019377952","95.86641019377952"
"6406.356047281","95.86641019377952","95.86641019377952","95.86641019377952"
"6421.355680889","95.8684456928839","95.8684456928839","95.8684456928839"
"6436.355087681","95.86641019377952","95.86641019377952","95.86641019377952"
"6451.355191097","95.79593103729034","95.79593103729034","95.79593103729034"
"6466.355608428","95.7432624979645","95.7432624979645","95.7432624979645"
"6481.35559166","95.74351693535255","95.74351693535255","95.74351693535255"
"6496.355819451","95.81145171796125","95.81145171796125","95.81145171796125"
"6511.3555795","95.85292501221299","95.85292501221299","95.85292501221299"
"6526.356127486","95.85292501221299","95.85292501221299","95.85292501221299"
"6541.356727422","95.85292501221299","95.85292501221299","95.85292501221299"
"6556.355435313","95.85063507572058","95.85063507572058","95.85063507572058"
"6571.355514718","95.8776054388536","95.8776054388536","95.8776054388536"
"6586.357112095","49.33235629376323","49.33235629376323","49.33235629376323"
"6601.35833216","49.33235629376323","49.33235629376323","49.33235629376323"
"6616.355644084","49.340498290180754","49.340498290180754","49.340498290180754"
"6631.35639659","49.33235629376323","49.33235629376323","49.33235629376323"
"6646.3558562","49.33261073115128","49.33261073115128","49.33261073115128"
"6661.356181198","49.33082966943495","49.33082966943495","49.33082966943495"
"6676.356255974","49.33082966943495","49.33082966943495","49.33082966943495"
"6691.355729201","49.400799951148024","49.400799951148024","49.400799951148024"
"6706.355516239","49.408941947565545","49.408941947565545","49.408941947565545"
"6721.356137458","49.408941947565545","49.408941947565545","49.408941947565545"
"6736.355520552","49.513515714053085","49.513515714053085","49.513515714053085"
"6751.356272832","49.48858085002443","49.48858085002443","49.48858085002443"
"6766.355836946","49.48858085002443","49.48858085002443","49.48858085002443"
"6781.356106379","49.454995114802145","49.454995114802145","49.454995114802145"
"6796.356094147","49.55346238397655","49.55346238397655","49.55346238397655"
"6811.356100682","49.43285906204201","49.43285906204201","49.43285906204201"
"6826.355689983","49.55040913531998","49.55040913531998","49.55040913531998"
"6841.35581712","49.41632063181892","49.41632063181892","49.41632063181892"
"6856.356832605","49.41632063181892","49.41632063181892","49.41632063181892"
"6871.35540488","49.53081745644032","49.53081745644032","49.53081745644032"
"6886.355576825","49.469243608532814","49.469243608532814","49.469243608532814"
"6901.355792697","49.420137192639636","49.420137192639636","49.420137192639636"
"6916.355424602","49.45270517830972","49.45270517830972","49.45270517830972"
"6931.35608771","49.42140937957987","49.42140937957987","49.42140937957987"
"6946.355200645","49.418865005699395","49.418865005699395","49.418865005699395"
"6961.35586398","49.4911252239049","49.4911252239049","49.4911252239049"
"6976.356377608","49.49061634912881","49.49061634912881","49.49061634912881"
"6991.356513761","49.447870867936814","49.447870867936814","49.447870867936814"
"7006.355368616","49.39596564077512","49.39596564077512","49.39596564077512"
"7021.356161986","49.38807808174565","49.38807808174565","49.38807808174565"
"7036.355762876","49.415811757042825","49.415811757042825","49.415811757042825"
"7051.355933897","49.41937388047549","49.41937388047549","49.41937388047549"
"7066.356089143","49.56949193942355","49.56949193942355","49.56949193942355"
"7081.355987195","49.50104828203876","49.50104828203876","49.50104828203876"
"7096.360242521","49.499521657710474","49.499521657710474","49.499521657710474"
"7111.355156317","49.47178798241329","49.47178798241329","49.47178798241329"
"7126.360151371","49.455249552190196","49.455249552190196","49.455249552190196"
"7141.355282071","49.463391548607724","49.463391548607724","49.463391548607724"
"7156.357137192","49.46364598599577","49.46364598599577","49.46364598599577"
"7171.356128083","49.634119035987624","49.634119035987624","49.634119035987624"
"7186.355615701","49.69594732128318","49.69594732128318","49.69594732128318"
"7201.355659064","49.558805569125546","49.558805569125546","49.558805569125546"
"7216.355380585","49.558805569125546","49.558805569125546","49.558805569125546"
"7231.356356594","49.5323440807686","49.5323440807686","49.5323440807686"
"7246.357697189","49.572036313304025","49.572036313304025","49.572036313304025"
"7261.356364078","49.49672284644195","49.49672284644195","49.49672284644195"
"7276.355944866","49.49723172121804","49.49723172121804","49.49723172121804"
"7291.35629461","49.49697728383","49.49697728383","49.49697728383"
"7306.356264365","49.4338768115942","49.4338768115942","49.4338768115942"
"7321.355283171","50.09999389350269","50.09999389350269","50.09999389350269"
"7336.35561364","50.07149690604136","50.07149690604136","50.07149690604136"
"7351.355120175","49.99363906529881","49.99363906529881","49.99363906529881"
"7366.356018785","49.559823318677736","49.559823318677736","49.559823318677736"
"7381.355841567","49.41046857189383","49.41046857189383","49.41046857189383"
"7396.355323342","49.407924198013355","49.407924198013355","49.407924198013355"
"7411.364190845","49.45753948868262","49.45753948868262","49.45753948868262"
"7426.356892493","49.45779392607067","49.45779392607067","49.45779392607067"
"7441.356089084","49.45779392607067","49.45779392607067","49.45779392607067"
"7456.355288037","49.466190359876244","49.466190359876244","49.466190359876244"
"7471.355475516","49.548882510991696","49.548882510991696","49.548882510991696"
"7486.356169186","49.49977609509852","49.49977609509852","49.49977609509852"
"7501.355550562","49.483492102263476","49.483492102263476","49.483492102263476"
"7516.355544427","49.48374653965153","49.48374653965153","49.48374653965153"
"7531.355923469","49.48400097703957","49.48400097703957","49.48400097703957"
"7546.356951749","49.54532038755903","49.54532038755903","49.54532038755903"
"7561.355259218","49.48985303696467","49.48985303696467","49.48985303696467"
"7576.356318825","49.65549177658362","49.65549177658362","49.65549177658362"
"7591.355642851","49.48908972480052","49.48908972480052","49.48908972480052"
"7606.355878159","49.43184131248982","49.43184131248982","49.43184131248982"
"7621.356087555","49.56058663084188","49.56058663084188","49.56058663084188"
"7636.356051387","49.449906367041194","49.449906367041194","49.449906367041194"
"7651.356869066","49.450160804429245","49.450160804429245","49.450160804429245"
"7666.355701263","49.450160804429245","49.450160804429245","49.450160804429245"
"7681.357333056","49.450160804429245","49.450160804429245","49.450160804429245"
"7696.355705167","49.458302800846766","49.458302800846766","49.458302800846766"
"7711.355478603","49.45041524181729","49.45041524181729","49.45041524181729"
"7726.356016279","49.35881778212018","49.35881778212018","49.35881778212018"
"7741.357208483","49.35881778212018","49.35881778212018","49.35881778212018"
"7756.355704633","49.35907221950822","49.35907221950822","49.35907221950822"
"7771.355350327","49.35907221950822","49.35907221950822","49.35907221950822"
"7786.355449815","49.358563344732126","49.358563344732126","49.358563344732126"
"7801.355667232","49.358563344732126","49.358563344732126","49.358563344732126"
"7816.355319828","49.35881778212018","49.35881778212018","49.35881778212018"
"7831.355588036","49.35016691092656","49.35016691092656","49.35016691092656"
"7846.355223583","49.350421348314605","49.350421348314605","49.350421348314605"
"7861.355640562","49.350421348314605","49.350421348314605","49.350421348314605"
"7876.355716101","49.34227935189708","49.34227935189708","49.34227935189708"
"7891.355185922","49.349658036150466","49.349658036150466","49.349658036150466"
"7906.355559579","49.349658036150466","49.349658036150466","49.349658036150466"
"7921.356959706","49.319379986972805","49.319379986972805","49.319379986972805"
"7936.355687007","49.33464623025566","49.33464623025566","49.33464623025566"
"7951.355827206","49.33693616674809","49.33693616674809","49.33693616674809"
"7966.362767516","49.33617285458394","49.33617285458394","49.33617285458394"
"7981.35607489","49.335409542419804","49.335409542419804","49.335409542419804"
"7996.355541996","49.33566397980785","49.33566397980785","49.33566397980785"
"8011.356644902","49.315308988764045","49.315308988764045","49.315308988764045"
"8026.355932705","49.315308988764045","49.315308988764045","49.315308988764045"
"8041.355488434","49.323450985181566","49.323450985181566","49.323450985181566"
"8056.356079325","95.8524161374369","95.8524161374369","95.8524161374369"
"8071.35611685","95.8470729522879","95.8470729522879","95.8470729522879"
"8086.35748774","95.84630964012376","95.84630964012376","95.84630964012376"
"8101.35556537","95.84630964012376","95.84630964012376","95.84630964012376"
"8116.356458688","95.84630964012376","95.84630964012376","95.84630964012376"
"8131.356456637","95.84630964012376","95.84630964012376","95.84630964012376"
"8146.356172426","95.84630964012376","95.84630964012376","95.84630964012376"
"8161.355780766","95.84656407751181","95.84656407751181","95.84656407751181"
"8176.355562965","95.84656407751181","95.84656407751181","95.84656407751181"
"8191.355576249","95.84656407751181","95.84656407751181","95.84656407751181"
"8206.355482035","95.84656407751181","95.84656407751181","95.84656407751181"
"8221.355206163","95.84656407751181","95.84656407751181","95.84656407751181"
"8236.355791732","95.84630964012376","95.84630964012376","95.84630964012376"
"8251.355120428","95.85445163654128","95.85445163654128","95.85445163654128"
"8266.356183968","95.85445163654128","95.85445163654128","95.85445163654128"
"8281.355548363","95.85445163654128","95.85445163654128","95.85445163654128"
"8296.356061088","95.85445163654128","95.85445163654128","95.85445163654128"
"8311.357596318","95.84656407751181","95.84656407751181","95.84656407751181"
"8326.357872208","95.84681851489985","95.84681851489985","95.84681851489985"
"8341.35593588","95.84681851489985","95.84681851489985","95.84681851489985"
"8356.355451954","95.85496051131737","95.85496051131737","95.85496051131737"
"8371.355967824","95.85496051131737","95.85496051131737","95.85496051131737"
"8386.356208609","95.85496051131737","95.85496051131737","95.85496051131737"
"8401.355955851","49.32624979645009","49.32624979645009","49.32624979645009"
"8416.356085113","49.325740921674","49.325740921674","49.325740921674"
"8431.355949035","49.325740921674","49.325740921674","49.325740921674"
"8446.355260783","49.325740921674","49.325740921674","49.325740921674"
"8461.356077371","49.325740921674","49.325740921674","49.325740921674"
"8476.355960642","49.325740921674","49.325740921674","49.325740921674"
"8491.355570429","49.325740921674","49.325740921674","49.325740921674"
"8506.355779754","49.325740921674","49.325740921674","49.325740921674"
"8521.35600899","49.325740921674","49.325740921674","49.325740921674"
"8536.356258871","49.31785336264452","49.31785336264452","49.31785336264452"
"8551.355811564","49.30793030451067","49.30793030451067","49.30793030451067"
"8566.355150765","49.34126160234489","49.34126160234489","49.34126160234489"
"8581.355918649","49.34126160234489","49.34126160234489","49.34126160234489"
"8596.355558553","49.34126160234489","49.34126160234489","49.34126160234489"
"8611.355589755","49.3305752320469","49.3305752320469","49.3305752320469"
"8626.355821235","49.3305752320469","49.3305752320469","49.3305752320469"
"8641.355603949","49.33082966943495","49.33082966943495","49.33082966943495"
"8656.356594079","49.33922610324051","49.33922610324051","49.33922610324051"
"8671.356399507","49.339480540628564","49.339480540628564","49.339480540628564"
"8686.35604932","49.339480540628564","49.339480540628564","49.339480540628564"
"8701.355608037","49.33897166585247","49.33897166585247","49.33897166585247"
"8716.356080448","49.33897166585247","49.33897166585247","49.33897166585247"
"8731.355907972","49.33897166585247","49.33897166585247","49.33897166585247"
"8746.356723697","49.33897166585247","49.33897166585247","49.33897166585247"
"8761.356043388","49.33897166585247","49.33897166585247","49.33897166585247"
"8776.356158639","49.33922610324051","49.33922610324051","49.33922610324051"
"8791.355736586","49.33922610324051","49.33922610324051","49.33922610324051"
"8806.355967596","49.33871722846442","49.33871722846442","49.33871722846442"
"8821.356076887","49.33871722846442","49.33871722846442","49.33871722846442"
"8836.355091309","49.33897166585247","49.33897166585247","49.33897166585247"
"8851.355618371","49.33922610324051","49.33922610324051","49.33922610324051"
"8866.357174646","49.33082966943495","49.33082966943495","49.33082966943495"
"8881.356052388","49.33897166585247","49.33897166585247","49.33897166585247"
"8896.355498434","49.34711366226999","49.34711366226999","49.34711366226999"
"8911.35552668","49.34711366226999","49.34711366226999","49.34711366226999"
"8926.35635363","49.34711366226999","49.34711366226999","49.34711366226999"
"8941.356345004","49.34711366226999","49.34711366226999","49.34711366226999"
"8956.355810552","49.34711366226999","49.34711366226999","49.34711366226999"
"8971.355676451","49.347368099658034","49.347368099658034","49.347368099658034"
"8986.355338196","49.347368099658034","49.347368099658034","49.347368099658034"
"9001.355936568","49.347368099658034","49.347368099658034","49.347368099658034"
"9016.355390395","49.355510096075555","49.355510096075555","49.355510096075555"
"9031.355837061","49.35525565868751","49.35525565868751","49.35525565868751"
"9046.355279498","49.35525565868751","49.35525565868751","49.35525565868751"
"9061.356098972","49.35525565868751","49.35525565868751","49.35525565868751"
"9076.355889126","49.355510096075555","49.355510096075555","49.355510096075555"
"9091.355500041","49.355764533463606","49.355764533463606","49.355764533463606"
"9106.356913128","49.35601897085165","49.35601897085165","49.35601897085165"
"9121.355241767","49.35601897085165","49.35601897085165","49.35601897085165"
"9136.357360554","49.33082966943495","49.33082966943495","49.33082966943495"
"9151.367160538","49.33108410682299","49.33108410682299","49.33108410682299"
"9166.356239626","49.315563426152096","49.315563426152096","49.315563426152096"
"9181.355584341","49.32370542256962","49.32370542256962","49.32370542256962"
"9196.35557022","49.32370542256962","49.32370542256962","49.32370542256962"
"9211.355506194","49.3048770558541","49.3048770558541","49.3048770558541"
"9226.355803077","49.3048770558541","49.3048770558541","49.3048770558541"
"9241.355670029","49.30462261846605","49.30462261846605","49.30462261846605"
"9256.355842534","49.31301905227162","49.31301905227162","49.31301905227162"
"9271.35556532","49.313273489659665","49.313273489659665","49.313273489659665"
"9286.355256093","49.313273489659665","49.313273489659665","49.313273489659665"
"9301.355662136","49.313273489659665","49.313273489659665","49.313273489659665"
"9316.357159478","49.313273489659665","49.313273489659665","49.313273489659665"
"9331.355582633","49.313273489659665","49.313273489659665","49.313273489659665"
"9346.356045397","49.50588259241166","49.50588259241166","49.50588259241166"
"9361.355953708","49.344569288389515","49.344569288389515","49.344569288389515"
"9376.356306707","49.35322015958313","49.35322015958313","49.35322015958313"
"9391.356124853","49.353474596971175","49.353474596971175","49.353474596971175"
"9406.355749154","49.352711284807036","49.352711284807036","49.352711284807036"
"9421.355878049","49.35322015958313","49.35322015958313","49.35322015958313"
"9436.355171924","49.353474596971175","49.353474596971175","49.353474596971175"
"9451.355298792","49.353729034359226","49.353729034359226","49.353729034359226"
"9466.355289199","49.564912066438694","49.564912066438694","49.564912066438694"
"9481.355983038","49.58424930793031","49.58424930793031","49.58424930793031"
"9496.355463628","49.429042501221296","49.429042501221296","49.429042501221296"
"9511.35706663","49.418865005699395","49.418865005699395","49.418865005699395"
"9526.356526379","49.418865005699395","49.418865005699395","49.418865005699395"
"9541.356035474","49.414794007490634","49.414794007490634","49.414794007490634"
"9556.356774703","49.41453957010259","49.41453957010259","49.41453957010259"
"9571.355484682","49.41453957010259","49.41453957010259","49.41453957010259"
"9586.355280635","49.41453957010259","49.41453957010259","49.41453957010259"
"9601.356856909","49.41453957010259","49.41453957010259","49.41453957010259"
"9616.356363909","49.41453957010259","49.41453957010259","49.41453957010259"
"9631.355875748","49.41453957010259","49.41453957010259","49.41453957010259"
"9646.355618498","49.41123188405797","49.41123188405797","49.41123188405797"
"9661.356397108","49.415048444878686","49.415048444878686","49.415048444878686"
"9676.356485218","49.41453957010259","49.41453957010259","49.41453957010259"
"9691.357111454","49.41453957010259","49.41453957010259","49.41453957010259"
"9706.355806728","49.41453957010259","49.41453957010259","49.41453957010259"
"9721.355558151","49.4081786354014","49.4081786354014","49.4081786354014"
"9736.356058667","49.42319044129621","49.42319044129621","49.42319044129621"
"9751.355706486","49.42344487868425","49.42344487868425","49.42344487868425"
"9766.355723499","49.3824804592086","49.3824804592086","49.3824804592086"
"9781.355131818","49.39036801823807","49.39036801823807","49.39036801823807"
"9796.355634704","49.39036801823807","49.39036801823807","49.39036801823807"
"9811.355853053","49.369758589806224","49.369758589806224","49.369758589806224"
"9826.356194753","49.369758589806224","49.369758589806224","49.369758589806224"
"9841.355732965","49.369758589806224","49.369758589806224","49.369758589806224"
"9856.356312169","95.90661130109103","95.90661130109103","95.90661130109103"
"9871.356545538","95.90635686370298","95.90635686370298","95.90635686370298"
"9886.355503694","95.90635686370298","95.90635686370298","95.90635686370298"
"9901.355856565","95.90635686370298","95.90635686370298","95.90635686370298"
"9916.356632329","95.90635686370298","95.90635686370298","95.90635686370298"
"9931.355422539","95.90635686370298","95.90635686370298","95.90635686370298"
"9946.35609411","95.90762905064322","95.90762905064322","95.90762905064322"
"9961.355982374","95.90661130109103","95.90661130109103","95.90661130109103"
"9976.356712327","95.95775321608858","95.95775321608858","95.95775321608858"
"9991.355400464","96.27376445204364","96.27376445204364","96.27376445204364"
"10006.355639991","96.27503663898388","96.27503663898388","96.27503663898388"
"10021.356460585","96.28572300928188","96.28572300928188","96.28572300928188"
"10036.35718965","96.27223782771536","96.27223782771536","96.27223782771536"
"10051.355545769","96.2216047874939","96.2216047874939","96.2216047874939"
"10066.355934715","96.16919068555609","96.16919068555609","96.16919068555609"
"10081.356728984","96.73760381045432","96.73760381045432","96.73760381045432"
"10096.355495795","96.18801905227161","96.18801905227161","96.18801905227161"
"10111.355605465","96.17987705585409","96.17987705585409","96.17987705585409"
"10126.355994738","96.24221421592574","96.24221421592574","96.24221421592574"
"10141.358272183","96.20303085816643","96.20303085816643","96.20303085816643"
"10156.356118915","96.18801905227161","96.18801905227161","96.18801905227161"
"10171.35516221","49.65930833740433","49.65930833740433","49.65930833740433"
"10186.356035628","49.65930833740433","49.65930833740433","49.65930833740433"
"10201.355410536","49.65930833740433","49.65930833740433","49.65930833740433"
"10216.356195706","49.65930833740433","49.65930833740433","49.65930833740433"
"10231.354918079","49.65930833740433","49.65930833740433","49.65930833740433"
"10246.355636775","49.65930833740433","49.65930833740433","49.65930833740433"
"10261.356250022","49.65930833740433","49.65930833740433","49.65930833740433"
"10276.355790248","49.659562774792384","49.659562774792384","49.659562774792384"
"10291.356250918","49.65930833740433","49.65930833740433","49.65930833740433"
"10306.355670334","49.65930833740433","49.65930833740433","49.65930833740433"
"10321.355946583","49.65930833740433","49.65930833740433","49.65930833740433"
"10336.356123173","49.60231436248168","49.60231436248168","49.60231436248168"
"10351.355722097","49.649130841882425","49.649130841882425","49.649130841882425"
"10366.355830319","49.657272838299946","49.657272838299946","49.657272838299946"
"10381.355453716","49.59315461651197","49.59315461651197","49.59315461651197"
"10396.356223827","49.60155105031754","49.60155105031754","49.60155105031754"
"10411.356364035","49.60155105031754","49.60155105031754","49.60155105031754"
"10426.356916095","49.60155105031754","49.60155105031754","49.60155105031754"
"10441.355320747","49.60053330076535","49.60053330076535","49.60053330076535"
"10456.356013733","49.602059925093634","49.602059925093634","49.602059925093634"
"10471.356067805","49.60155105031754","49.60155105031754","49.60155105031754"
"10486.356043182","49.60180548770558","49.60180548770558","49.60180548770558"
"10501.355928662","49.68526095098518","49.68526095098518","49.68526095098518"
"10516.355706241","49.90865697769093","49.90865697769093","49.90865697769093"
"10531.355860275","49.68678757531347","49.68678757531347","49.68678757531347"
"10546.355441191","49.68678757531347","49.68678757531347","49.68678757531347"
"10561.356039629","49.68678757531347","49.68678757531347","49.68678757531347"
"10576.355472525","49.68678757531347","49.68678757531347","49.68678757531347"
"10591.355890363","49.68678757531347","49.68678757531347","49.68678757531347"
"10606.356036335","49.68678757531347","49.68678757531347","49.68678757531347"
"10621.355350398","49.87608899202085","49.87608899202085","49.87608899202085"
"10636.356108451","49.646332030613905","49.646332030613905","49.646332030613905"
"10651.355162305","49.64989415404657","49.64989415404657","49.64989415404657"
"10666.355326422","49.57559843673669","49.57559843673669","49.57559843673669"
"10681.355573632","49.556770070021166","49.556770070021166","49.556770070021166"
"10696.355519766","49.556770070021166","49.556770070021166","49.556770070021166"
"10711.355171292","49.52903639472399","49.52903639472399","49.52903639472399"
"10726.35572474","49.52929083211203","49.52929083211203","49.52929083211203"
"10741.356050552","49.52903639472399","49.52903639472399","49.52903639472399"
"10756.355882996","49.52929083211203","49.52929083211203","49.52929083211203"
"10771.35560884","49.52954526950008","49.52954526950008","49.52954526950008"
"10786.355736479","49.52979970688813","49.52979970688813","49.52979970688813"
"10801.35560871","49.52878195733594","49.52878195733594","49.52878195733594"
"10816.355559194","49.75853891874288","49.75853891874288","49.75853891874288"
"10831.356405552","49.63971665852467","49.63971665852467","49.63971665852467"
"10846.356347381","49.63971665852467","49.63971665852467","49.63971665852467"
"10861.355591415","49.63971665852467","49.63971665852467","49.63971665852467"
"10876.355864376","49.62623147695815","49.62623147695815","49.62623147695815"
"10891.355707436","49.63462791076372","49.63462791076372","49.63462791076372"
"10906.356075073","49.63462791076372","49.63462791076372","49.63462791076372"
"10921.356091034","50.2386622699886","50.2386622699886","50.2386622699886"
"10936.355717064","49.916035661944306","49.916035661944306","49.916035661944306"
"10951.355338047","49.916035661944306","49.916035661944306","49.916035661944306"
"10966.358886898","49.924940970525974","49.924940970525974","49.924940970525974"
"10981.355356283","49.92443209574988","49.92443209574988","49.92443209574988"
"10996.356478358","49.876852304184986","49.876852304184986","49.876852304184986"
"11011.356394346","49.88524873799056","49.88524873799056","49.88524873799056"
"11026.355818024","50.05928391141508","50.05928391141508","50.05928391141508"
"11041.356342788","49.95216577104706","49.95216577104706","49.95216577104706"
"11056.35521089","49.952420208435115","49.952420208435115","49.952420208435115"
"11071.35549194","49.952420208435115","49.952420208435115","49.952420208435115"
"11086.35602101","49.952420208435115","49.952420208435115","49.952420208435115"
"11101.356150152","49.952420208435115","49.952420208435115","49.952420208435115"
"11116.355989979","49.952420208435115","49.952420208435115","49.952420208435115"
"11131.355684152","49.95267464582316","49.95267464582316","49.95267464582316"
"11146.355602497","49.95267464582316","49.95267464582316","49.95267464582316"
"11161.355483879","49.95267464582316","49.95267464582316","49.95267464582316"
"11176.355604819","49.95267464582316","49.95267464582316","49.95267464582316"
"11191.355695008","49.92824865657059","49.92824865657059","49.92824865657059"
"11206.355260379","49.93639065298811","49.93639065298811","49.93639065298811"
"11221.356953771","49.935881778212014","49.935881778212014","49.935881778212014"
"11236.355818751","49.935881778212014","49.935881778212014","49.935881778212014"
"11251.355226954","49.935881778212014","49.935881778212014","49.935881778212014"
"11266.356157176","49.936136215600065","49.936136215600065","49.936136215600065"
"11281.355710742","49.936136215600065","49.936136215600065","49.936136215600065"
"11296.355780189","49.93639065298811","49.93639065298811","49.93639065298811"
"11311.355490068","49.897970607392935","49.897970607392935","49.897970607392935"
"11326.363758349","50.02213605276013","50.02213605276013","50.02213605276013"
"11341.355879833","49.93842615209249","49.93842615209249","49.93842615209249"
"11356.355981673","49.94834921022635","49.94834921022635","49.94834921022635"
"11371.355883509","50.05623066275851","50.05623066275851","50.05623066275851"
"11386.355983159","50.05623066275851","50.05623066275851","50.05623066275851"
"11401.356335018","50.05623066275851","50.05623066275851","50.05623066275851"
"11416.355968244","50.125437632307445","50.125437632307445","50.125437632307445"
"11431.356680975","49.509444715844324","49.509444715844324","49.509444715844324"
"11446.355281922","49.509444715844324","49.509444715844324","49.509444715844324"
"11461.356067798","49.509444715844324","49.509444715844324","49.509444715844324"
"11476.355847352","49.509444715844324","49.509444715844324","49.509444715844324"
"11491.355298511","49.44430874450415","49.44430874450415","49.44430874450415"
"11506.356669211","49.49824947077023","49.49824947077023","49.49824947077023"
"11521.355908035","49.49824947077023","49.49824947077023","49.49824947077023"
"11536.355700408","49.49824947077023","49.49824947077023","49.49824947077023"
"11551.355246749","49.49824947077023","49.49824947077023","49.49824947077023"
"11566.355491387","49.49875834554633","49.49875834554633","49.49875834554633"
"11581.356241354","49.49875834554633","49.49875834554633","49.49875834554633"
"11596.355451853","49.49875834554633","49.49875834554633","49.49875834554633"
"11611.355754091","49.46669923465234","49.46669923465234","49.46669923465234"
"11626.355487854","49.47509566845791","49.47509566845791","49.47509566845791"
"11641.355770329","49.47509566845791","49.47509566845791","49.47509566845791"
"11656.356026237","96.14043926070673","96.14043926070673","96.14043926070673"
"11671.355163529","96.40810739293275","96.40810739293275","96.40810739293275"
"11686.356387637","96.41141507897737","96.41141507897737","96.41141507897737"
"11701.355535704","96.4757877381534","96.4757877381534","96.4757877381534"
"11716.355516508","96.25417277316399","96.25417277316399","96.25417277316399"
"11731.356228531","96.25722602182056","96.25722602182056","96.25722602182056"
"11746.355581351","96.25519052271618","96.25519052271618","96.25519052271618"
"11761.357807274","96.25519052271618","96.25519052271618","96.25519052271618"
"11776.355739776","96.25519052271618","96.25519052271618","96.25519052271618"
"11791.355836004","96.25519052271618","96.25519052271618","96.25519052271618"
"11806.355833932","96.25544496010421","96.25544496010421","96.25544496010421"
"11821.355387491","96.25544496010421","96.25544496010421","96.25544496010421"
"11836.356328304","96.24755740107474","96.24755740107474","96.24755740107474"
"11851.355595028","96.24755740107474","96.24755740107474","96.24755740107474"
"11866.355923201","96.24704852629866","96.24704852629866","96.24704852629866"
"11881.355434611","96.24704852629866","96.24704852629866","96.24704852629866"
"11896.355298312","96.24704852629866","96.24704852629866","96.24704852629866"
"11911.355797056","96.0760666015307","96.0760666015307","96.0760666015307"
"11926.357030724","96.08446303533627","96.08446303533627","96.08446303533627"
"11941.355210566","96.08446303533627","96.08446303533627","96.08446303533627"
"11956.356112894","96.08446303533627","96.08446303533627","96.08446303533627"
"11971.355487233","49.555752320468976","49.555752320468976","49.555752320468976"
"11986.356036957","49.555752320468976","49.555752320468976","49.555752320468976"
"12001.355748137","49.55600675785703","49.55600675785703","49.55600675785703"
"12016.355899188","49.55142688487217","49.55142688487217","49.55142688487217"
"12031.355794684","49.55626119524507","49.55626119524507","49.55626119524507"
"12046.356046824","49.555752320468976","49.555752320468976","49.555752320468976"
"12061.355820893","49.555752320468976","49.555752320468976","49.555752320468976"
"12076.355902441","49.563894316886504","49.563894316886504","49.563894316886504"
"12091.355626427","49.563894316886504","49.563894316886504","49.563894316886504"
"12106.356153056","49.563894316886504","49.563894316886504","49.563894316886504"
"12121.355703868","49.563894316886504","49.563894316886504","49.563894316886504"
"12136.355543812","49.539722765021985","49.539722765021985","49.539722765021985"
"12151.35608915","49.53997720241003","49.53997720241003","49.53997720241003"
"12166.356652607","49.548628073603645","49.548628073603645","49.548628073603645"
"12181.355407139","49.547610324051455","49.547610324051455","49.547610324051455"
"12196.356004764","49.547864761439506","49.547864761439506","49.547864761439506"
"12211.355389526","49.52674645823156","49.52674645823156","49.52674645823156"
"12226.355842663","49.515805650545516","49.515805650545516","49.515805650545516"
"12241.355968099","49.52394764696304","49.52394764696304","49.52394764696304"
"12256.355805037","49.53208964338056","49.53208964338056","49.53208964338056"
"12271.356125305","49.53208964338056","49.53208964338056","49.53208964338056"
"12286.355727597","49.53208964338056","49.53208964338056","49.53208964338056"
"12301.35572127","49.53692395375346","49.53692395375346","49.53692395375346"
"12316.355968165","49.576870623676925","49.576870623676925","49.576870623676925"
"12331.356705376","49.580941621885685","49.580941621885685","49.580941621885685"
"12346.355347053","49.5328529555447","49.5328529555447","49.5328529555447"
"12361.355983874","49.532598518156654","49.532598518156654","49.532598518156654"
"12376.355671477","49.5178411496499","49.5178411496499","49.5178411496499"
"12391.35567772","49.5178411496499","49.5178411496499","49.5178411496499"
"12406.356072228","49.516568962709655","49.516568962709655","49.516568962709655"
"12421.357087731","49.516568962709655","49.516568962709655","49.516568962709655"
"12436.356185866","49.48730866308419","49.48730866308419","49.48730866308419"
"12451.355443217","49.48730866308419","49.48730866308419","49.48730866308419"
"12466.356297773","49.48730866308419","49.48730866308419","49.48730866308419"
"12481.355682605","49.48730866308419","49.48730866308419","49.48730866308419"
"12496.355607369","49.47102467024915","49.47102467024915","49.47102467024915"
"12511.355765114","49.46288267383162","49.46288267383162","49.46288267383162"
"12526.356130802","49.44125549584758","49.44125549584758","49.44125549584758"
"12541.355426231","49.63564566031591","49.63564566031591","49.63564566031591"
"12556.35518659","49.46237379905553","49.46237379905553","49.46237379905553"
"12571.356378549","49.46237379905553","49.46237379905553","49.46237379905553"
"12586.356945372","49.46237379905553","49.46237379905553","49.46237379905553"
"12601.355458515","49.46237379905553","49.46237379905553","49.46237379905553"
"12616.35720141","49.46237379905553","49.46237379905553","49.46237379905553"
"12631.355441706","49.46237379905553","49.46237379905553","49.46237379905553"
"12646.355716137","49.459066113010905","49.459066113010905","49.459066113010905"
"12661.35528046","49.46059273733919","49.46059273733919","49.46059273733919"
"12676.35580522","49.46059273733919","49.46059273733919","49.46059273733919"
"12691.355635064","49.52776420778375","49.52776420778375","49.52776420778375"
"12706.357064325","49.474332356293765","49.474332356293765","49.474332356293765"
"12721.35546017","49.46033829995115","49.46033829995115","49.46033829995115"
"12736.355711003","49.3723029636867","49.3723029636867","49.3723029636867"
"12751.355255177","49.3723029636867","49.3723029636867","49.3723029636867"
"12766.355851237","49.38222602182055","49.38222602182055","49.38222602182055"
"12781.355364664","49.38044496010422","49.38044496010422","49.38044496010422"
"12796.35621508","49.38019052271617","49.38019052271617","49.38019052271617"
"12811.356169356","49.38019052271617","49.38019052271617","49.38019052271617"
"12826.356021139","49.36619646637356","49.36619646637356","49.36619646637356"
"12841.356095892","49.37433846279108","49.37433846279108","49.37433846279108"
"12856.356364132","49.38222602182055","49.38222602182055","49.38222602182055"
"12871.355433325","49.38222602182055","49.38222602182055","49.38222602182055"
"12886.355694485","49.38222602182055","49.38222602182055","49.38222602182055"
"12901.356032685","49.38222602182055","49.38222602182055","49.38222602182055"
"12916.356008173","49.38222602182055","49.38222602182055","49.38222602182055"
"12931.355601406","49.37815502361179","49.37815502361179","49.37815502361179"
"12946.355173667","49.37815502361179","49.37815502361179","49.37815502361179"
"12961.355394675","49.37840946099984","49.37840946099984","49.37840946099984"
"12976.35619163","49.37815502361179","49.37815502361179","49.37815502361179"
"12991.356095803","49.37840946099984","49.37840946099984","49.37840946099984"
"13006.355411779","49.37026746458232","49.37026746458232","49.37026746458232"
"13021.35529277","49.43642118547468","49.43642118547468","49.43642118547468"
"13036.35586069","49.37433846279108","49.37433846279108","49.37433846279108"
"13051.355844006","49.37433846279108","49.37433846279108","49.37433846279108"
"13066.355222198","49.374592900179124","49.374592900179124","49.374592900179124"
"13081.355733512","49.37433846279108","49.37433846279108","49.37433846279108"
"13096.355425544","49.37433846279108","49.37433846279108","49.37433846279108"
"13111.355896278","49.374592900179124","49.374592900179124","49.374592900179124"
"13126.355509339","49.36594202898551","49.36594202898551","49.36594202898551"
"13141.355995471","49.37408402540303","49.37408402540303","49.37408402540303"
"13156.355222974","49.37408402540303","49.37408402540303","49.37408402540303"
"13171.355861319","49.37408402540303","49.37408402540303","49.37408402540303"
"13186.356221666","49.37433846279108","49.37433846279108","49.37433846279108"
"13201.355597253","49.37433846279108","49.37433846279108","49.37433846279108"
"13216.357476284","49.37433846279108","49.37433846279108","49.37433846279108"
"13231.356517433","49.37433846279108","49.37433846279108","49.37433846279108"
"13246.355094728","49.37433846279108","49.37433846279108","49.37433846279108"
"13261.355924548","49.37433846279108","49.37433846279108","49.37433846279108"
"13276.355231403","49.37433846279108","49.37433846279108","49.37433846279108"
"13291.355648077","49.374592900179124","49.374592900179124","49.374592900179124"
"13306.355688401","49.697728382999514","49.697728382999514","49.697728382999514"
"13321.35586643","49.69442069695489","49.69442069695489","49.69442069695489"
"13336.356037707","49.557787819573356","49.557787819573356","49.557787819573356"
"13351.355927731","49.49214297345709","49.49214297345709","49.49214297345709"
"13366.356191105","49.49214297345709","49.49214297345709","49.49214297345709"
"13381.355892591","49.566947565543074","49.566947565543074","49.566947565543074"
"13396.35606276","49.47000692069696","49.47000692069696","49.47000692069696"
"13411.355157949","49.48959859957662","49.48959859957662","49.48959859957662"
"13426.355922506","49.45066967920534","49.45066967920534","49.45066967920534"
"13441.357077","49.43489456114639","49.43489456114639","49.43489456114639"
"13456.356454706","95.96360527601368","95.96360527601368","95.96360527601368"
"13471.356601997","95.96385971340172","95.96385971340172","95.96385971340172"
"13486.35578514","95.96411415078977","95.96411415078977","95.96411415078977"
"13501.3586308","95.96436858817782","95.96436858817782","95.96436858817782"
"13516.356244901","95.96436858817782","95.96436858817782","95.96436858817782"
"13531.355645372","95.9557177169842","95.9557177169842","95.9557177169842"
"13546.356112126","95.95368221787982","95.95368221787982","95.95368221787982"
"13561.356551188","95.95393665526787","95.95393665526787","95.95393665526787"
"13576.356102036","95.95393665526787","95.95393665526787","95.95393665526787"
"13591.355643351","95.95419109265592","95.95419109265592","95.95419109265592"
"13606.355482753","96.05240392444227","96.05240392444227","96.05240392444227"
"13621.359114472","95.98803126526624","95.98803126526624","95.98803126526624"
"13636.356914935","96.024161374369","96.024161374369","96.024161374369"
"13651.35621139","95.93943372414915","95.93943372414915","95.93943372414915"
"13666.355925835","95.94757572056668","95.94757572056668","95.94757572056668"
"13681.355302947","96.00533300765348","96.00533300765348","96.00533300765348"
"13696.355937293","95.97887151929653","95.97887151929653","95.97887151929653"
"13711.35611794","95.97963483146067","95.97963483146067","95.97963483146067"
"13726.357090517","96.02390693698095","96.02390693698095","96.02390693698095"
"13741.355490207","95.96716739944634","95.96716739944634","95.96716739944634"
"13756.355769718","96.0493506757857","96.0493506757857","96.0493506757857"
"13771.355661928","96.05825598436736","96.05825598436736","96.05825598436736"
"13786.355636398","49.513770151441136","49.513770151441136","49.513770151441136"
"13801.355565571","49.449906367041194","49.449906367041194","49.449906367041194"
"13816.355262464","49.450160804429245","49.450160804429245","49.450160804429245"
"13831.356349696","49.450160804429245","49.450160804429245","49.450160804429245"
"13846.355275099","49.44965192965315","49.44965192965315","49.44965192965315"
"13861.355742976","49.44965192965315","49.44965192965315","49.44965192965315"
"13876.356123596","49.68017220322423","49.68017220322423","49.68017220322423"
"13891.355615093","49.484509851815666","49.484509851815666","49.484509851815666"
"13906.356002472","49.484509851815666","49.484509851815666","49.484509851815666"
"13921.355743031","49.474332356293765","49.474332356293765","49.474332356293765"
"13936.355430968","49.472551294577435","49.472551294577435","49.472551294577435"
"13951.35586519","49.472551294577435","49.472551294577435","49.472551294577435"
"13966.355130346","49.472551294577435","49.472551294577435","49.472551294577435"
"13981.355651443","49.472551294577435","49.472551294577435","49.472551294577435"
"13996.355820566","49.45881167562286","49.45881167562286","49.45881167562286"
"14011.355904737","49.458302800846766","49.458302800846766","49.458302800846766"
"14026.356157159","49.46669923465234","49.46669923465234","49.46669923465234"
"14041.355326068","49.43591231069858","49.43591231069858","49.43591231069858"
"14056.355414396","49.44430874450415","49.44430874450415","49.44430874450415"
"14071.356132229","49.44430874450415","49.44430874450415","49.44430874450415"
"14086.356330787","49.44430874450415","49.44430874450415","49.44430874450415"
"14101.356040645","49.44430874450415","49.44430874450415","49.44430874450415"
"14116.355608313","49.4445631818922","49.4445631818922","49.4445631818922"
"14131.355233978","49.4445631818922","49.4445631818922","49.4445631818922"
"14146.35518305","49.4445631818922","49.4445631818922","49.4445631818922"
"14161.355770975","49.4445631818922","49.4445631818922","49.4445631818922"
"14176.355958737","49.4445631818922","49.4445631818922","49.4445631818922"
"14191.355620888","49.44481761928024","49.44481761928024","49.44481761928024"
"14206.356029436","49.44430874450415","49.44430874450415","49.44430874450415"
"14221.355367688","49.443036557563914","49.443036557563914","49.443036557563914"
"14236.356108629","49.403853199804594","49.403853199804594","49.403853199804594"
"14251.355786338","49.403853199804594","49.403853199804594","49.403853199804594"
"14266.356171679","49.39545676599902","49.39545676599902","49.39545676599902"
"14281.355664927","49.39545676599902","49.39545676599902","49.39545676599902"
"14296.357503456","49.39545676599902","49.39545676599902","49.39545676599902"
"14311.356723807","49.383752646148835","49.383752646148835","49.383752646148835"
"14326.356457749","49.507663654127995","49.507663654127995","49.507663654127995"
"14341.355372118","49.4236993160723","49.4236993160723","49.4236993160723"
"14356.355284348","49.423953753460346","49.423953753460346","49.423953753460346"
"14371.355738108","49.423953753460346","49.423953753460346","49.423953753460346"
"14386.355985269","49.423953753460346","49.423953753460346","49.423953753460346"
"14401.355401093","49.423953753460346","49.423953753460346","49.423953753460346"
"14416.355987216","49.4236993160723","49.4236993160723","49.4236993160723"
"14431.355290103","49.4236993160723","49.4236993160723","49.4236993160723"
"14446.355882255","49.4236993160723","49.4236993160723","49.4236993160723"
"14461.355401777","49.4236993160723","49.4236993160723","49.4236993160723"
"14476.356110344","49.4236993160723","49.4236993160723","49.4236993160723"
"14491.355135431","49.4236993160723","49.4236993160723","49.4236993160723"
"14506.35594953","49.4236993160723","49.4236993160723","49.4236993160723"
"14521.35605157","49.960562204852636","49.960562204852636","49.960562204852636"
"14536.355991791","49.97684619768768","49.97684619768768","49.97684619768768"
"14551.355738365","49.97710063507572","49.97710063507572","49.97710063507572"
"14566.355386463","49.97710063507572","49.97710063507572","49.97710063507572"
"14581.356030055","50.17581623514086","50.17581623514086","50.17581623514086"
"14596.356407533","50.09515958312978","50.09515958312978","50.09515958312978"
"14611.355441879","50.08498208760788","50.08498208760788","50.08498208760788"
"14626.355515588","50.08498208760788","50.08498208760788","50.08498208760788"
"14641.355957577","50.035621234326655","50.035621234326655","50.035621234326655"
"14656.35572145","50.043763230744176","50.043763230744176","50.043763230744176"
"14671.355385314","50.043763230744176","50.043763230744176","50.043763230744176"
"14686.355354316","50.043763230744176","50.043763230744176","50.043763230744176"
"14701.355334653","50.043763230744176","50.043763230744176","50.043763230744176"
"14716.356014541","50.043763230744176","50.043763230744176","50.043763230744176"
"14731.356707663","50.043763230744176","50.043763230744176","50.043763230744176"
"14746.356170191","50.04401766813223","50.04401766813223","50.04401766813223"
"14761.355643129","50.04427210552027","50.04427210552027","50.04427210552027"
"14776.355809009","50.04427210552027","50.04427210552027","50.04427210552027"
"14791.355695173","50.04427210552027","50.04427210552027","50.04427210552027"
"14806.35717484","50.04427210552027","50.04427210552027","50.04427210552027"
"14821.356503893","50.043763230744176","50.043763230744176","50.043763230744176"
"14836.35569213","50.043763230744176","50.043763230744176","50.043763230744176"
"14851.355645338","50.043763230744176","50.043763230744176","50.043763230744176"
"14866.355873736","50.45544292460511","50.45544292460511","50.45544292460511"
"14881.356012438","50.41346075557727","50.41346075557727","50.41346075557727"
"14896.355264743","50.451117489008304","50.451117489008304","50.451117489008304"
"14911.355334496","50.45340742550073","50.45340742550073","50.45340742550073"
"14926.35567893","50.456206236769255","50.456206236769255","50.456206236769255"
"14941.355175751","50.54551375997395","50.54551375997395","50.54551375997395"
"14956.355729257","50.48343103729034","50.48343103729034","50.48343103729034"
"14971.355553679","50.392851327145415","50.392851327145415","50.392851327145415"
"14986.356208837","50.391833577593225","50.391833577593225","50.391833577593225"
"15001.357334495","50.39132470281713","50.39132470281713","50.39132470281713"
"15016.356608128","50.391833577593225","50.391833577593225","50.391833577593225"
"15031.355494356","49.8544618140368","49.8544618140368","49.8544618140368"
"15046.3551944","49.8544618140368","49.8544618140368","49.8544618140368"
"15061.355451076","49.872781305976225","49.872781305976225","49.872781305976225"
"15076.356916609","49.871000244259896","49.871000244259896","49.871000244259896"
"15091.356733709","49.871000244259896","49.871000244259896","49.871000244259896"
"15106.355798731","49.87125468164794","49.87125468164794","49.87125468164794"
"15121.355330275","49.8704913694838","49.8704913694838","49.8704913694838"
"15136.355505173","49.8704913694838","49.8704913694838","49.8704913694838"
"15151.355994013","49.8704913694838","49.8704913694838","49.8704913694838"
"15166.35573291","49.8544618140368","49.8544618140368","49.8544618140368"
"15181.355491783","49.862603810454324","49.862603810454324","49.862603810454324"
"15196.355175381","49.862603810454324","49.862603810454324","49.862603810454324"
"15211.355838347","49.83512457254518","49.83512457254518","49.83512457254518"
"15226.355262179","49.83461569776909","49.83461569776909","49.83461569776909"
"15241.356268905","49.79008915486077","49.79008915486077","49.79008915486077"
"15256.356184956","96.32694186614557","96.32694186614557","96.32694186614557"
"15271.355440635","96.09565828041036","96.09565828041036","96.09565828041036"
"15286.356173012","96.10100146555935","96.10100146555935","96.10100146555935"
"15301.356113175","96.10023815339521","96.10023815339521","96.10023815339521"
"15316.35622447","96.10023815339521","96.10023815339521","96.10023815339521"
"15331.35587871","96.08649853444065","96.08649853444065","96.08649853444065"
"15346.355617335","96.08675297182869","96.08675297182869","96.08675297182869"
"15361.355993561","96.08700740921674","96.08700740921674","96.08700740921674"
"15376.356368453","96.08700740921674","96.08700740921674","96.08700740921674"
"15391.35618135","96.42846238397655","96.42846238397655","96.42846238397655"
"15406.356052575","96.29768156652011","96.29768156652011","96.29768156652011"
"15421.355877533","96.13891263637844","96.13891263637844","96.13891263637844"
"15436.355757201","96.15519662921348","96.15519662921348","96.15519662921348"
"15451.355562153","96.13738601205016","96.13738601205016","96.13738601205016"
"15466.356215122","96.14476469630353","96.14476469630353","96.14476469630353"
"15481.356808605","96.14476469630353","96.14476469630353","96.14476469630353"
"15496.355944445","96.3350838625631","96.3350838625631","96.3350838625631"
"15511.355764958","96.12873514085653","96.12873514085653","96.12873514085653"
"15526.356784033","96.12873514085653","96.12873514085653","96.12873514085653"
"15541.355472489","96.12873514085653","96.12873514085653","96.12873514085653"
"15556.355107632","96.13687713727406","96.13687713727406","96.13687713727406"
"15571.356093898","49.608166422406775","49.608166422406775","49.608166422406775"
"15586.355221565","49.608166422406775","49.608166422406775","49.608166422406775"
"15601.355554608","49.608166422406775","49.608166422406775","49.608166422406775"
"15616.35528785","49.608166422406775","49.608166422406775","49.608166422406775"
"15631.35639039","49.608166422406775","49.608166422406775","49.608166422406775"
"15646.356091776","49.608166422406775","49.608166422406775","49.608166422406775"
"15661.355819352","49.82698257612766","49.82698257612766","49.82698257612766"
"15676.355894591","49.650403028822666","49.650403028822666","49.650403028822666"
"15691.355984701","49.650403028822666","49.650403028822666","49.650403028822666"
"15706.356032331","49.63233797427129","49.63233797427129","49.63233797427129"
"15721.356179458","49.62292379091353","49.62292379091353","49.62292379091353"
"15736.355778901","49.5852670574825","49.5852670574825","49.5852670574825"
"15751.355883719","49.597988926884874","49.597988926884874","49.597988926884874"
"15766.35611618","49.56567537860283","49.56567537860283","49.56567537860283"
"15781.355323226","49.57152743852793","49.57152743852793","49.57152743852793"
"15796.35585493","49.55015469793193","49.55015469793193","49.55015469793193"
"15811.355487848","49.539722765021985","49.539722765021985","49.539722765021985"
"15826.356094564","49.539722765021985","49.539722765021985","49.539722765021985"
"15841.355441474","49.538705015469795","49.538705015469795","49.538705015469795"
"15856.356096895","49.53208964338056","49.53208964338056","49.53208964338056"
"15871.355427696","49.5532079465885","49.5532079465885","49.5532079465885"
"15886.355905863","49.55448013352874","49.55448013352874","49.55448013352874"
"15901.35543943","49.55448013352874","49.55448013352874","49.55448013352874"
"15916.356157069","49.55448013352874","49.55448013352874","49.55448013352874"
"15931.356680714","49.59748005210878","49.59748005210878","49.59748005210878"
"15946.355848743","49.541503826738314","49.541503826738314","49.541503826738314"
"15961.356034004","49.510462465396515","49.510462465396515","49.510462465396515"
"15976.356072176","49.518604461814036","49.518604461814036","49.518604461814036"
"15991.356373006","49.51885889920209","49.51885889920209","49.51885889920209"
"16006.356204279","49.51911333659013","49.51911333659013","49.51911333659013"
"16021.355880311","49.65192965315095","49.65192965315095","49.65192965315095"
"16036.355810336","49.504610405471425","49.504610405471425","49.504610405471425"
"16051.355326996","49.50486484285947","49.50486484285947","49.50486484285947"
"16066.355153668","49.48858085002443","49.48858085002443","49.48858085002443"
"16081.355251961","49.49672284644195","49.49672284644195","49.49672284644195"
"16096.355354503","49.49672284644195","49.49672284644195","49.49672284644195"
"16111.356532954","49.48858085002443","49.48858085002443","49.48858085002443"
"16126.355539842","49.48883528741248","49.48883528741248","49.48883528741248"
"16141.355565676","49.48908972480052","49.48908972480052","49.48908972480052"
"16156.355799585","49.49672284644195","49.49672284644195","49.49672284644195"
"16171.355661375","49.49697728383","49.49697728383","49.49697728383"
"16186.355319798","49.49697728383","49.49697728383","49.49697728383"
"16201.355531115","49.49697728383","49.49697728383","49.49697728383"
"16216.355495283","49.49697728383","49.49697728383","49.49697728383"
"16231.355275115","49.49697728383","49.49697728383","49.49697728383"
"16246.355373949","49.49137966129295","49.49137966129295","49.49137966129295"
"16261.35593838","49.46491817293601","49.46491817293601","49.46491817293601"
"16276.356370483","49.503592655919235","49.503592655919235","49.503592655919235"
"16291.355662741","49.503592655919235","49.503592655919235","49.503592655919235"
"16306.355735294","49.503592655919235","49.503592655919235","49.503592655919235"
"16321.355772182","49.57865168539326","49.57865168539326","49.57865168539326"
"16336.355697629","49.52013108614232","49.52013108614232","49.52013108614232"
"16351.355803286","49.52089439830647","49.52089439830647","49.52089439830647"
"16366.355443404","49.52089439830647","49.52089439830647","49.52089439830647"
"16381.35511839","49.52929083211203","49.52929083211203","49.52929083211203"
"16396.355903988","49.52929083211203","49.52929083211203","49.52929083211203"
"16411.355865193","49.52929083211203","49.52929083211203","49.52929083211203"
"16426.355984293","49.52929083211203","49.52929083211203","49.52929083211203"
"16441.356949933","49.52929083211203","49.52929083211203","49.52929083211203"
"16456.355753369","49.52929083211203","49.52929083211203","49.52929083211203"
"16471.355922106","49.52878195733594","49.52878195733594","49.52878195733594"
"16486.355611338","49.52903639472399","49.52903639472399","49.52903639472399"
"16501.355874611","49.52903639472399","49.52903639472399","49.52903639472399"
"16516.356432515","49.52929083211203","49.52929083211203","49.52929083211203"
"16531.356758991","49.52929083211203","49.52929083211203","49.52929083211203"
"16546.356508501","49.52954526950008","49.52954526950008","49.52954526950008"
"16561.355270171","49.52878195733594","49.52878195733594","49.52878195733594"
"16576.355891368","49.48730866308419","49.48730866308419","49.48730866308419"
"16591.357148768","49.49570509688976","49.49570509688976","49.49570509688976"
"16606.369381471","49.60155105031754","49.60155105031754","49.60155105031754"
"16621.355294827","49.52827308255984","49.52827308255984","49.52827308255984"
"16636.356986407","49.51682340009771","49.51682340009771","49.51682340009771"
"16651.35541942","49.51682340009771","49.51682340009771","49.51682340009771"
"16666.355983799","49.51682340009771","49.51682340009771","49.51682340009771"
"16681.356136756","49.51682340009771","49.51682340009771","49.51682340009771"
"16696.355961379","49.51682340009771","49.51682340009771","49.51682340009771"
"16711.356086828","49.50003053248657","49.50003053248657","49.50003053248657"
"16726.35550795","49.50003053248657","49.50003053248657","49.50003053248657"
"16741.357222043","49.50003053248657","49.50003053248657","49.50003053248657"
"16756.355423718","49.54099495196222","49.54099495196222","49.54099495196222"
"16771.355728769","49.52471095912718","49.52471095912718","49.52471095912718"
"16786.356624997","49.52496539651523","49.52496539651523","49.52496539651523"
"16801.355826382","49.52521983390327","49.52521983390327","49.52521983390327"
"16816.355906209","49.52521983390327","49.52521983390327","49.52521983390327"
"16831.355451704","49.52521983390327","49.52521983390327","49.52521983390327"
"16846.356341683","49.52521983390327","49.52521983390327","49.52521983390327"
"16861.356124913","49.52547427129132","49.52547427129132","49.52547427129132"
"16876.35625111","49.52496539651523","49.52496539651523","49.52496539651523"
"16891.35571173","49.483492102263476","49.483492102263476","49.483492102263476"
"16906.355970673","49.49188853606905","49.49188853606905","49.49188853606905"
"16921.355973121","49.52878195733594","49.52878195733594","49.52878195733594"
"16936.356056621","49.52954526950008","49.52954526950008","49.52954526950008"
"16951.355597254","49.554734570916786","49.554734570916786","49.554734570916786"
"16966.355228757","49.52903639472399","49.52903639472399","49.52903639472399"
"16981.355206185","49.651420778374856","49.651420778374856","49.651420778374856"
"16996.355500169","49.53590620420127","49.53590620420127","49.53590620420127"
"17011.355207693","49.52700089561961","49.52700089561961","49.52700089561961"
"17026.35520095","49.52725533300765","49.52725533300765","49.52725533300765"
"17041.355151681","49.51097134017261","49.51097134017261","49.51097134017261"
"17056.356788121","96.04782405145743","96.04782405145743","96.04782405145743"
"17071.356183972","96.04782405145743","96.04782405145743","96.04782405145743"
"17086.355387813","96.04756961406937","96.04756961406937","96.04756961406937"
"17101.355895452","96.04756961406937","96.04756961406937","96.04756961406937"
"17116.356203823","96.13407832600554","96.13407832600554","96.13407832600554"
"17131.356247097","96.06130923302393","96.06130923302393","96.06130923302393"
"17146.355743727","96.0605459208598","96.0605459208598","96.0605459208598"
"17161.355433875","96.0605459208598","96.0605459208598","96.0605459208598"
"17176.355332938","96.19107230092818","96.19107230092818","96.19107230092818"
"17191.355550979","96.0653802312327","96.0653802312327","96.0653802312327"
"17206.355972861","96.0552027357108","96.0552027357108","96.0552027357108"
"17221.355670456","96.4752788633773","96.4752788633773","96.4752788633773"
"17236.355984024","96.2574804592086","96.2574804592086","96.2574804592086"
"17251.355602494","96.1788593063019","96.1788593063019","96.1788593063019"
"17266.355564801","96.09667602996255","96.09667602996255","96.09667602996255"
"17281.356672696","96.01754600227976","96.01754600227976","96.01754600227976"
"17296.355929532","96.02925012212995","96.02925012212995","96.02925012212995"
"17311.356834547","96.02874124735385","96.02874124735385","96.02874124735385"
"17326.3559459","96.14171144764695","96.14171144764695","96.14171144764695"
"17341.355796328","96.08827959615698","96.08827959615698","96.08827959615698"
"17356.355201634","96.09794821690278","96.09794821690278","96.09794821690278"
"17371.356156604","49.5692375020355","49.5692375020355","49.5692375020355"
"17386.355880038","49.57966943494545","49.57966943494545","49.57966943494545"
"17401.355347713","49.668722520762095","49.668722520762095","49.668722520762095"
"17416.355658563","49.588065868751016","49.588065868751016","49.588065868751016"
"17431.356295588","49.6002788633773","49.6002788633773","49.6002788633773"
"17446.35579353","49.600024425989254","49.600024425989254","49.600024425989254"
"17461.356664894","49.64353321934538","49.64353321934538","49.64353321934538"
"17476.355124874","49.568983064647455","49.568983064647455","49.568983064647455"
"17491.355716251","49.52496539651523","49.52496539651523","49.52496539651523"
"17506.356302463","49.523693209574986","49.523693209574986","49.523693209574986"
"17521.355811317","49.52521983390327","49.52521983390327","49.52521983390327"
"17536.356203094","49.51631452532161","49.51631452532161","49.51631452532161"
"17551.355191529","49.782201595831296","49.782201595831296","49.782201595831296"
"17566.355360766","49.63259241165934","49.63259241165934","49.63259241165934"
"17581.355856616","49.63259241165934","49.63259241165934","49.63259241165934"
"17596.355210346","49.64175215762905","49.64175215762905","49.64175215762905"
"17611.355183112","49.63462791076372","49.63462791076372","49.63462791076372"
"17626.355353592","49.63284684904738","49.63284684904738","49.63284684904738"
"17641.355668203","49.63284684904738","49.63284684904738","49.63284684904738"
"17656.357750233","49.5847581827064","49.5847581827064","49.5847581827064"
"17671.355488881","49.5847581827064","49.5847581827064","49.5847581827064"
"17686.355623083","49.6730479563589","49.6730479563589","49.6730479563589"
"17701.356272213","49.699763882103895","49.699763882103895","49.699763882103895"
"17716.355154239","49.66312489822505","49.66312489822505","49.66312489822505"
"17731.356046326","49.707651441133365","49.707651441133365","49.707651441133365"
"17746.355319455","49.63793559680833","49.63793559680833","49.63793559680833"
"17761.356301622","49.63793559680833","49.63793559680833","49.63793559680833"
"17776.355827973","49.638190034196384","49.638190034196384","49.638190034196384"
"17791.355653835","49.76337322911578","49.76337322911578","49.76337322911578"
"17806.35593802","49.681698827552516","49.681698827552516","49.681698827552516"
"17821.355675782","49.68984082397004","49.68984082397004","49.68984082397004"
"17836.355609042","49.68984082397004","49.68984082397004","49.68984082397004"
"17851.356675802","49.68984082397004","49.68984082397004","49.68984082397004"
"17866.355831434","49.68984082397004","49.68984082397004","49.68984082397004"
"17881.355636957","49.68984082397004","49.68984082397004","49.68984082397004"
"17896.355997098","49.68984082397004","49.68984082397004","49.68984082397004"
"17911.355624027","49.681698827552516","49.681698827552516","49.681698827552516"
"17926.357051295","49.681698827552516","49.681698827552516","49.681698827552516"
"17941.355887","49.681698827552516","49.681698827552516","49.681698827552516"
"17956.355938664","49.68984082397004","49.68984082397004","49.68984082397004"
"17971.355181415","49.68984082397004","49.68984082397004","49.68984082397004"
"17986.355725057","49.68984082397004","49.68984082397004","49.68984082397004"
"18001.356242084","49.38756920696955","49.38756920696955","49.38756920696955"
"18016.392790765","49.50486484285947","49.50486484285947","49.50486484285947"
"18031.356166116","49.893899609184174","49.893899609184174","49.893899609184174"
"18046.356065499","49.84682869239537","49.84682869239537","49.84682869239537"
"18061.355796215","49.97302963686696","49.97302963686696","49.97302963686696"
"18076.355334531","49.798231151278294","49.798231151278294","49.798231151278294"
"18091.356117258","49.79848558866634","49.79848558866634","49.79848558866634"
"18106.356120345","49.77584066113011","49.77584066113011","49.77584066113011"
"18121.35538061","50.312703549910445","50.312703549910445","50.312703549910445"
"18136.356041798","50.312703549910445","50.312703549910445","50.312703549910445"
"18151.356214974","50.312703549910445","50.312703549910445","50.312703549910445"
"18166.355780855","50.312703549910445","50.312703549910445","50.312703549910445"
"18181.356119148","50.31295798729849","50.31295798729849","50.31295798729849"
"18196.355429013","50.31321242468654","50.31321242468654","50.31321242468654"
"18211.355595925","50.28878643543396","50.28878643543396","50.28878643543396"
"18226.355736851","50.289040872822014","50.289040872822014","50.289040872822014"
"18241.355811783","50.47834228952939","50.47834228952939","50.47834228952939"
"18256.355953235","50.346543722520764","50.346543722520764","50.346543722520764"
"18271.357551653","50.344762660804435","50.344762660804435","50.344762660804435"
"18286.355601196","50.41015306953265","50.41015306953265","50.41015306953265"
"18301.356221679","50.34399934864029","50.34399934864029","50.34399934864029"
"18316.356055222","50.345525972968574","50.345525972968574","50.345525972968574"
"18331.355460573","50.34425378602834","50.34425378602834","50.34425378602834"
"18346.356009211","50.32924198013353","50.32924198013353","50.32924198013353"
"18361.355390578","50.3376384139391","50.3376384139391","50.3376384139391"
"18376.356043895","50.33738397655105","50.33738397655105","50.33738397655105"
"18391.355088274","50.33687510177496","50.33687510177496","50.33687510177496"
"18406.359093612","50.31499348640287","50.31499348640287","50.31499348640287"
"18421.356019722","50.323644357596486","50.323644357596486","50.323644357596486"
"18436.35582059","49.99974556261195","49.99974556261195","49.99974556261195"
"18451.355296651","50.00076331216414","50.00076331216414","50.00076331216414"
"18466.355875938","50.00076331216414","50.00076331216414","50.00076331216414"
"18481.356000961","50.00076331216414","50.00076331216414","50.00076331216414"
"18496.356092774","50.00127218694024","50.00127218694024","50.00127218694024"
"18511.356225396","49.993384627910764","49.993384627910764","49.993384627910764"
"18526.356057308","49.99313019052272","49.99313019052272","49.99313019052272"
"18541.355871886","49.99262131574662","49.99262131574662","49.99262131574662"
"18556.355920886","49.99262131574662","49.99262131574662","49.99262131574662"
"18571.355520572","49.98956806709005","49.98956806709005","49.98956806709005"
"18586.356004769","50.11576901156164","50.11576901156164","50.11576901156164"
"18601.35572604","50.04783422895294","50.04783422895294","50.04783422895294"
"18616.356462408","50.0155206806709","50.0155206806709","50.0155206806709"
"18631.356426464","50.01170411985019","50.01170411985019","50.01170411985019"
"18646.355697807","49.47484123106986","49.47484123106986","49.47484123106986"
"18661.355973824","49.474586793681816","49.474586793681816","49.474586793681816"
"18676.355426323","49.47484123106986","49.47484123106986","49.47484123106986"
"18691.35587788","49.540486077186124","49.540486077186124","49.540486077186124"
"18706.355684329","49.468480296368675","49.468480296368675","49.468480296368675"
"18721.35608835","49.438965559355154","49.438965559355154","49.438965559355154"
"18736.356016795","49.2364333984693","49.2364333984693","49.2364333984693"
"18751.355385787","49.23668783585735","49.23668783585735","49.23668783585735"
"18766.355397789","49.23617896108126","49.23617896108126","49.23617896108126"
"18781.355837784","49.23617896108126","49.23617896108126","49.23617896108126"
"18796.356192498","50.36308215274386","50.36308215274386","50.36308215274386"
"18811.355766729","50.11704119850188","50.11704119850188","50.11704119850188"
"18826.355468558","50.117295635889924","50.117295635889924","50.117295635889924"
"18841.356412734","50.117550073277975","50.117550073277975","50.117550073277975"
"18856.355416039","94.68403965152255","94.68403965152255","94.68403965152255"
"18871.356476068","94.70795676599903","94.70795676599903","94.70795676599903"
"18886.355552956","94.70770232861098","94.70770232861098","94.70770232861098"
"18901.355257826","94.70770232861098","94.70770232861098","94.70770232861098"
"18916.355470932","94.70312245562612","94.70312245562612","94.70312245562612"
"18931.35592677","94.70795676599903","94.70795676599903","94.70795676599903"
"18946.355434979","94.70795676599903","94.70795676599903","94.70795676599903"
"18961.355372808","94.70821120338707","94.70821120338707","94.70821120338707"
"18976.355409573","94.70770232861098","94.70770232861098","94.70770232861098"
"18991.355394868","94.70795676599903","94.70795676599903","94.70795676599903"
"19006.355278154","94.70795676599903","94.70795676599903","94.70795676599903"
"19021.355467144","94.8356843347989","94.8356843347989","94.8356843347989"
"19036.356514244","95.89058174564403","95.89058174564403","95.89058174564403"
"19051.356685633","95.22319247679532","95.22319247679532","95.22319247679532"
"19066.356265913","94.90998005210878","94.90998005210878","94.90998005210878"
"19081.356005778","94.90209249307931","94.90209249307931","94.90209249307931"
"19096.356013865","94.86927007002117","94.86927007002117","94.86927007002117"
"19111.356531752","95.02549462628237","95.02549462628237","95.02549462628237"
"19126.356391101","95.01455381859631","95.01455381859631","95.01455381859631"
"19141.355421917","95.01429938120826","95.01429938120826","95.01429938120826"
"19156.355489784","95.01429938120826","95.01429938120826","95.01429938120826"
"19171.355734628","95.01582600553655","95.01582600553655","95.01582600553655"
"19186.355993682","95.01429938120826","95.01429938120826","95.01429938120826"
"19201.355451117","50.42338381371112","50.42338381371112","50.42338381371112"
"19216.35556648","50.42338381371112","50.42338381371112","50.42338381371112"
"19231.356428485","50.424910438039404","50.424910438039404","50.424910438039404"
"19246.356149535","50.42338381371112","50.42338381371112","50.42338381371112"
"19261.356284694","50.42338381371112","50.42338381371112","50.42338381371112"
"19276.355157952","50.4152418172936","50.4152418172936","50.4152418172936"
"19291.356478583","50.41676844162188","50.41676844162188","50.41676844162188"
"19306.355342211","50.4152418172936","50.4152418172936","50.4152418172936"
"19321.355467088","50.4152418172936","50.4152418172936","50.4152418172936"
"19336.355472442","50.382673831623514","50.382673831623514","50.382673831623514"
"19351.355418663","50.39234245236932","50.39234245236932","50.39234245236932"
"19366.355551002","50.390815828041035","50.390815828041035","50.390815828041035"
"19381.356072082","50.390815828041035","50.390815828041035","50.390815828041035"
"19396.356126952","49.97811838462791","49.97811838462791","49.97811838462791"
"19411.355507275","49.62470485262986","49.62470485262986","49.62470485262986"
"19426.356149735","49.6366634098681","49.6366634098681","49.6366634098681"
"19441.356311708","49.615290669272106","49.615290669272106","49.615290669272106"
"19456.356205142","49.615290669272106","49.615290669272106","49.615290669272106"
"19471.356091028","49.61681729360039","49.61681729360039","49.61681729360039"
"19486.356052774","49.615290669272106","49.615290669272106","49.615290669272106"
"19501.355171302","49.615290669272106","49.615290669272106","49.615290669272106"
"19516.356375313","49.71553900016284","49.71553900016284","49.71553900016284"
"19531.356030725","49.63055691255496","49.63055691255496","49.63055691255496"
"19546.355182625","49.6206338544211","49.6206338544211","49.6206338544211"
"19561.35532211","49.6206338544211","49.6206338544211","49.6206338544211"
"19576.355152149","49.6206338544211","49.6206338544211","49.6206338544211"
"19591.356914918","49.622160478749386","49.622160478749386","49.622160478749386"
"19606.35715946","49.6206338544211","49.6206338544211","49.6206338544211"
"19621.355355231","49.6206338544211","49.6206338544211","49.6206338544211"
"19636.356825511","49.578906122781305","49.578906122781305","49.578906122781305"
"19651.356821385","49.58857474352711","49.58857474352711","49.58857474352711"
"19666.355838556","49.587048119198826","49.587048119198826","49.587048119198826"
"19681.356189149","49.587048119198826","49.587048119198826","49.587048119198826"
"19696.355871856","49.6992550073278","49.6992550073278","49.6992550073278"
"19711.355728365","49.62292379091353","49.62292379091353","49.62292379091353"
"19726.357287214","49.62139716658525","49.62139716658525","49.62139716658525"
"19741.356058583","49.62139716658525","49.62139716658525","49.62139716658525"
"19756.355224492","49.62139716658525","49.62139716658525","49.62139716658525"
"19771.355716093","49.62292379091353","49.62292379091353","49.62292379091353"
"19786.356060845","49.62139716658525","49.62139716658525","49.62139716658525"
"19801.355997702","49.60460429897411","49.60460429897411","49.60460429897411"
"19816.357073292","49.75166910926559","49.75166910926559","49.75166910926559"
"19831.356330935","49.62139716658525","49.62139716658525","49.62139716658525"
"19846.355766299","49.61376404494382","49.61376404494382","49.61376404494382"
"19861.355822673","49.61350960755577","49.61350960755577","49.61350960755577"
"19876.356277965","49.60536761113825","49.60536761113825","49.60536761113825"
"19891.355709301","49.606894235466534","49.606894235466534","49.606894235466534"
"19906.356163346","49.60536761113825","49.60536761113825","49.60536761113825"
"19921.355832275","49.60536761113825","49.60536761113825","49.60536761113825"
"19936.355976546","49.4183561309233","49.4183561309233","49.4183561309233"
"19951.355427816","49.428024751669106","49.428024751669106","49.428024751669106"
"19966.35664041","49.42649812734082","49.42649812734082","49.42649812734082"
"19981.356312887","49.42649812734082","49.42649812734082","49.42649812734082"
"19996.356606734","49.44278212017586","49.44278212017586","49.44278212017586"
"20011.356286682","49.40410763719264","49.40410763719264","49.40410763719264"
"20026.356312693","49.77584066113011","49.77584066113011","49.77584066113011"
"20041.355366869","49.77558622374206","49.77558622374206","49.77558622374206"
"20056.35509098","49.78398265754763","49.78398265754763","49.78398265754763"
"20071.357055979","49.818331704934046","49.818331704934046","49.818331704934046"
"20086.356439023","49.81680508060576","49.81680508060576","49.81680508060576"
"20101.355864745","49.81680508060576","49.81680508060576","49.81680508060576"
"20116.355698786","49.78601815665201","49.78601815665201","49.78601815665201"
"20131.35521089","49.79568677739782","49.79568677739782","49.79568677739782"
"20146.355069606","49.849373066275845","49.849373066275845","49.849373066275845"
"20161.355765423","49.79441459045758","49.79441459045758","49.79441459045758"
"20176.355235284","49.79441459045758","49.79441459045758","49.79441459045758"
"20191.355754227","49.79594121478586","49.79594121478586","49.79594121478586"
"20206.355301807","49.79441459045758","49.79441459045758","49.79441459045758"
"20221.355624999","49.79441459045758","49.79441459045758","49.79441459045758"
"20236.356028264","49.49316072300928","49.49316072300928","49.49316072300928"
"20251.355735034","49.50232046897899","49.50232046897899","49.50232046897899"
"20266.35606087","49.50079384465071","49.50079384465071","49.50079384465071"
"20281.355931428","49.50079384465071","49.50079384465071","49.50079384465071"
"20296.355850933","49.50893584106823","49.50893584106823","49.50893584106823"
"20311.355831905","49.50232046897899","49.50232046897899","49.50232046897899"
"20326.355607809","49.50104828203876","49.50104828203876","49.50104828203876"
"20341.357091834","49.50104828203876","49.50104828203876","49.50104828203876"
"20356.355928862","49.5018115942029","49.5018115942029","49.5018115942029"
"20371.356271512","49.502574906367045","49.502574906367045","49.502574906367045"
"20386.355522225","49.50104828203876","49.50104828203876","49.50104828203876"
"20401.35605959","49.52674645823156","49.52674645823156","49.52674645823156"
"20416.355279381","49.50232046897899","49.50232046897899","49.50232046897899"
"20431.355232033","49.49366959778538","49.49366959778538","49.49366959778538"
"20446.355451967","49.50028496987461","49.50028496987461","49.50028496987461"
"20461.355621227","49.50028496987461","49.50028496987461","49.50028496987461"
"20476.355695033","49.508681403680185","49.508681403680185","49.508681403680185"
"20491.3558349","49.51020802800847","49.51020802800847","49.51020802800847"
"20506.356461831","49.508681403680185","49.508681403680185","49.508681403680185"
"20521.356206955","49.50893584106823","49.50893584106823","49.50893584106823"
"20536.356226636","49.541758264126365","49.541758264126365","49.541758264126365"
"20551.355821254","49.55142688487217","49.55142688487217","49.55142688487217"
"20566.356083924","49.549900260543886","49.549900260543886","49.549900260543886"
"20581.35554819","49.549900260543886","49.549900260543886","49.549900260543886"
"20596.356897792","49.416066194430876","49.416066194430876","49.416066194430876"
"20611.356006386","49.408687510177494","49.408687510177494","49.408687510177494"
"20626.35577477","49.41530288226673","49.41530288226673","49.41530288226673"
"20641.35558287","49.43158687510177","49.43158687510177","49.43158687510177"
"20656.355961241","95.96029758996906","95.96029758996906","95.96029758996906"
"20671.355563131","95.97072952287901","95.97072952287901","95.97072952287901"
"20686.35541053","95.96843958638658","95.96843958638658","95.96843958638658"
"20701.355579967","95.96869402377463","95.96869402377463","95.96869402377463"
"20716.355364009","95.97683602019215","95.97683602019215","95.97683602019215"
"20731.356413978","95.95368221787982","95.95368221787982","95.95368221787982"
"20746.355247287","95.9460490962384","95.9460490962384","95.9460490962384"
"20761.355865966","95.94732128317864","95.94732128317864","95.94732128317864"
"20776.355496518","95.94630353362645","95.94630353362645","95.94630353362645"
"20791.356721372","96.03764655593552","96.03764655593552","96.03764655593552"
"20806.356438097","95.9508834066113","95.9508834066113","95.9508834066113"
"20821.35605184","95.95113784399935","95.95113784399935","95.95113784399935"
"20836.356097594","95.94299584758183","95.94299584758183","95.94299584758183"
"20851.355961667","95.95291890571568","95.95291890571568","95.95291890571568"
"20866.356044745","95.9513922813874","95.9513922813874","95.9513922813874"
"20881.355668928","95.95164671877544","95.95164671877544","95.95164671877544"
"20896.355876568","96.06385360690442","96.06385360690442","96.06385360690442"
"20911.3554283","95.99388332519133","95.99388332519133","95.99388332519133"
"20926.355506795","95.99337445041523","95.99337445041523","95.99337445041523"
"20941.356054668","95.99032120175866","95.99032120175866","95.99032120175866"
"20956.355471835","95.98981232698257","95.98981232698257","95.98981232698257"
"20971.355387692","49.46288267383162","49.46288267383162","49.46288267383162"
"20986.356163832","49.453214053085816","49.453214053085816","49.453214053085816"
"21001.355530781","49.453214053085816","49.453214053085816","49.453214053085816"
"21016.355257388","49.45346849047386","49.45346849047386","49.45346849047386"
"21031.355391434","49.50919027845628","49.50919027845628","49.50919027845628"
"21046.355952236","49.42649812734082","49.42649812734082","49.42649812734082"
"21061.356101667","49.48908972480052","49.48908972480052","49.48908972480052"
"21076.35610496","49.42344487868425","49.42344487868425","49.42344487868425"
"21091.356261541","49.418865005699395","49.418865005699395","49.418865005699395"
"21106.35702374","49.415048444878686","49.415048444878686","49.415048444878686"
"21121.355735202","49.39876445204364","49.39876445204364","49.39876445204364"
"21136.356268893","49.45982942517505","49.45982942517505","49.45982942517505"
"21151.355844695","49.445072056668295","49.445072056668295","49.445072056668295"
"21166.355543139","49.447870867936814","49.447870867936814","49.447870867936814"
"21181.355614238","49.42242712913206","49.42242712913206","49.42242712913206"
"21196.355977325","49.417847256147205","49.417847256147205","49.417847256147205"
"21211.355516953","49.418101693535256","49.418101693535256","49.418101693535256"
"21226.355332744","49.40843307278945","49.40843307278945","49.40843307278945"
"21241.355732256","49.386805894805406","49.386805894805406","49.386805894805406"
"21256.356089887","49.38706033219346","49.38706033219346","49.38706033219346"
"21271.356015724","49.38858695652174","49.38858695652174","49.38858695652174"
"21286.355536646","49.39520232861098","49.39520232861098","49.39520232861098"
"21301.355454773","49.37052190197036","49.37052190197036","49.37052190197036"
"21316.356887929","49.37052190197036","49.37052190197036","49.37052190197036"
"21331.355938656","49.3723029636867","49.3723029636867","49.3723029636867"
"21346.355462709","49.32166992346524","49.32166992346524","49.32166992346524"
"21361.356004361","49.3300663572708","49.3300663572708","49.3300663572708"
"21376.356107561","49.3300663572708","49.3300663572708","49.3300663572708"
"21391.356112118","49.33108410682299","49.33108410682299","49.33108410682299"
"21406.355563809","49.32955748249471","49.32955748249471","49.32955748249471"
"21421.356044012","49.32955748249471","49.32955748249471","49.32955748249471"
"21436.35573058","49.32116104868914","49.32116104868914","49.32116104868914"
"21451.361038429","49.33108410682299","49.33108410682299","49.33108410682299"
"21466.356779871","49.32955748249471","49.32955748249471","49.32955748249471"
"21481.355942841","49.32955748249471","49.32955748249471","49.32955748249471"
"21496.355927559","49.32930304510666","49.32930304510666","49.32930304510666"
"21511.355391732","49.32294211040547","49.32294211040547","49.32294211040547"
"21526.3559351","49.318362237420615","49.318362237420615","49.318362237420615"
"21541.356471722","49.40130882592412","49.40130882592412","49.40130882592412"
"21556.355843234","49.40156326331216","49.40156326331216","49.40156326331216"
"21571.355572693","49.38960470607393","49.38960470607393","49.38960470607393"
"21586.355614904","49.39647451555121","49.39647451555121","49.39647451555121"
"21601.356473202","49.39647451555121","49.39647451555121","49.39647451555121"
"21616.356085829","49.48425541442762","49.48425541442762","49.48425541442762"
"21631.355965424","49.39672895293926","49.39672895293926","49.39672895293926"
"21646.355996503","49.39520232861098","49.39520232861098","49.39520232861098"
"21661.355268774","49.35881778212018","49.35881778212018","49.35881778212018"
"21676.355868738","49.37535621234327","49.37535621234327","49.37535621234327"
"21691.356153281","49.376882836671555","49.376882836671555","49.376882836671555"
"21706.355797449","49.374847337567175","49.374847337567175","49.374847337567175"
"21721.356067222","49.92163328448135","49.92163328448135","49.92163328448135"
"21736.355281896","49.90356822992998","49.90356822992998","49.90356822992998"
"21751.356036115","49.91349128806383","49.91349128806383","49.91349128806383"
"21766.355608242","49.911964663735546","49.911964663735546","49.911964663735546"
"21781.355586539","49.911964663735546","49.911964663735546","49.911964663735546"
"21796.35514778","49.90560372903436","49.90560372903436","49.90560372903436"
"21811.355719502","49.904840416870215","49.904840416870215","49.904840416870215"
"21826.355645145","49.90331379254193","49.90331379254193","49.90331379254193"
"21841.355945846","49.90331379254193","49.90331379254193","49.90331379254193"
"21856.356235714","49.90331379254193","49.90331379254193","49.90331379254193"
"21871.355295561","49.905094854258266","49.905094854258266","49.905094854258266"
"21886.356102644","49.90356822992998","49.90356822992998","49.90356822992998"
"21901.356546824","49.90331379254193","49.90331379254193","49.90331379254193"
"21916.356023938","49.91145578895945","49.91145578895945","49.91145578895945"
"21931.356831854","49.91323685067579","49.91323685067579","49.91323685067579"
"21946.356194923","49.9117102263475","49.9117102263475","49.9117102263475"
"21961.355365349","49.9117102263475","49.9117102263475","49.9117102263475"
"21976.355997693","49.895935108288555","49.895935108288555","49.895935108288555"
"21991.355679158","49.905858166422405","49.905858166422405","49.905858166422405"
"22006.355084553","49.90458597948217","49.90458597948217","49.90458597948217"
"22021.355198453","49.90458597948217","49.90458597948217","49.90458597948217"
"22036.35607183","49.90458597948217","49.90458597948217","49.90458597948217"
"22051.356151472","49.91425460022798","49.91425460022798","49.91425460022798"
"22066.356128809","49.91272797589969","49.91272797589969","49.91272797589969"
"22081.356536621","49.91247353851164","49.91247353851164","49.91247353851164"
"22096.356081945","49.91247353851164","49.91247353851164","49.91247353851164"
"22111.356172345","49.905858166422405","49.905858166422405","49.905858166422405"
"22126.355773909","49.90433154209412","49.90433154209412","49.90433154209412"
"22141.355239403","49.90458597948217","49.90458597948217","49.90458597948217"
"22156.355753066","49.90458597948217","49.90458597948217","49.90458597948217"
"22171.355513709","49.90560372903436","49.90560372903436","49.90560372903436"
"22186.355627628","49.90433154209412","49.90433154209412","49.90433154209412"
"22201.355393373","49.90458597948217","49.90458597948217","49.90458597948217"
"22216.356354853","49.90458597948217","49.90458597948217","49.90458597948217"
"22231.355651525","49.897970607392935","49.897970607392935","49.897970607392935"
"22246.356211903","49.359581094284316","49.359581094284316","49.359581094284316"
"22261.356205171","49.35907221950822","49.35907221950822","49.35907221950822"
"22276.355811764","49.35907221950822","49.35907221950822","49.35907221950822"
"22291.355856734","49.368740840254034","49.368740840254034","49.368740840254034"
"22306.355689093","49.46695367204039","49.46695367204039","49.46695367204039"
"22321.355856226","49.46695367204039","49.46695367204039","49.46695367204039"
"22336.355771179","49.46695367204039","49.46695367204039","49.46695367204039"
"22351.355379452","49.476367855398145","49.476367855398145","49.476367855398145"
"22366.356536938","49.47484123106986","49.47484123106986","49.47484123106986"
"22381.356136081","49.47484123106986","49.47484123106986","49.47484123106986"
"22396.35570846","49.48298322748738","49.48298322748738","49.48298322748738"
"22411.355668421","49.476367855398145","49.476367855398145","49.476367855398145"
"22426.356053466","49.47484123106986","49.47484123106986","49.47484123106986"
"22441.355724872","49.47484123106986","49.47484123106986","49.47484123106986"
"22456.355366173","96.00355194593715","96.00355194593715","96.00355194593715"
"22471.356116218","96.00685963198177","96.00685963198177","96.00685963198177"
"22486.356200296","96.00355194593715","96.00355194593715","96.00355194593715"
"22501.355797723","96.0038063833252","96.0038063833252","96.0038063833252"
"22516.355375662","96.0038063833252","96.0038063833252","96.0038063833252"
"22531.355520696","96.00533300765348","96.00533300765348","96.00533300765348"
"22546.356000742","96.00355194593715","96.00355194593715","96.00355194593715"
"22561.355893194","96.00355194593715","96.00355194593715","96.00355194593715"
"22576.355805535","96.00355194593715","96.00355194593715","96.00355194593715"
"22591.355647932","95.93205503989579","95.93205503989579","95.93205503989579"
"22606.355533706","95.93867041198502","95.93867041198502","95.93867041198502"
"22621.355782999","95.93867041198502","95.93867041198502","95.93867041198502"
"22636.355511062","95.9139899853444","95.9139899853444","95.9139899853444"
"22651.355396073","95.92365860609021","95.92365860609021","95.92365860609021"
"22666.355639752","95.92213198176192","95.92213198176192","95.92213198176192"
"22681.355346513","95.92238641914997","95.92238641914997","95.92238641914997"
"22696.355548589","95.93078285295555","95.93078285295555","95.93078285295555"
"22711.355990239","95.89210836997232","95.89210836997232","95.89210836997232"
"22726.355916346","95.89007287086794","95.89007287086794","95.89007287086794"
"22741.355836696","95.89007287086794","95.89007287086794","95.89007287086794"
"22756.360764363","95.89821486728546","95.89821486728546","95.89821486728546"
"22771.355377603","49.37103077674646","49.37103077674646","49.37103077674646"
"22786.355257411","49.36950415241817","49.36950415241817","49.36950415241817"
"22801.356516904","49.36950415241817","49.36950415241817","49.36950415241817"
"22816.355265706","49.36950415241817","49.36950415241817","49.36950415241817"
"22831.355925689","49.37103077674646","49.37103077674646","49.37103077674646"
"22846.355895496","49.3562734082397","49.3562734082397","49.3562734082397"
"22861.356072063","49.3562734082397","49.3562734082397","49.3562734082397"
"22876.355987267","49.3562734082397","49.3562734082397","49.3562734082397"
"22891.355537273","49.349658036150466","49.349658036150466","49.349658036150466"
"22906.356223903","49.3562734082397","49.3562734082397","49.3562734082397"
"22921.355445683","49.3562734082397","49.3562734082397","49.3562734082397"
"22936.355610097","49.3562734082397","49.3562734082397","49.3562734082397"
"22951.355869598","49.36594202898551","49.36594202898551","49.36594202898551"
"22966.356976559","49.36441540465722","49.36441540465722","49.36441540465722"
"22981.355014958","49.36441540465722","49.36441540465722","49.36441540465722"
"22996.355480616","49.36441540465722","49.36441540465722","49.36441540465722"
"23011.3555313","49.34991247353851","49.34991247353851","49.34991247353851"
"23026.355690072","49.348640286598275","49.348640286598275","49.348640286598275"
"23041.356088051","49.34889472398632","49.34889472398632","49.34889472398632"
"23056.355351769","49.554734570916786","49.554734570916786","49.554734570916786"
"23071.35533455","49.46033829995115","49.46033829995115","49.46033829995115"
"23086.39076082","49.36950415241817","49.36950415241817","49.36950415241817"
"23101.355944549","49.36950415241817","49.36950415241817","49.36950415241817"
"23116.356316158","49.36950415241817","49.36950415241817","49.36950415241817"
"23131.356290724","49.37103077674646","49.37103077674646","49.37103077674646"
"23146.355434782","49.369758589806224","49.369758589806224","49.369758589806224"
"23161.355852083","49.369758589806224","49.369758589806224","49.369758589806224"
"23176.356231987","49.36950415241817","49.36950415241817","49.36950415241817"
"23191.355969892","49.37103077674646","49.37103077674646","49.37103077674646"
"23206.355801646","49.32217879824133","49.32217879824133","49.32217879824133"
"23221.355659398","49.33032079465885","49.33032079465885","49.33032079465885"
"23236.355743209","49.33032079465885","49.33032079465885","49.33032079465885"
"23251.356391783","49.3402438527927","49.3402438527927","49.3402438527927"
"23266.356054962","49.33871722846442","49.33871722846442","49.33871722846442"
"23281.35562179","49.33871722846442","49.33871722846442","49.33871722846442"
"23296.355877865","49.338462791076374","49.338462791076374","49.338462791076374"
"23311.355869316","49.33998941540466","49.33998941540466","49.33998941540466"
"23326.356521471","49.338462791076374","49.338462791076374","49.338462791076374"
"23341.355726693","49.338462791076374","49.338462791076374","49.338462791076374"
"23356.356185268","49.338462791076374","49.338462791076374","49.338462791076374"
"23371.356091009","49.33998941540466","49.33998941540466","49.33998941540466"
"23386.355506116","49.338462791076374","49.338462791076374","49.338462791076374"
"23401.355920604","49.33998941540466","49.33998941540466","49.33998941540466"
"23416.355161994","49.33998941540466","49.33998941540466","49.33998941540466"
"23431.355374058","49.37408402540303","49.37408402540303","49.37408402540303"
"23446.355512396","49.372557401074744","49.372557401074744","49.372557401074744"
"23461.356239199","49.372557401074744","49.372557401074744","49.372557401074744"
"23476.355695547","49.36466984204527","49.36466984204527","49.36466984204527"
"23491.356073101","49.37408402540303","49.37408402540303","49.37408402540303"
"23506.356107051","49.372557401074744","49.372557401074744","49.372557401074744"
"23521.355785446","49.36441540465722","49.36441540465722","49.36441540465722"
"23536.355535245","49.33184741898714","49.33184741898714","49.33184741898714"
"23551.355694182","49.341516039732944","49.341516039732944","49.341516039732944"
"23566.356080343","49.3402438527927","49.3402438527927","49.3402438527927"
"23581.355747056","49.3402438527927","49.3402438527927","49.3402438527927"
"23596.356515613","49.340498290180754","49.340498290180754","49.340498290180754"
"23611.3564683","49.88244992672203","49.88244992672203","49.88244992672203"
"23626.356265631","50.263088259241165","50.263088259241165","50.263088259241165"
"23641.355094544","50.679602263475","50.679602263475","50.679602263475"
"23656.356050715","50.67502239049014","50.67502239049014","50.67502239049014"
"23671.355580869","50.67654901481843","50.67654901481843","50.67654901481843"
"23686.356064544","50.84524100309395","50.84524100309395","50.84524100309395"
"23701.356761833","50.74982698257613","50.74982698257613","50.74982698257613"
"23716.355193826","50.74982698257613","50.74982698257613","50.74982698257613"
"23731.355865977","50.752116919068555","50.752116919068555","50.752116919068555"
"23746.355842887","50.74982698257613","50.74982698257613","50.74982698257613"
"23761.355397439","50.74982698257613","50.74982698257613","50.74982698257613"
"23776.356762658","50.75873229115779","50.75873229115779","50.75873229115779"
"23791.355492278","50.76025891548608","50.76025891548608","50.76025891548608"
"23806.356101458","50.75669679205341","50.75669679205341","50.75669679205341"
"23821.35588197","49.62674035173424","49.62674035173424","49.62674035173424"
"23836.355443478","49.61859835531672","49.61859835531672","49.61859835531672"
"23851.356344619","49.62826697606253","49.62826697606253","49.62826697606253"
"23866.355280668","49.62674035173424","49.62674035173424","49.62674035173424"
"23881.355139328","49.62674035173424","49.62674035173424","49.62674035173424"
"23896.355878634","49.62674035173424","49.62674035173424","49.62674035173424"
"23911.356261263","49.62037941703306","49.62037941703306","49.62037941703306"
"23926.35595331","49.61885279270477","49.61885279270477","49.61885279270477"
"23941.355420411","49.61961610486891","49.61961610486891","49.61961610486891"
"23956.355337273","49.62852141345058","49.62852141345058","49.62852141345058"
"23971.354934433","49.63004803777886","49.63004803777886","49.63004803777886"
"23986.356008755","49.78143828366716","49.78143828366716","49.78143828366716"
"24001.35980875","49.535651766813224","49.535651766813224","49.535651766813224"
"24016.356439092","49.59162799218368","49.59162799218368","49.59162799218368"
"24031.355681949","49.59773448949682","49.59773448949682","49.59773448949682"
"24046.355397634","49.65879946262824","49.65879946262824","49.65879946262824"
"24061.355610785","49.65879946262824","49.65879946262824","49.65879946262824"
"24076.35517376","49.67101245725452","49.67101245725452","49.67101245725452"
"24091.356094414","49.68449763882104","49.68449763882104","49.68449763882104"
"24106.356127565","49.68551538837323","49.68551538837323","49.68551538837323"
"24121.35569481","49.769225289040875","49.769225289040875","49.769225289040875"
"24136.356009014","49.42878806383325","49.42878806383325","49.42878806383325"
"24151.355801698","49.43616674808663","49.43616674808663","49.43616674808663"
"24166.355155563","49.43464012375834","49.43464012375834","49.43464012375834"
"24181.355215628","49.4445631818922","49.4445631818922","49.4445631818922"
"24196.355245148","49.44278212017586","49.44278212017586","49.44278212017586"
"24211.355320323","49.44354543234001","49.44354543234001","49.44354543234001"
"24226.356683425","49.442018808011724","49.442018808011724","49.442018808011724"
"24241.356110989","49.73538511643055","49.73538511643055","49.73538511643055"
"24256.359496454","96.15646881615372","96.15646881615372","96.15646881615372"
"24271.355918378","96.01093063019053","96.01093063019053","96.01093063019053"
"24286.355673745","96.01907262660805","96.01907262660805","96.01907262660805"
"24301.355991383","96.05443942354665","96.05443942354665","96.05443942354665"
"24316.356080301","96.08039203712751","96.08039203712751","96.08039203712751"
"24331.355440366","96.06716129294904","96.06716129294904","96.06716129294904"
"24346.356312131","96.0760666015307","96.0760666015307","96.0760666015307"
"24361.35623242","96.0760666015307","96.0760666015307","96.0760666015307"
"24376.355848363","96.06792460511318","96.06792460511318","96.06792460511318"
"24391.355352527","96.06792460511318","96.06792460511318","96.06792460511318"
"24406.356016156","96.06639798078488","96.06639798078488","96.06639798078488"
"24421.356079128","96.06716129294904","96.06716129294904","96.06716129294904"
"24436.356236965","96.01601937795148","96.01601937795148","96.01601937795148"
"24451.355153081","96.02823237257776","96.02823237257776","96.02823237257776"
"24466.356094743","96.02823237257776","96.02823237257776","96.02823237257776"
"24481.355611526","96.02721462302557","96.02721462302557","96.02721462302557"
"24496.357295972","96.02721462302557","96.02721462302557","96.02721462302557"
"24511.355402977","96.02721462302557","96.02721462302557","96.02721462302557"
"24526.355093109","96.02797793518971","96.02797793518971","96.02797793518971"
"24541.355292401","96.02797793518971","96.02797793518971","96.02797793518971"
"24556.355670285","96.02797793518971","96.02797793518971","96.02797793518971"
"24571.355270121","49.498503908158284","49.498503908158284","49.498503908158284"
"24586.355604593","49.49926722032242","49.49926722032242","49.49926722032242"
"24601.355495606","49.50003053248657","49.50003053248657","49.50003053248657"
"24616.35628562","49.50817252890409","49.50817252890409","49.50817252890409"
"24631.355557262","49.50893584106823","49.50893584106823","49.50893584106823"
"24646.355730704","49.48323766487543","49.48323766487543","49.48323766487543"
"24661.355927566","49.48400097703957","49.48400097703957","49.48400097703957"
"24676.355593793","49.48400097703957","49.48400097703957","49.48400097703957"
"24691.355700637","49.48476428920372","49.48476428920372","49.48476428920372"
"24706.355368425","49.482474352711286","49.482474352711286","49.482474352711286"
"24721.355646976","49.482474352711286","49.482474352711286","49.482474352711286"
"24736.355702332","49.49061634912881","49.49061634912881","49.49061634912881"
"24751.35585705","49.468480296368675","49.468480296368675","49.468480296368675"
"24766.355998112","49.476622292786196","49.476622292786196","49.476622292786196"
"24781.355407791","49.476622292786196","49.476622292786196","49.476622292786196"
"24796.356339333","49.476622292786196","49.476622292786196","49.476622292786196"
"24811.355918465","49.45982942517505","49.45982942517505","49.45982942517505"
"24826.356163371","49.46059273733919","49.46059273733919","49.46059273733919"
"24841.355943079","49.46135604950334","49.46135604950334","49.46135604950334"
"24856.357056083","49.470261358085004","49.470261358085004","49.470261358085004"
"24871.355309537","49.46797142159258","49.46797142159258","49.46797142159258"
"24886.355903905","49.46797142159258","49.46797142159258","49.46797142159258"
"24901.355673137","49.46797142159258","49.46797142159258","49.46797142159258"
"24916.355472537","49.467208109428434","49.467208109428434","49.467208109428434"
"24931.355169621","49.467208109428434","49.467208109428434","49.467208109428434"
"24946.356012299","49.46797142159258","49.46797142159258","49.46797142159258"
"24961.355840025","49.46797142159258","49.46797142159258","49.46797142159258"
"24976.356941852","49.467208109428434","49.467208109428434","49.467208109428434"
"24991.355792768","49.46797142159258","49.46797142159258","49.46797142159258"
"25006.355527533","49.46873473375672","49.46873473375672","49.46873473375672"
"25021.356028918","49.46873473375672","49.46873473375672","49.46873473375672"
"25036.355586386","49.46059273733919","49.46059273733919","49.46059273733919"
"25051.356031285","49.459066113010905","49.459066113010905","49.459066113010905"
"25066.355395433","49.450924116593384","49.450924116593384","49.450924116593384"
"25081.355641545","49.459066113010905","49.459066113010905","49.459066113010905"
"25096.355588628","49.459066113010905","49.459066113010905","49.459066113010905"
"25111.355767018","49.450924116593384","49.450924116593384","49.450924116593384"
"25126.355762774","49.450924116593384","49.450924116593384","49.450924116593384"
"25141.356434351","49.450924116593384","49.450924116593384","49.450924116593384"
"25156.356013305","49.459066113010905","49.459066113010905","49.459066113010905"
"25171.355769325","49.46059273733919","49.46059273733919","49.46059273733919"
"25186.356024498","49.4761134180101","49.4761134180101","49.4761134180101"
"25201.356627524","49.4761134180101","49.4761134180101","49.4761134180101"
"25216.355739358","49.47687673017424","49.47687673017424","49.47687673017424"
"25231.357760595","49.47687673017424","49.47687673017424","49.47687673017424"
"25246.357030409","49.4761134180101","49.4761134180101","49.4761134180101"
"25261.355855887","49.47687673017424","49.47687673017424","49.47687673017424"
"25276.35708693","49.47687673017424","49.47687673017424","49.47687673017424"
"25291.355947893","49.47687673017424","49.47687673017424","49.47687673017424"
"25306.369694839","49.47687673017424","49.47687673017424","49.47687673017424"
"25321.356042101","50.01628399283504","50.01628399283504","50.01628399283504"
"25336.356414967","50.02442598925256","50.02442598925256","50.02442598925256"
"25351.355965622","50.02442598925256","50.02442598925256","50.02442598925256"
"25366.356158173","50.0251893014167","50.0251893014167","50.0251893014167"
"25381.355913125","50.009668620745806","50.009668620745806","50.009668620745806"
"25396.356330297","50.01781061716333","50.01781061716333","50.01781061716333"
"25411.356034986","50.01806505455137","50.01806505455137","50.01806505455137"
"25426.356484567","50.01781061716333","50.01781061716333","50.01781061716333"
"25441.355700502","50.01781061716333","50.01781061716333","50.01781061716333"
"25456.356213685","50.01781061716333","50.01781061716333","50.01781061716333"
"25471.355301182","50.01781061716333","50.01781061716333","50.01781061716333"
"25486.356728203","50.01781061716333","50.01781061716333","50.01781061716333"
"25501.356580058","50.01781061716333","50.01781061716333","50.01781061716333"
"25516.355569545","50.01781061716333","50.01781061716333","50.01781061716333"
"25531.357326385","50.01781061716333","50.01781061716333","50.01781061716333"
"25546.355403421","50.01781061716333","50.01781061716333","50.01781061716333"
"25561.356240039","50.01781061716333","50.01781061716333","50.01781061716333"
"25576.356789499","50.01781061716333","50.01781061716333","50.01781061716333"
"25591.356353134","50.01781061716333","50.01781061716333","50.01781061716333"
"25606.355753481","50.01781061716333","50.01781061716333","50.01781061716333"
"25621.356848477","50.01781061716333","50.01781061716333","50.01781061716333"
"25636.356242922","50.009668620745806","50.009668620745806","50.009668620745806"
"25651.356216974","50.01043193290995","50.01043193290995","50.01043193290995"
"25666.355493222","50.00992305813385","50.00992305813385","50.00992305813385"
"25681.35664862","50.00228993649243","50.00228993649243","50.00228993649243"
"25696.355453349","50.043763230744176","50.043763230744176","50.043763230744176"
"25711.355137304","50.031550236117894","50.031550236117894","50.031550236117894"
"25726.356079023","50.031550236117894","50.031550236117894","50.031550236117894"
"25741.356656917","50.02926029962546","50.02926029962546","50.02926029962546"
"25756.356047368","50.03816560820713","50.03816560820713","50.03816560820713"
"25771.35651782","50.03816560820713","50.03816560820713","50.03816560820713"
"25786.355748509","50.03816560820713","50.03816560820713","50.03816560820713"
"25801.356197688","50.03816560820713","50.03816560820713","50.03816560820713"
"25816.355385883","50.03816560820713","50.03816560820713","50.03816560820713"
"25831.355925134","50.03816560820713","50.03816560820713","50.03816560820713"
"25846.356443618","49.50206603159095","49.50206603159095","49.50206603159095"
"25861.355238732","49.50282934375509","49.50282934375509","49.50282934375509"
"25876.355413221","49.50282934375509","49.50282934375509","49.50282934375509"
"25891.355454451","49.50079384465071","49.50079384465071","49.50079384465071"
"25906.356175888","49.501557156814854","49.501557156814854","49.501557156814854"
"25921.356221472","49.50232046897899","49.50232046897899","49.50232046897899"
"25936.355938795","49.510462465396515","49.510462465396515","49.510462465396515"
"25951.355114958","49.510462465396515","49.510462465396515","49.510462465396515"
"25966.356545782","49.510462465396515","49.510462465396515","49.510462465396515"
"25981.355735222","49.5013027194268","49.5013027194268","49.5013027194268"
"25996.355271498","49.51020802800847","49.51020802800847","49.51020802800847"
"26011.355624775","49.496468409053904","49.496468409053904","49.496468409053904"
"26026.357388329","49.49468734733757","49.49468734733757","49.49468734733757"
"26041.356375248","49.49239741084514","49.49239741084514","49.49239741084514"
"26056.356702655","96.02925012212995","96.02925012212995","96.02925012212995"
"26071.35671513","96.02925012212995","96.02925012212995","96.02925012212995"
"26086.35616937","96.03739211854747","96.03739211854747","96.03739211854747"
"26101.355620986","96.03739211854747","96.03739211854747","96.03739211854747"
"26116.357958023","96.03739211854747","96.03739211854747","96.03739211854747"
"26131.35585948","96.03739211854747","96.03739211854747","96.03739211854747"
"26146.356228332","96.00482413287739","96.00482413287739","96.00482413287739"
"26161.355964312","96.00558744504153","96.00558744504153","96.00558744504153"
"26176.355540822","96.00558744504153","96.00558744504153","96.00558744504153"
"26191.355200577","96.22745684741899","96.22745684741899","96.22745684741899"
"26206.355487643","96.11321446018563","96.11321446018563","96.11321446018563"
"26221.355588465","96.11245114802149","96.11245114802149","96.11245114802149"
"26236.369808163","96.16791849861586","96.16791849861586","96.16791849861586"
"26251.355693281","96.18216699234652","96.18216699234652","96.18216699234652"
"26266.356344941","96.14654575801987","96.14654575801987","96.14654575801987"
"26281.355386841","96.15875875264615","96.15875875264615","96.15875875264615"
"26296.355366007","96.136622699886","96.136622699886","96.136622699886"
"26311.355984797","96.14222032242306","96.14222032242306","96.14222032242306"
"26326.3563622","96.15392444227324","96.15392444227324","96.15392444227324"
"26341.363401433","96.25137396189545","96.25137396189545","96.25137396189545"
"26356.355576152","96.19972317212181","96.19972317212181","96.19972317212181"
"26371.355645778","96.19972317212181","96.19972317212181","96.19972317212181"
"26386.357296126","96.20048648428595","96.20048648428595","96.20048648428595"
"26401.355783609","96.20048648428595","96.20048648428595","96.20048648428595"
"26416.355892841","96.20048648428595","96.20048648428595","96.20048648428595"
"26431.355170684","49.671775769418666","49.671775769418666","49.671775769418666"
"26446.355973444","49.671775769418666","49.671775769418666","49.671775769418666"
"26461.356101397","49.671775769418666","49.671775769418666","49.671775769418666"
"26476.355535972","49.671775769418666","49.671775769418666","49.671775769418666"
"26491.356314752","49.7040893177007","49.7040893177007","49.7040893177007"
"26506.356025629","49.642261032405145","49.642261032405145","49.642261032405145"
"26521.355809139","49.78550928187592","49.78550928187592","49.78550928187592"
"26536.355210614","49.78550928187592","49.78550928187592","49.78550928187592"
"26551.355243087","49.778130597622535","49.778130597622535","49.778130597622535"
"26566.356076576","49.77889390978668","49.77889390978668","49.77889390978668"
"26581.355382846","49.78779921836834","49.78779921836834","49.78779921836834"
"26596.355559239","49.75217798404169","49.75217798404169","49.75217798404169"
"26611.355333247","49.743018238071976","49.743018238071976","49.743018238071976"
"26626.355749637","49.7511602344895","49.7511602344895","49.7511602344895"
"26641.355321071","49.7511602344895","49.7511602344895","49.7511602344895"
"26656.356286845","49.7511602344895","49.7511602344895","49.7511602344895"
"26671.355848444","49.75039692232535","49.75039692232535","49.75039692232535"
"26686.355655523","49.75039692232535","49.75039692232535","49.75039692232535"
"26701.355825148","49.75039692232535","49.75039692232535","49.75039692232535"
"26716.356133169","49.75039692232535","49.75039692232535","49.75039692232535"
"26731.355870621","49.75039692232535","49.75039692232535","49.75039692232535"
"26746.355570026","49.741746051131734","49.741746051131734","49.741746051131734"
"26761.35591883","49.741746051131734","49.741746051131734","49.741746051131734"
"26776.355836997","49.741746051131734","49.741746051131734","49.741746051131734"
"26791.35617262","49.741746051131734","49.741746051131734","49.741746051131734"
"26806.356011164","49.741746051131734","49.741746051131734","49.741746051131734"
"26821.355829414","49.741746051131734","49.741746051131734","49.741746051131734"
"26836.355410982","49.73360405471421","49.73360405471421","49.73360405471421"
"26851.355370687","49.73436736687836","49.73436736687836","49.73436736687836"
"26866.355325072","49.742763800683925","49.742763800683925","49.742763800683925"
"26881.356196497","51.55079588014981","51.55079588014981","51.55079588014981"
"26896.355356838","51.409837567171465","51.409837567171465","51.409837567171465"
"26911.355367763","51.40016894642566","51.40016894642566","51.40016894642566"
"26926.356359098","51.40831094284318","51.40831094284318","51.40831094284318"
"26941.356231815","51.409074255007326","51.409074255007326","51.409074255007326"
"26956.355650916","51.409074255007326","51.409074255007326","51.409074255007326"
"26971.356044105","51.409837567171465","51.409837567171465","51.409837567171465"
"26986.356135655","51.41060087933561","51.41060087933561","51.41060087933561"
"27001.355364871","51.40831094284318","51.40831094284318","51.40831094284318"
"27016.355342371","51.409074255007326","51.409074255007326","51.409074255007326"
"27031.357339125","51.409074255007326","51.409074255007326","51.409074255007326"
"27046.3563071","51.39151807523204","51.39151807523204","51.39151807523204"
"27061.355719077","51.39228138739619","51.39228138739619","51.39228138739619"
"27076.356756828","51.39100920045595","51.39100920045595","51.39100920045595"
"27091.355473379","51.39177251262009","51.39177251262009","51.39177251262009"
"27106.355832843","51.39253582478423","51.39253582478423","51.39253582478423"
"27121.355533945","51.43222805731965","51.43222805731965","51.43222805731965"
"27136.356097228","51.43044699560332","51.43044699560332","51.43044699560332"
"27151.356889044","51.42866593388698","51.42866593388698","51.42866593388698"
"27166.356207071","51.42942924605113","51.42942924605113","51.42942924605113"
"27181.355363749","51.65715070835368","51.65715070835368","51.65715070835368"
"27196.355674046","51.976469630353364","51.976469630353364","51.976469630353364"
"27211.357297016","51.34724596971177","51.34724596971177","51.34724596971177"
"27226.35645414","51.34724596971177","51.34724596971177","51.34724596971177"
"27241.355825988","51.57064199641752","51.57064199641752","51.57064199641752"
"27256.357207232","51.57064199641752","51.57064199641752","51.57064199641752"
"27271.357066128","51.57140530858166","51.57140530858166","51.57140530858166"
"27286.356052433","51.57140530858166","51.57140530858166","51.57140530858166"
"27301.355763507","51.57140530858166","51.57140530858166","51.57140530858166"
"27316.356041504","51.572168620745806","51.572168620745806","51.572168620745806"
"27331.355952107","51.572168620745806","51.572168620745806","51.572168620745806"
"27346.355790328","51.572168620745806","51.572168620745806","51.572168620745806"
"27361.356551583","51.5780206806709","51.5780206806709","51.5780206806709"
"27376.355551818","51.5780206806709","51.5780206806709","51.5780206806709"
"27391.355253452","51.58005617977528","51.58005617977528","51.58005617977528"
"27406.355712303","51.58005617977528","51.58005617977528","51.58005617977528"
"27421.355695786","51.58489049014818","51.58489049014818","51.58489049014818"
"27436.355763979","51.58489049014818","51.58489049014818","51.58489049014818"
"27451.356095002","51.58489049014818","51.58489049014818","51.58489049014818"
"27466.355419516","51.58489049014818","51.58489049014818","51.58489049014818"
"27481.355930616","51.452074173587356","51.452074173587356","51.452074173587356"
"27496.356777929","51.4528374857515","51.4528374857515","51.4528374857515"
"27511.356836773","50.84676762742224","50.84676762742224","50.84676762742224"
"27526.355938879","50.855672936003906","50.855672936003906","50.855672936003906"
"27541.356282656","50.855672936003906","50.855672936003906","50.855672936003906"
"27556.355884513","50.855672936003906","50.855672936003906","50.855672936003906"
"27571.355733235","50.856436248168045","50.856436248168045","50.856436248168045"
"27586.355252817","50.85490962383976","50.85490962383976","50.85490962383976"
"27601.356509922","50.85490962383976","50.85490962383976","50.85490962383976"
"27616.355707494","50.85490962383976","50.85490962383976","50.85490962383976"
"27631.355904798","50.855672936003906","50.855672936003906","50.855672936003906"
"27646.355654382","50.620318352059925","50.620318352059925","50.620318352059925"
"27661.355499209","50.620318352059925","50.620318352059925","50.620318352059925"
"27676.355577241","50.61955503989578","50.61955503989578","50.61955503989578"
"27691.355556697","50.61955503989578","50.61955503989578","50.61955503989578"
"27706.35546398","50.61955503989578","50.61955503989578","50.61955503989578"
"27721.356735571","50.620318352059925","50.620318352059925","50.620318352059925"
"27736.357497207","50.54246051131738","50.54246051131738","50.54246051131738"
"27751.355295944","50.540933886989095","50.540933886989095","50.540933886989095"
"27766.35536914","50.541697199153234","50.541697199153234","50.541697199153234"
"27781.355303527","50.34934253378929","50.34934253378929","50.34934253378929"
"27796.356026482","50.34934253378929","50.34934253378929","50.34934253378929"
"27811.355666407","50.34934253378929","50.34934253378929","50.34934253378929"
"27826.356817149","50.35621234326657","50.35621234326657","50.35621234326657"
"27841.356472791","50.35519459371438","50.35519459371438","50.35519459371438"
"27856.356062174","94.92168417195896","94.92168417195896","94.92168417195896"
"27871.355805774","94.94611016121152","94.94611016121152","94.94611016121152"
"27886.355656278","94.94611016121152","94.94611016121152","94.94611016121152"
"27901.35599155","94.94611016121152","94.94611016121152","94.94611016121152"
"27916.356584977","94.94611016121152","94.94611016121152","94.94611016121152"
"27931.355460084","94.94585572382348","94.94585572382348","94.94585572382348"
"27946.355668164","94.94585572382348","94.94585572382348","94.94585572382348"
"27961.355487584","94.94585572382348","94.94585572382348","94.94585572382348"
"27976.355926368","94.94585572382348","94.94585572382348","94.94585572382348"
"27991.356450155","94.94585572382348","94.94585572382348","94.94585572382348"
"28006.356011136","94.94585572382348","94.94585572382348","94.94585572382348"
"28021.356233111","94.94585572382348","94.94585572382348","94.94585572382348"
"28036.35614738","94.83008671226185","94.83008671226185","94.83008671226185"
"28051.35587269","94.88479075069208","94.88479075069208","94.88479075069208"
"28066.355559424","94.84000977039571","94.84000977039571","94.84000977039571"
"28081.355396218","94.84077308255985","94.84077308255985","94.84077308255985"
"28096.355548857","94.83848314606742","94.83848314606742","94.83848314606742"
"28111.355846649","94.83848314606742","94.83848314606742","94.83848314606742"
"28126.355224291","94.83848314606742","94.83848314606742","94.83848314606742"
"28141.355156555","94.8303411496499","94.8303411496499","94.8303411496499"
"28156.35519871","94.83848314606742","94.83848314606742","94.83848314606742"
"28171.356107354","94.83848314606742","94.83848314606742","94.83848314606742"
"28186.355455869","94.83924645823156","94.83924645823156","94.83924645823156"
"28201.355789472","50.24833089073441","50.24833089073441","50.24833089073441"
"28216.355531556","50.24909420289855","50.24909420289855","50.24909420289855"
"28231.356405566","50.24909420289855","50.24909420289855","50.24909420289855"
"28246.356892073","50.24909420289855","50.24909420289855","50.24909420289855"
"28261.355920684","50.24756757857026","50.24756757857026","50.24756757857026"
"28276.355856342","50.24756757857026","50.24756757857026","50.24756757857026"
"28291.356063641","50.24833089073441","50.24833089073441","50.24833089073441"
"28306.355692793","50.24833089073441","50.24833089073441","50.24833089073441"
"28321.355759641","50.24833089073441","50.24833089073441","50.24833089073441"
"28336.356056032","50.25647288715193","50.25647288715193","50.25647288715193"
"28351.355509158","50.25647288715193","50.25647288715193","50.25647288715193"
"28366.356126307","50.25647288715193","50.25647288715193","50.25647288715193"
"28381.356207388","50.25723619931607","50.25723619931607","50.25723619931607"
"28396.355197482","50.25723619931607","50.25723619931607","50.25723619931607"
"28411.381177766","50.25621844976388","50.25621844976388","50.25621844976388"
"28426.355704394","50.232810210063505","50.232810210063505","50.232810210063505"
"28441.355883958","50.232810210063505","50.232810210063505","50.232810210063505"
"28456.356628668","50.224668213645984","50.224668213645984","50.224668213645984"
"28471.35610815","50.23357352222765","50.23357352222765","50.23357352222765"
"28486.356581962","50.23357352222765","50.23357352222765","50.23357352222765"
"28501.356091881","50.233064647451556","50.233064647451556","50.233064647451556"
"28516.355947729","50.233827959615695","50.233827959615695","50.233827959615695"
"28531.356397017","50.23459127177984","50.23459127177984","50.23459127177984"
"28546.356338396","50.23459127177984","50.23459127177984","50.23459127177984"
"28561.3552928","50.23535458394398","50.23535458394398","50.23535458394398"
"28576.356734293","50.233064647451556","50.233064647451556","50.233064647451556"
"28591.356155802","50.233064647451556","50.233064647451556","50.233064647451556"
"28606.356238129","50.233064647451556","50.233064647451556","50.233064647451556"
"28621.356210061","50.233827959615695","50.233827959615695","50.233827959615695"
"28636.356191052","50.24273326819736","50.24273326819736","50.24273326819736"
"28651.35576812","50.241969956033216","50.241969956033216","50.241969956033216"
"28666.356071826","50.24273326819736","50.24273326819736","50.24273326819736"
"28681.355950783","50.2434965803615","50.2434965803615","50.2434965803615"
"28696.355688813","50.24425989252565","50.24425989252565","50.24425989252565"
"28711.355713351","50.24120664386908","50.24120664386908","50.24120664386908"
"28726.356036177","50.24120664386908","50.24120664386908","50.24120664386908"
"28741.356412572","50.24120664386908","50.24120664386908","50.24120664386908"
"28756.355464098","50.233064647451556","50.233064647451556","50.233064647451556"
"28771.35580853","50.24120664386908","50.24120664386908","50.24120664386908"
"28786.355753077","50.24120664386908","50.24120664386908","50.24120664386908"
"28801.381240032","50.241969956033216","50.241969956033216","50.241969956033216"
"28816.355905827","50.24273326819736","50.24273326819736","50.24273326819736"
"28831.355352413","50.24273326819736","50.24273326819736","50.24273326819736"
"28846.355496575","50.24273326819736","50.24273326819736","50.24273326819736"
"28861.35792145","50.24273326819736","50.24273326819736","50.24273326819736"
"28876.356400468","50.24120664386908","50.24120664386908","50.24120664386908"
"28891.356474238","50.24120664386908","50.24120664386908","50.24120664386908"
"28906.356872504","50.24120664386908","50.24120664386908","50.24120664386908"
"28921.35529947","50.77170859794822","50.77170859794822","50.77170859794822"
"28936.3559623","50.76992753623188","50.76992753623188","50.76992753623188"
"28951.355484494","50.76992753623188","50.76992753623188","50.76992753623188"
"28966.356015912","50.76992753623188","50.76992753623188","50.76992753623188"
"28981.355720772","50.77069084839603","50.77069084839603","50.77069084839603"
"28996.356027275","50.77145416056017","50.77145416056017","50.77145416056017"
"29011.355258869","50.77145416056017","50.77145416056017","50.77145416056017"
"29026.355948052","50.77959615697769","50.77959615697769","50.77959615697769"
"29041.356271858","50.77959615697769","50.77959615697769","50.77959615697769"
"29056.355707861","50.76967309884384","50.76967309884384","50.76967309884384"
"29071.356296815","50.77781509526136","50.77781509526136","50.77781509526136"
"29086.356015968","50.7785784074255","50.7785784074255","50.7785784074255"
"29101.356032236","50.7785784074255","50.7785784074255","50.7785784074255"
"29116.359146487","50.779341719589645","50.779341719589645","50.779341719589645"
"29131.355530469","50.77781509526136","50.77781509526136","50.77781509526136"
"29146.35606389","50.77781509526136","50.77781509526136","50.77781509526136"
"29161.357160909","50.7785784074255","50.7785784074255","50.7785784074255"
"29176.355860292","50.779341719589645","50.779341719589645","50.779341719589645"
"29191.356241015","50.780105031753784","50.780105031753784","50.780105031753784"
"29206.356082065","50.77781509526136","50.77781509526136","50.77781509526136"
"29221.356255665","50.77781509526136","50.77781509526136","50.77781509526136"
"29236.356790585","50.76967309884384","50.76967309884384","50.76967309884384"
"29251.355970389","50.76967309884384","50.76967309884384","50.76967309884384"
"29266.357028865","50.76967309884384","50.76967309884384","50.76967309884384"
"29281.355786633","50.77043641100798","50.77043641100798","50.77043641100798"
"29296.355455728","50.76967309884384","50.76967309884384","50.76967309884384"
"29311.355307075","50.76967309884384","50.76967309884384","50.76967309884384"
"29326.355488721","50.76967309884384","50.76967309884384","50.76967309884384"
"29341.35612732","50.7785784074255","50.7785784074255","50.7785784074255"
"29356.355538542","50.76967309884384","50.76967309884384","50.76967309884384"
"29371.356522012","50.77781509526136","50.77781509526136","50.77781509526136"
"29386.35560458","50.77781509526136","50.77781509526136","50.77781509526136"
"29401.355703607","50.77781509526136","50.77781509526136","50.77781509526136"
"29416.355482622","50.77781509526136","50.77781509526136","50.77781509526136"
"29431.356195477","50.7785784074255","50.7785784074255","50.7785784074255"
"29446.355843183","50.24171551864517","50.24171551864517","50.24171551864517"
"29461.355368049","50.240952206481026","50.240952206481026","50.240952206481026"
"29476.356291266","50.240952206481026","50.240952206481026","50.240952206481026"
"29491.355715948","50.24171551864517","50.24171551864517","50.24171551864517"
"29506.355881486","50.24171551864517","50.24171551864517","50.24171551864517"
"29521.355558154","50.24247883080931","50.24247883080931","50.24247883080931"
"29536.356261013","50.24120664386908","50.24120664386908","50.24120664386908"
"29551.356727886","50.24120664386908","50.24120664386908","50.24120664386908"
"29566.356007198","50.24120664386908","50.24120664386908","50.24120664386908"
"29581.355353056","50.241969956033216","50.241969956033216","50.241969956033216"
"29596.355896756","50.28624206155349","50.28624206155349","50.28624206155349"
"29611.35554968","50.269958068718445","50.269958068718445","50.269958068718445"
"29626.356708824","50.26028944797264","50.26028944797264","50.26028944797264"
"29641.355413368","50.260798322748734","50.260798322748734","50.260798322748734"
"29656.357059139","94.81914590457579","94.81914590457579","94.81914590457579"
"29671.356066071","94.84280858166423","94.84280858166423","94.84280858166423"
"29686.355749548","94.85985588666341","94.85985588666341","94.85985588666341"
"29701.356059554","94.85909257449927","94.85909257449927","94.85909257449927"
"29716.35596644","94.85985588666341","94.85985588666341","94.85985588666341"
"29731.356023437","94.85985588666341","94.85985588666341","94.85985588666341"
"29746.356001916","94.85985588666341","94.85985588666341","94.85985588666341"
"29761.355951195","94.85985588666341","94.85985588666341","94.85985588666341"
"29776.356632859","94.85985588666341","94.85985588666341","94.85985588666341"
"29791.355959175","94.85909257449927","94.85909257449927","94.85909257449927"
"29806.355952523","94.85909257449927","94.85909257449927","94.85909257449927"
"29821.355626735","94.85985588666341","94.85985588666341","94.85985588666341"
"29836.356001393","94.85985588666341","94.85985588666341","94.85985588666341"
"29851.356301915","94.85985588666341","94.85985588666341","94.85985588666341"
"29866.356315817","94.85934701188732","94.85934701188732","94.85934701188732"
"29881.356156771","94.85985588666341","94.85985588666341","94.85985588666341"
"29896.356203468","94.85985588666341","94.85985588666341","94.85985588666341"
"29911.355683072","94.85985588666341","94.85985588666341","94.85985588666341"
"29926.356317398","94.85985588666341","94.85985588666341","94.85985588666341"
"29941.355497204","94.85985588666341","94.85985588666341","94.85985588666341"
"29956.356068199","94.85934701188732","94.85934701188732","94.85934701188732"
"29971.355356929","94.8613825109917","94.8613825109917","94.8613825109917"
"29986.355884297","94.85222276502199","94.85222276502199","94.85222276502199"
"30001.355741035","94.86112807360365","94.86112807360365","94.86112807360365"
"30016.35600759","94.86036476143951","94.86036476143951","94.86036476143951"
"30031.355702295","50.270212506106496","50.270212506106496","50.270212506106496"
"30046.355266308","50.270975818270635","50.270975818270635","50.270975818270635"
"30061.355742923","50.27173913043478","50.27173913043478","50.27173913043478"
"30076.355188335","50.27173913043478","50.27173913043478","50.27173913043478"
"30091.356083738","50.26944919394235","50.26944919394235","50.26944919394235"
"30106.357375251","50.26944919394235","50.26944919394235","50.26944919394235"
"30121.356101846","50.26944919394235","50.26944919394235","50.26944919394235"
"30136.355679865","50.26130719752483","50.26130719752483","50.26130719752483"
"30151.355581879","50.26130719752483","50.26130719752483","50.26130719752483"
"30166.356154097","50.261816072300924","50.261816072300924","50.261816072300924"
"30181.355825106","50.26130719752483","50.26130719752483","50.26130719752483"
"30196.355911524","50.26054388536069","50.26054388536069","50.26054388536069"
"30211.355779244","50.26054388536069","50.26054388536069","50.26054388536069"
"30226.355893896","50.2697036313304","50.2697036313304","50.2697036313304"
"30241.355291312","50.268940319166255","50.268940319166255","50.268940319166255"
"30256.356562742","50.2697036313304","50.2697036313304","50.2697036313304"
"30271.356054737","50.27046694349454","50.27046694349454","50.27046694349454"
"30286.356033584","50.27046694349454","50.27046694349454","50.27046694349454"
"30301.355457339","50.26130719752483","50.26130719752483","50.26130719752483"
"30316.356821608","50.26944919394235","50.26944919394235","50.26944919394235"
"30331.356110893","50.26944919394235","50.26944919394235","50.26944919394235"
"30346.356049088","50.26944919394235","50.26944919394235","50.26944919394235"
"30361.355871694","50.270212506106496","50.270212506106496","50.270212506106496"
"30376.356058798","50.270212506106496","50.270212506106496","50.270212506106496"
"30391.355802426","50.26868588177821","50.26868588177821","50.26868588177821"
"30406.356045412","50.26944919394235","50.26944919394235","50.26944919394235"
"30421.356050052","50.270212506106496","50.270212506106496","50.270212506106496"
"30436.356399583","50.262070509688975","50.262070509688975","50.262070509688975"
"30451.355845372","50.262070509688975","50.262070509688975","50.262070509688975"
"30466.355400869","50.260798322748734","50.260798322748734","50.260798322748734"
"30481.355854927","50.26156163491288","50.26156163491288","50.26156163491288"
"30496.355663234","50.26232494707702","50.26232494707702","50.26232494707702"
"30511.356084317","50.263088259241165","50.263088259241165","50.263088259241165"
"30526.355811076","50.263088259241165","50.263088259241165","50.263088259241165"
"30541.355976354","50.26054388536069","50.26054388536069","50.26054388536069"
"30556.355663848","50.26054388536069","50.26054388536069","50.26054388536069"
"30571.355732908","50.26054388536069","50.26054388536069","50.26054388536069"
"30586.356282382","50.26054388536069","50.26054388536069","50.26054388536069"
"30601.355479388","50.26130719752483","50.26130719752483","50.26130719752483"
"30616.355722875","50.251893014167074","50.251893014167074","50.251893014167074"
"30631.355812347","50.260798322748734","50.260798322748734","50.260798322748734"
"30646.355687536","50.26156163491288","50.26156163491288","50.26156163491288"
"30661.355400507","50.26156163491288","50.26156163491288","50.26156163491288"
"30676.356181084","50.26232494707702","50.26232494707702","50.26232494707702"
"30691.355407575","50.260035010584595","50.260035010584595","50.260035010584595"
"30706.355381866","50.260035010584595","50.260035010584595","50.260035010584595"
"30721.355587212","50.260798322748734","50.260798322748734","50.260798322748734"
"30736.356007002","50.2697036313304","50.2697036313304","50.2697036313304"
"30751.355758395","50.2697036313304","50.2697036313304","50.2697036313304"
"30766.355813442","50.2697036313304","50.2697036313304","50.2697036313304"
"30781.355559383","50.268940319166255","50.268940319166255","50.268940319166255"
"30796.356712709","50.268940319166255","50.268940319166255","50.268940319166255"
"30811.35583725","50.268940319166255","50.268940319166255","50.268940319166255"
"30826.356397807","50.26334269662921","50.26334269662921","50.26334269662921"
"30841.355409629","50.26156163491288","50.26156163491288","50.26156163491288"
"30856.355757228","50.260035010584595","50.260035010584595","50.260035010584595"
"30871.355709656","50.260035010584595","50.260035010584595","50.260035010584595"
"30886.356187944","50.260035010584595","50.260035010584595","50.260035010584595"
"30901.355706543","50.260035010584595","50.260035010584595","50.260035010584595"
"30916.355786176","50.260035010584595","50.260035010584595","50.260035010584595"
"30931.356206739","50.251893014167074","50.251893014167074","50.251893014167074"
"30946.355354156","50.260798322748734","50.260798322748734","50.260798322748734"
"30961.355753857","50.26156163491288","50.26156163491288","50.26156163491288"
"30976.355562613","50.26156163491288","50.26156163491288","50.26156163491288"
"30991.356416506","50.26156163491288","50.26156163491288","50.26156163491288"
"31006.355346941","50.26156163491288","50.26156163491288","50.26156163491288"
"31021.360303753","50.260035010584595","50.260035010584595","50.260035010584595"
"31036.356118341","50.268940319166255","50.268940319166255","50.268940319166255"
"31051.355684632","50.2697036313304","50.2697036313304","50.2697036313304"
"31066.356927047","50.27046694349454","50.27046694349454","50.27046694349454"
"31081.355357397","50.268940319166255","50.268940319166255","50.268940319166255"
"31096.356182371","50.268940319166255","50.268940319166255","50.268940319166255"
"31111.356127727","50.268940319166255","50.268940319166255","50.268940319166255"
"31126.355800531","50.268940319166255","50.268940319166255","50.268940319166255"
"31141.356261338","50.275046816479396","50.275046816479396","50.275046816479396"
"31156.355659893","50.27581012864354","50.27581012864354","50.27581012864354"
"31171.35614929","50.27352019215111","50.27352019215111","50.27352019215111"
"31186.355866764","50.27352019215111","50.27352019215111","50.27352019215111"
"31201.356100409","50.27428350431526","50.27428350431526","50.27428350431526"
"31216.356287961","50.27428350431526","50.27428350431526","50.27428350431526"
"31231.355552175","50.26537819573359","50.26537819573359","50.26537819573359"
"31246.356570304","50.27352019215111","50.27352019215111","50.27352019215111"
"31261.356103628","50.27428350431526","50.27428350431526","50.27428350431526"
"31276.355933816","50.27428350431526","50.27428350431526","50.27428350431526"
"31291.356239964","50.275046816479396","50.275046816479396","50.275046816479396"
"31306.355097402","50.27581012864354","50.27581012864354","50.27581012864354"
"31321.355364519","50.27352019215111","50.27352019215111","50.27352019215111"
"31336.355873389","50.26537819573359","50.26537819573359","50.26537819573359"
"31351.35585136","50.266141507897736","50.266141507897736","50.266141507897736"
"31366.356747294","50.266141507897736","50.266141507897736","50.266141507897736"
"31381.355684685","50.266141507897736","50.266141507897736","50.266141507897736"
"31396.356068769","50.266141507897736","50.266141507897736","50.266141507897736"
"31411.355372081","50.266141507897736","50.266141507897736","50.266141507897736"
"31426.356009029","50.266904820061875","50.266904820061875","50.266904820061875"
"31441.356420445","50.27581012864354","50.27581012864354","50.27581012864354"
"31456.356200821","94.84229970688813","94.84229970688813","94.84229970688813"
"31471.35570244","94.86443575964827","94.86443575964827","94.86443575964827"
"31486.355293589","94.86443575964827","94.86443575964827","94.86443575964827"
"31501.35615863","94.86443575964827","94.86443575964827","94.86443575964827"
"31516.355440665","94.86443575964827","94.86443575964827","94.86443575964827"
"31531.356579335","94.86519907181241","94.86519907181241","94.86519907181241"
"31546.356216537","94.85629376323075","94.85629376323075","94.85629376323075"
"31561.355457926","94.86443575964827","94.86443575964827","94.86443575964827"
"31576.355703228","94.86443575964827","94.86443575964827","94.86443575964827"
"31591.355815288","94.86443575964827","94.86443575964827","94.86443575964827"
"31606.355690082","94.86443575964827","94.86443575964827","94.86443575964827"
"31621.355539559","94.86519907181241","94.86519907181241","94.86519907181241"
"31636.355786975","94.85705707539489","94.85705707539489","94.85705707539489"
"31651.35584755","94.85782038755903","94.85782038755903","94.85782038755903"
"31666.356737231","94.85782038755903","94.85782038755903","94.85782038755903"
"31681.355441094","94.85782038755903","94.85782038755903","94.85782038755903"
"31696.355255098","94.85782038755903","94.85782038755903","94.85782038755903"
"31711.356382267","94.85782038755903","94.85782038755903","94.85782038755903"
"31726.355512664","94.85629376323075","94.85629376323075","94.85629376323075"
"31741.355283946","94.85629376323075","94.85629376323075","94.85629376323075"
"31756.355319318","94.85629376323075","94.85629376323075","94.85629376323075"
"31771.356152975","94.85705707539489","94.85705707539489","94.85705707539489"
"31786.355552129","94.85705707539489","94.85705707539489","94.85705707539489"
"31801.359016673","50.33254966617815","50.33254966617815","50.33254966617815"
"31816.355582308","50.266141507897736","50.266141507897736","50.266141507897736"
"31831.35605927","50.266141507897736","50.266141507897736","50.266141507897736"
"31846.356665393","50.266904820061875","50.266904820061875","50.266904820061875"
"31861.355999947","50.266904820061875","50.266904820061875","50.266904820061875"
"31876.355591816","50.27377462953916","50.27377462953916","50.27377462953916"
"31891.356090052","50.27377462953916","50.27377462953916","50.27377462953916"
"31906.356511545","50.2745379417033","50.2745379417033","50.2745379417033"
"31921.356157847","50.27530125386745","50.27530125386745","50.27530125386745"
"31936.355473517","50.267159257449926","50.267159257449926","50.267159257449926"
"31951.355819496","50.267159257449926","50.267159257449926","50.267159257449926"
"31966.355304247","50.266141507897736","50.266141507897736","50.266141507897736"
"31981.355458165","50.266141507897736","50.266141507897736","50.266141507897736"
"31996.356239079","50.266141507897736","50.266141507897736","50.266141507897736"
"32011.355251229","50.266904820061875","50.266904820061875","50.266904820061875"
"32026.355373589","50.266904820061875","50.266904820061875","50.266904820061875"
"32041.35587187","50.27428350431526","50.27428350431526","50.27428350431526"
"32056.356739332","50.27428350431526","50.27428350431526","50.27428350431526"
"32071.356510687","50.275046816479396","50.275046816479396","50.275046816479396"
"32086.356853166","50.275046816479396","50.275046816479396","50.275046816479396"
"32101.355975447","50.27428350431526","50.27428350431526","50.27428350431526"
"32116.355970937","50.27428350431526","50.27428350431526","50.27428350431526"
"32131.355791582","50.27428350431526","50.27428350431526","50.27428350431526"
"32146.356048697","50.27428350431526","50.27428350431526","50.27428350431526"
"32161.35531157","50.275046816479396","50.275046816479396","50.275046816479396"
"32176.35569059","50.26537819573359","50.26537819573359","50.26537819573359"
"32191.356175383","50.27428350431526","50.27428350431526","50.27428350431526"
"32206.356368482","50.27428350431526","50.27428350431526","50.27428350431526"
"32221.355327781","50.27428350431526","50.27428350431526","50.27428350431526"
"32236.355943082","50.27428350431526","50.27428350431526","50.27428350431526"
"32251.355847809","50.27428350431526","50.27428350431526","50.27428350431526"
"32266.356056429","50.27428350431526","50.27428350431526","50.27428350431526"
"32281.355094257","50.27352019215111","50.27352019215111","50.27352019215111"
"32296.35579178","50.27352019215111","50.27352019215111","50.27352019215111"
"32311.355906467","50.27352019215111","50.27352019215111","50.27352019215111"
"32326.356950549","50.27352019215111","50.27352019215111","50.27352019215111"
"32341.356054349","50.27352019215111","50.27352019215111","50.27352019215111"
"32356.356170242","50.27352019215111","50.27352019215111","50.27352019215111"
"32371.355719595","50.27377462953916","50.27377462953916","50.27377462953916"
"32386.355380938","50.2745379417033","50.2745379417033","50.2745379417033"
"32401.355755593","50.2745379417033","50.2745379417033","50.2745379417033"
"32416.356041298","50.2745379417033","50.2745379417033","50.2745379417033"
"32431.355918118","50.27530125386745","50.27530125386745","50.27530125386745"
"32446.356106573","50.27530125386745","50.27530125386745","50.27530125386745"
"32461.355436075","50.27428350431526","50.27428350431526","50.27428350431526"
"32476.355971746","50.26537819573359","50.26537819573359","50.26537819573359"
"32491.355152949","50.27352019215111","50.27352019215111","50.27352019215111"
"32506.356293225","50.27352019215111","50.27352019215111","50.27352019215111"
"32521.355653556","50.810383080931445","50.810383080931445","50.810383080931445"
"32536.355616744","50.80224108451392","50.80224108451392","50.80224108451392"
"32551.356398239","50.80300439667806","50.80300439667806","50.80300439667806"
"32566.355648285","50.80376770884221","50.80376770884221","50.80376770884221"
"32581.356717388","50.80376770884221","50.80376770884221","50.80376770884221"
"32596.355715068","50.80453102100635","50.80453102100635","50.80453102100635"
"32611.355906577","50.80300439667806","50.80300439667806","50.80300439667806"
"32626.355992688","50.80300439667806","50.80300439667806","50.80300439667806"
"32641.356116049","50.81190970525973","50.81190970525973","50.81190970525973"
"32656.355868752","50.81190970525973","50.81190970525973","50.81190970525973"
"32671.356020571","50.81267301742387","50.81267301742387","50.81267301742387"
"32686.355770872","50.811146393095584","50.811146393095584","50.811146393095584"
"32701.355618508","50.811146393095584","50.811146393095584","50.811146393095584"
"32716.355272344","50.811146393095584","50.811146393095584","50.811146393095584"
"32731.355361275","50.81190970525973","50.81190970525973","50.81190970525973"
"32746.355571167","50.81190970525973","50.81190970525973","50.81190970525973"
"32761.366098466","50.811146393095584","50.811146393095584","50.811146393095584"
"32776.355400795","50.811146393095584","50.811146393095584","50.811146393095584"
"32791.356090999","50.80224108451392","50.80224108451392","50.80224108451392"
"32806.356070384","50.811146393095584","50.811146393095584","50.811146393095584"
"32821.355881225","50.811146393095584","50.811146393095584","50.811146393095584"
"32836.357053202","50.810383080931445","50.810383080931445","50.810383080931445"
"32851.355461512","50.811146393095584","50.811146393095584","50.811146393095584"
"32866.357327731","50.81190970525973","50.81190970525973","50.81190970525973"
"32881.355580877","50.81190970525973","50.81190970525973","50.81190970525973"
"32896.356467354","50.81190970525973","50.81190970525973","50.81190970525973"
"32911.355572286","50.810383080931445","50.810383080931445","50.810383080931445"
"32926.355362996","50.810383080931445","50.810383080931445","50.810383080931445"
"32941.35561058","50.810383080931445","50.810383080931445","50.810383080931445"
"32956.355525629","50.78570265429083","50.78570265429083","50.78570265429083"
"32971.355541255","50.770181973619934","50.770181973619934","50.770181973619934"
"32986.355752415","50.76865534929165","50.76865534929165","50.76865534929165"
"33001.356778053","50.76865534929165","50.76865534929165","50.76865534929165"
"33016.35644989","50.76865534929165","50.76865534929165","50.76865534929165"
"33031.356085876","50.76865534929165","50.76865534929165","50.76865534929165"
"33046.356035941","50.231792460511315","50.231792460511315","50.231792460511315"
"33061.356490612","50.231792460511315","50.231792460511315","50.231792460511315"
"33076.355209982","50.23255577267546","50.23255577267546","50.23255577267546"
"33091.357118631","50.23255577267546","50.23255577267546","50.23255577267546"
"33106.355802823","50.223650464093794","50.223650464093794","50.223650464093794"
"33121.35551599","50.231792460511315","50.231792460511315","50.231792460511315"
"33136.355382344","50.223650464093794","50.223650464093794","50.223650464093794"
"33151.355859858","50.223650464093794","50.223650464093794","50.223650464093794"
"33166.356132574","50.223650464093794","50.223650464093794","50.223650464093794"
"33181.355733733","50.223650464093794","50.223650464093794","50.223650464093794"
"33196.355054848","50.223650464093794","50.223650464093794","50.223650464093794"
"33211.356071075","50.239934456928836","50.239934456928836","50.239934456928836"
"33226.356005501","50.239934456928836","50.239934456928836","50.239934456928836"
"33241.356759332","50.2488397655105","50.2488397655105","50.2488397655105"
"33256.355283073","94.81532934375508","94.81532934375508","94.81532934375508"
"33271.356851517","94.83899202084352","94.83899202084352","94.83899202084352"
"33286.356825776","94.83899202084352","94.83899202084352","94.83899202084352"
"33301.355827884","94.83899202084352","94.83899202084352","94.83899202084352"
"33316.355517839","94.83899202084352","94.83899202084352","94.83899202084352"
"33331.356268777","94.83899202084352","94.83899202084352","94.83899202084352"
"33346.355898287","94.83975533300766","94.83975533300766","94.83975533300766"
"33361.356044665","94.83975533300766","94.83975533300766","94.83975533300766"
"33376.355324073","94.83975533300766","94.83975533300766","94.83975533300766"
"33391.356233926","94.83975533300766","94.83975533300766","94.83975533300766"
"33406.35591935","94.83161333659014","94.83161333659014","94.83161333659014"
"33421.356921678","94.83975533300766","94.83975533300766","94.83975533300766"
"33436.355707338","94.83899202084352","94.83899202084352","94.83899202084352"
"33451.355948166","94.83899202084352","94.83899202084352","94.83899202084352"
"33466.35583197","94.83899202084352","94.83899202084352","94.83899202084352"
"33481.356567825","94.83899202084352","94.83899202084352","94.83899202084352"
"33496.355821688","94.83899202084352","94.83899202084352","94.83899202084352"
"33511.355617244","94.83975533300766","94.83975533300766","94.83975533300766"
"33526.35524468","94.83899202084352","94.83899202084352","94.83899202084352"
"33541.356159492","94.83899202084352","94.83899202084352","94.83899202084352"
"33556.356696117","94.83975533300766","94.83975533300766","94.83975533300766"
"33571.355388919","94.8405186451718","94.8405186451718","94.8405186451718"
"33586.355591334","94.84128195733594","94.84128195733594","94.84128195733594"
"33601.355979998","94.83899202084352","94.83899202084352","94.83899202084352"
"33616.355733593","94.83899202084352","94.83899202084352","94.83899202084352"
"33631.356197231","94.83899202084352","94.83899202084352","94.83899202084352"
"33646.355308103","94.83975533300766","94.83975533300766","94.83975533300766"
"33661.355455079","50.2488397655105","50.2488397655105","50.2488397655105"
"33676.356131545","50.24833089073441","50.24833089073441","50.24833089073441"
"33691.356197945","50.24909420289855","50.24909420289855","50.24909420289855"
"33706.356750967","50.239934456928836","50.239934456928836","50.239934456928836"
"33721.355732142","50.2488397655105","50.2488397655105","50.2488397655105"
"33736.355372359","50.24069776909298","50.24069776909298","50.24069776909298"
"33751.35620814","50.24018889431689","50.24018889431689","50.24018889431689"
"33766.355680702","50.240952206481026","50.240952206481026","50.240952206481026"
"33781.355662363","50.240952206481026","50.240952206481026","50.240952206481026"
"33796.355613379","50.240952206481026","50.240952206481026","50.240952206481026"
"33811.35566571","50.24171551864517","50.24171551864517","50.24171551864517"
"33826.357586771","50.24171551864517","50.24171551864517","50.24171551864517"
"33841.356879434","50.24807645334636","50.24807645334636","50.24807645334636"
"33856.355677782","50.24807645334636","50.24807645334636","50.24807645334636"
"33871.356469236","50.24807645334636","50.24807645334636","50.24807645334636"
"33886.35598228","50.24807645334636","50.24807645334636","50.24807645334636"
"33901.355101538","50.24807645334636","50.24807645334636","50.24807645334636"
"33916.356033553","50.24807645334636","50.24807645334636","50.24807645334636"
"33931.357162359","50.24807645334636","50.24807645334636","50.24807645334636"
"33946.356027245","50.24807645334636","50.24807645334636","50.24807645334636"
"33961.35599611","50.24807645334636","50.24807645334636","50.24807645334636"
"33976.356175723","50.24807645334636","50.24807645334636","50.24807645334636"
"33991.355600617","50.2488397655105","50.2488397655105","50.2488397655105"
"34006.35732849","50.2488397655105","50.2488397655105","50.2488397655105"
"34021.355597981","50.24069776909298","50.24069776909298","50.24069776909298"
"34036.355569902","50.2488397655105","50.2488397655105","50.2488397655105"
"34051.357061059","50.24960307767464","50.24960307767464","50.24960307767464"
"34066.358739855","50.24960307767464","50.24960307767464","50.24960307767464"
"34081.355319784","50.2488397655105","50.2488397655105","50.2488397655105"
"34096.355553294","50.2488397655105","50.2488397655105","50.2488397655105"
"34111.356982028","50.2488397655105","50.2488397655105","50.2488397655105"
"34126.355621778","50.2488397655105","50.2488397655105","50.2488397655105"
"34141.356136553","50.2488397655105","50.2488397655105","50.2488397655105"
"34156.356197089","50.2488397655105","50.2488397655105","50.2488397655105"
"34171.356108249","50.2488397655105","50.2488397655105","50.2488397655105"
"34186.356122641","50.24807645334636","50.24807645334636","50.24807645334636"
"34201.356234512","50.24807645334636","50.24807645334636","50.24807645334636"
"34216.355859695","50.24807645334636","50.24807645334636","50.24807645334636"
"34231.355978282","50.24807645334636","50.24807645334636","50.24807645334636"
"34246.356153176","50.2488397655105","50.2488397655105","50.2488397655105"
"34261.356368416","50.2488397655105","50.2488397655105","50.2488397655105"
"34276.356205382","50.24807645334636","50.24807645334636","50.24807645334636"
"34291.357476229","50.2488397655105","50.2488397655105","50.2488397655105"
"34306.355886859","50.2488397655105","50.2488397655105","50.2488397655105"
"34321.356192359","50.239934456928836","50.239934456928836","50.239934456928836"
"34336.355591041","50.24069776909298","50.24069776909298","50.24069776909298"
"34351.355618428","50.24069776909298","50.24069776909298","50.24069776909298"
"34366.355795896","50.24069776909298","50.24069776909298","50.24069776909298"
"34381.356175166","50.24146108125712","50.24146108125712","50.24146108125712"
"34396.356074921","50.24222439342127","50.24222439342127","50.24222439342127"
"34411.355232654","50.24018889431689","50.24018889431689","50.24018889431689"
"34426.356480076","50.24018889431689","50.24018889431689","50.24018889431689"
"34441.355114269","50.24858532812245","50.24858532812245","50.24858532812245"
"34456.355931","50.24833089073441","50.24833089073441","50.24833089073441"
"34471.357049417","50.24909420289855","50.24909420289855","50.24909420289855"
"34486.355563637","50.24909420289855","50.24909420289855","50.24909420289855"
"34501.356197553","50.24807645334636","50.24807645334636","50.24807645334636"
"34516.355517225","50.2488397655105","50.2488397655105","50.2488397655105"
"34531.356389088","50.24960307767464","50.24960307767464","50.24960307767464"
"34546.355475058","50.24960307767464","50.24960307767464","50.24960307767464"
"34561.35609591","50.24960307767464","50.24960307767464","50.24960307767464"
"34576.355430643","50.24833089073441","50.24833089073441","50.24833089073441"
"34591.35610734","50.24909420289855","50.24909420289855","50.24909420289855"
"34606.356083013","50.24909420289855","50.24909420289855","50.24909420289855"
"34621.356272332","50.24909420289855","50.24909420289855","50.24909420289855"
"34636.356355445","50.24069776909298","50.24069776909298","50.24069776909298"
"34651.356400565","50.24833089073441","50.24833089073441","50.24833089073441"
"34666.355404888","50.24833089073441","50.24833089073441","50.24833089073441"
"34681.355771952","50.24909420289855","50.24909420289855","50.24909420289855"
"34696.355503312","50.24909420289855","50.24909420289855","50.24909420289855"
"34711.355559223","50.24909420289855","50.24909420289855","50.24909420289855"
"34726.356682712","50.24909420289855","50.24909420289855","50.24909420289855"
"34741.357440037","50.2488397655105","50.2488397655105","50.2488397655105"
"34756.355316868","50.2488397655105","50.2488397655105","50.2488397655105"
"34771.356192577","50.24960307767464","50.24960307767464","50.24960307767464"
"34786.355447781","50.24960307767464","50.24960307767464","50.24960307767464"
"34801.355622288","50.24960307767464","50.24960307767464","50.24960307767464"
"34816.355353341","50.24807645334636","50.24807645334636","50.24807645334636"
"34831.355630341","50.24807645334636","50.24807645334636","50.24807645334636"
"34846.355675726","50.24807645334636","50.24807645334636","50.24807645334636"
"34861.355699617","50.2488397655105","50.2488397655105","50.2488397655105"
"34876.356413334","50.2488397655105","50.2488397655105","50.2488397655105"
"34891.355125335","50.2488397655105","50.2488397655105","50.2488397655105"
"34906.356130254","50.24807645334636","50.24807645334636","50.24807645334636"
"34921.355907271","50.24807645334636","50.24807645334636","50.24807645334636"
"34936.355655339","50.239934456928836","50.239934456928836","50.239934456928836"
"34951.356229033","50.231792460511315","50.231792460511315","50.231792460511315"
"34966.356218534","50.24069776909298","50.24069776909298","50.24069776909298"
"34981.355640661","50.24069776909298","50.24069776909298","50.24069776909298"
"34996.355601082","50.24069776909298","50.24069776909298","50.24069776909298"
"35011.35528059","50.24146108125712","50.24146108125712","50.24146108125712"
"35026.355445978","50.24146108125712","50.24146108125712","50.24146108125712"
"35041.356211841","50.25240188894317","50.25240188894317","50.25240188894317"
"35056.356044204","94.81685596808337","94.81685596808337","94.81685596808337"
"35071.356068829","94.83899202084352","94.83899202084352","94.83899202084352"
"35086.355988609","94.83899202084352","94.83899202084352","94.83899202084352"
"35101.356202892","94.83975533300766","94.83975533300766","94.83975533300766"
"35116.35594306","94.8405186451718","94.8405186451718","94.8405186451718"
"35131.355729502","94.8405186451718","94.8405186451718","94.8405186451718"
"35146.356120016","94.83975533300766","94.83975533300766","94.83975533300766"
"35161.355771936","94.8405186451718","94.8405186451718","94.8405186451718"
"35176.357925805","94.8405186451718","94.8405186451718","94.8405186451718"
"35191.355283304","94.8405186451718","94.8405186451718","94.8405186451718"
"35206.356153855","94.8405186451718","94.8405186451718","94.8405186451718"
"35221.355376135","94.83975533300766","94.83975533300766","94.83975533300766"
"35236.355677192","94.84000977039571","94.84000977039571","94.84000977039571"
"35251.355351961","94.84077308255985","94.84077308255985","94.84077308255985"
"35266.356110409","94.83110446181404","94.83110446181404","94.83110446181404"
"35281.356575311","94.84000977039571","94.84000977039571","94.84000977039571"
"35296.355492906","94.84000977039571","94.84000977039571","94.84000977039571"
"35311.356120734","94.84000977039571","94.84000977039571","94.84000977039571"
"35326.355797067","94.84000977039571","94.84000977039571","94.84000977039571"
"35341.35582691","94.84077308255985","94.84077308255985","94.84077308255985"
"35356.355564362","94.84000977039571","94.84000977039571","94.84000977039571"
"35371.356057923","94.84000977039571","94.84000977039571","94.84000977039571"
"35386.35572218","94.84077308255985","94.84077308255985","94.84077308255985"
"35401.356073823","50.25062082722683","50.25062082722683","50.25062082722683"
"35416.355834315","50.25138413939098","50.25138413939098","50.25138413939098"
"35431.355542006","50.24909420289855","50.24909420289855","50.24909420289855"
"35446.355793366","50.2488397655105","50.2488397655105","50.2488397655105"
"35461.355232985","50.24960307767464","50.24960307767464","50.24960307767464"
"35476.355739473","50.24960307767464","50.24960307767464","50.24960307767464"
"35491.355354896","50.24960307767464","50.24960307767464","50.24960307767464"
"35506.356855301","50.24807645334636","50.24807645334636","50.24807645334636"
"35521.355292863","50.24807645334636","50.24807645334636","50.24807645334636"
"35536.356123393","50.239934456928836","50.239934456928836","50.239934456928836"
"35551.355349768","50.239934456928836","50.239934456928836","50.239934456928836"
"35566.355487403","50.239934456928836","50.239934456928836","50.239934456928836"
"35581.35605538","50.231792460511315","50.231792460511315","50.231792460511315"
"35596.355295266","50.24018889431689","50.24018889431689","50.24018889431689"
"35611.355679256","50.24018889431689","50.24018889431689","50.24018889431689"
"35626.355472945","50.24018889431689","50.24018889431689","50.24018889431689"
"35641.356252259","50.240952206481026","50.240952206481026","50.240952206481026"
"35656.356184824","50.24909420289855","50.24909420289855","50.24909420289855"
"35671.356570076","50.24909420289855","50.24909420289855","50.24909420289855"
"35686.355986412","50.24807645334636","50.24807645334636","50.24807645334636"
"35701.357375578","50.24807645334636","50.24807645334636","50.24807645334636"
"35716.355663875","50.24807645334636","50.24807645334636","50.24807645334636"
"35731.356355348","50.24807645334636","50.24807645334636","50.24807645334636"
"35746.356041683","50.24807645334636","50.24807645334636","50.24807645334636"
"35761.356292388","50.24807645334636","50.24807645334636","50.24807645334636"
"35776.355814099","50.24833089073441","50.24833089073441","50.24833089073441"
"35791.355203296","50.24909420289855","50.24909420289855","50.24909420289855"
"35806.355322305","50.24985751506269","50.24985751506269","50.24985751506269"
"35821.355675006","50.25062082722683","50.25062082722683","50.25062082722683"
"35836.355200033","50.24247883080931","50.24247883080931","50.24247883080931"
"35851.35582999","50.239934456928836","50.239934456928836","50.239934456928836"
"35866.356442294","50.24069776909298","50.24069776909298","50.24069776909298"
"35881.356219853","50.23255577267546","50.23255577267546","50.23255577267546"
"35896.356427599","50.24146108125712","50.24146108125712","50.24146108125712"
"35911.355991525","50.24146108125712","50.24146108125712","50.24146108125712"
"35926.356153515","50.239934456928836","50.239934456928836","50.239934456928836"
"35941.355868929","50.24069776909298","50.24069776909298","50.24069776909298"
"35956.355702561","50.24069776909298","50.24069776909298","50.24069776909298"
"35971.35558723","50.24146108125712","50.24146108125712","50.24146108125712"
"35986.356698435","50.24146108125712","50.24146108125712","50.24146108125712"
"36001.355636379","50.239934456928836","50.239934456928836","50.239934456928836"
"36016.355440765","50.239934456928836","50.239934456928836","50.239934456928836"
"36031.355654843","50.239934456928836","50.239934456928836","50.239934456928836"
"36046.355705708","50.239934456928836","50.239934456928836","50.239934456928836"
"36061.3552559","50.239934456928836","50.239934456928836","50.239934456928836"
"36076.356069183","50.24069776909298","50.24069776909298","50.24069776909298"
"36091.357329007","50.239934456928836","50.239934456928836","50.239934456928836"
"36106.355304453","50.24069776909298","50.24069776909298","50.24069776909298"
"36121.356551261","50.77756065787331","50.77756065787331","50.77756065787331"
"36136.355443884","50.78570265429083","50.78570265429083","50.78570265429083"
"36151.355308265","50.78570265429083","50.78570265429083","50.78570265429083"
"36166.35691878","50.78493934212669","50.78493934212669","50.78493934212669"
"36181.379301514","50.78570265429083","50.78570265429083","50.78570265429083"
"36196.355846016","50.77756065787331","50.77756065787331","50.77756065787331"
"36211.35606814","50.78570265429083","50.78570265429083","50.78570265429083"
"36226.35595399","50.786465966454976","50.786465966454976","50.786465966454976"
"36241.355401523","50.78493934212669","50.78493934212669","50.78493934212669"
"36256.355543442","50.77679734570917","50.77679734570917","50.77679734570917"
"36271.355710875","50.77679734570917","50.77679734570917","50.77679734570917"
"36286.355354055","50.77679734570917","50.77679734570917","50.77679734570917"
"36301.357256536","50.77679734570917","50.77679734570917","50.77679734570917"
"36316.355487822","50.79384465070835","50.79384465070835","50.79384465070835"
"36331.356959512","50.77679734570917","50.77679734570917","50.77679734570917"
"36346.355975559","50.77756065787331","50.77756065787331","50.77756065787331"
"36361.358783752","50.77756065787331","50.77756065787331","50.77756065787331"
"36376.356105275","50.77756065787331","50.77756065787331","50.77756065787331"
"36391.355737971","50.77756065787331","50.77756065787331","50.77756065787331"
"36406.355314056","50.777051783097214","50.777051783097214","50.777051783097214"
"36421.355379433","50.77781509526136","50.77781509526136","50.77781509526136"
"36436.356096821","50.78672040384302","50.78672040384302","50.78672040384302"
"36451.355589859","50.78672040384302","50.78672040384302","50.78672040384302"
"36466.356525909","50.78672040384302","50.78672040384302","50.78672040384302"
"36481.355723348","50.78672040384302","50.78672040384302","50.78672040384302"
"36496.355840276","50.78468490473864","50.78468490473864","50.78468490473864"
"36511.355619345","50.78061390652988","50.78061390652988","50.78061390652988"
"36526.356074277","50.78061390652988","50.78061390652988","50.78061390652988"
"36541.355686755","50.78061390652988","50.78061390652988","50.78061390652988"
"36556.355409076","50.87933561309234","50.87933561309234","50.87933561309234"
"36571.355906353","50.78188609347012","50.78188609347012","50.78188609347012"
"36586.355637182","50.78188609347012","50.78188609347012","50.78188609347012"
"36601.356334042","50.78188609347012","50.78188609347012","50.78188609347012"
"36616.359332838","50.77552515876893","50.77552515876893","50.77552515876893"
"36631.355766895","50.7737440970526","50.7737440970526","50.7737440970526"
"36646.356428804","50.236881208272266","50.236881208272266","50.236881208272266"
"36661.356693475","50.236881208272266","50.236881208272266","50.236881208272266"
"36676.357591066","50.236881208272266","50.236881208272266","50.236881208272266"
"36691.355932548","50.236881208272266","50.236881208272266","50.236881208272266"
"36706.355567256","50.236881208272266","50.236881208272266","50.236881208272266"
"36721.355899987","50.236881208272266","50.236881208272266","50.236881208272266"
"36736.355809923","50.24502320468979","50.24502320468979","50.24502320468979"
"36751.355964905","50.24502320468979","50.24502320468979","50.24502320468979"
"36766.35650519","50.24502320468979","50.24502320468979","50.24502320468979"
"36781.355268395","50.24502320468979","50.24502320468979","50.24502320468979"
"36796.355757047","50.24502320468979","50.24502320468979","50.24502320468979"
"36811.355556923","50.24502320468979","50.24502320468979","50.24502320468979"
"36826.355784057","50.24502320468979","50.24502320468979","50.24502320468979"
"36841.355263482","50.24502320468979","50.24502320468979","50.24502320468979"
"36856.356283599","94.81151278293437","94.81151278293437","94.81151278293437"
"36871.355925863","94.83593877218695","94.83593877218695","94.83593877218695"
"36886.355936783","94.83593877218695","94.83593877218695","94.83593877218695"
"36901.35617341","94.83593877218695","94.83593877218695","94.83593877218695"
"36916.356632254","94.83593877218695","94.83593877218695","94.83593877218695"
"36931.355933875","94.83593877218695","94.83593877218695","94.83593877218695"
"36946.357176904","94.83593877218695","94.83593877218695","94.83593877218695"
"36961.356247472","94.83593877218695","94.83593877218695","94.83593877218695"
"36976.355555945","94.83593877218695","94.83593877218695","94.83593877218695"
"36991.355708916","94.83593877218695","94.83593877218695","94.83593877218695"
"37006.355532971","94.83593877218695","94.83593877218695","94.83593877218695"
"37021.357031725","94.83593877218695","94.83593877218695","94.83593877218695"
"37036.35647893","94.82779677576943","94.82779677576943","94.82779677576943"
"37051.356341765","94.82779677576943","94.82779677576943","94.82779677576943"
"37066.356109675","94.82779677576943","94.82779677576943","94.82779677576943"
"37081.355870367","94.82779677576943","94.82779677576943","94.82779677576943"
"37096.356204606","94.82779677576943","94.82779677576943","94.82779677576943"
"37111.362439331","94.82779677576943","94.82779677576943","94.82779677576943"
"37126.355634663","94.82779677576943","94.82779677576943","94.82779677576943"
"37141.355828724","94.82779677576943","94.82779677576943","94.82779677576943"
"37156.356115221","94.82779677576943","94.82779677576943","94.82779677576943"
"37171.355376573","94.82779677576943","94.82779677576943","94.82779677576943"
"37186.356177528","94.82779677576943","94.82779677576943","94.82779677576943"
"37201.355244125","94.82779677576943","94.82779677576943","94.82779677576943"
"37216.357304396","50.236881208272266","50.236881208272266","50.236881208272266"
"37231.355426475","50.236881208272266","50.236881208272266","50.236881208272266"
"37246.356120592","50.236881208272266","50.236881208272266","50.236881208272266"
"37261.355260321","50.236881208272266","50.236881208272266","50.236881208272266"
"37276.355590653","50.236881208272266","50.236881208272266","50.236881208272266"
"37291.355611065","50.236881208272266","50.236881208272266","50.236881208272266"
"37306.355579145","50.236881208272266","50.236881208272266","50.236881208272266"
"37321.356137786","50.24680426640612","50.24680426640612","50.24680426640612"
"37336.355561633","50.24502320468979","50.24502320468979","50.24502320468979"
"37351.355540859","50.236881208272266","50.236881208272266","50.236881208272266"
"37366.355492722","50.236881208272266","50.236881208272266","50.236881208272266"
"37381.3558252","50.236881208272266","50.236881208272266","50.236881208272266"
"37396.35531505","50.236881208272266","50.236881208272266","50.236881208272266"
"37411.379323858","50.236881208272266","50.236881208272266","50.236881208272266"
"37426.355628102","50.236881208272266","50.236881208272266","50.236881208272266"
"37441.356112522","50.236881208272266","50.236881208272266","50.236881208272266"
"37456.355895017","50.24502320468979","50.24502320468979","50.24502320468979"
"37471.356031967","50.29133080931444","50.29133080931444","50.29133080931444"
"37486.356387044","50.30023611789611","50.30023611789611","50.30023611789611"
"37501.35616115","50.22441377625794","50.22441377625794","50.22441377625794"
"37516.355870534","50.22441377625794","50.22441377625794","50.22441377625794"
"37531.356873958","50.22441377625794","50.22441377625794","50.22441377625794"
"37546.355622369","50.22441377625794","50.22441377625794","50.22441377625794"
"37561.356396134","50.22441377625794","50.22441377625794","50.22441377625794"
"37576.356898605","50.22441377625794","50.22441377625794","50.22441377625794"
"37591.356241025","50.22441377625794","50.22441377625794","50.22441377625794"
"37606.35609936","50.22441377625794","50.22441377625794","50.22441377625794"
"37621.355913911","50.22441377625794","50.22441377625794","50.22441377625794"
"37636.355817167","50.22441377625794","50.22441377625794","50.22441377625794"
"37651.35609156","50.22441377625794","50.22441377625794","50.22441377625794"
"37666.355511089","50.22441377625794","50.22441377625794","50.22441377625794"
"37681.355448483","50.22441377625794","50.22441377625794","50.22441377625794"
"37696.355565315","50.22441377625794","50.22441377625794","50.22441377625794"
"37711.356257794","50.22441377625794","50.22441377625794","50.22441377625794"
"37726.355555184","50.22441377625794","50.22441377625794","50.22441377625794"
"37741.356075408","50.22441377625794","50.22441377625794","50.22441377625794"
"37756.356032136","50.22441377625794","50.22441377625794","50.22441377625794"
"37771.356603121","50.22441377625794","50.22441377625794","50.22441377625794"
"37786.355258414","50.22441377625794","50.22441377625794","50.22441377625794"
"37801.356261588","50.22441377625794","50.22441377625794","50.22441377625794"
"37816.355557306","50.22441377625794","50.22441377625794","50.22441377625794"
"37831.357015965","50.22441377625794","50.22441377625794","50.22441377625794"
"37846.355335502","50.22441377625794","50.22441377625794","50.22441377625794"
"37861.355743352","50.22441377625794","50.22441377625794","50.22441377625794"
"37876.355067868","50.22441377625794","50.22441377625794","50.22441377625794"
"37891.355980344","50.22441377625794","50.22441377625794","50.22441377625794"
"37906.355435495","50.22441377625794","50.22441377625794","50.22441377625794"
"37921.372069109","50.22441377625794","50.22441377625794","50.22441377625794"
"37936.356486069","50.21627177984042","50.21627177984042","50.21627177984042"
"37951.356362656","50.21627177984042","50.21627177984042","50.21627177984042"
"37966.356058991","50.21627177984042","50.21627177984042","50.21627177984042"
"37981.355774126","50.21627177984042","50.21627177984042","50.21627177984042"
"37996.356825192","50.21627177984042","50.21627177984042","50.21627177984042"
"38011.356829929","50.21627177984042","50.21627177984042","50.21627177984042"
"38026.35609139","50.21627177984042","50.21627177984042","50.21627177984042"
"38041.355877883","50.21627177984042","50.21627177984042","50.21627177984042"
"38056.356031085","50.22441377625794","50.22441377625794","50.22441377625794"
"38071.355346186","50.22441377625794","50.22441377625794","50.22441377625794"
"38086.356615878","50.22441377625794","50.22441377625794","50.22441377625794"
"38101.355778835","50.22441377625794","50.22441377625794","50.22441377625794"
"38116.356336598","50.22441377625794","50.22441377625794","50.22441377625794"
"38131.355479346","50.22441377625794","50.22441377625794","50.22441377625794"
"38146.356051978","50.22441377625794","50.22441377625794","50.22441377625794"
"38161.355252205","50.22441377625794","50.22441377625794","50.22441377625794"
"38176.356821472","50.22441377625794","50.22441377625794","50.22441377625794"
"38191.35565909","50.22441377625794","50.22441377625794","50.22441377625794"
"38206.356191839","50.22441377625794","50.22441377625794","50.22441377625794"
"38221.35526996","50.22441377625794","50.22441377625794","50.22441377625794"
"38236.355366657","50.22441377625794","50.22441377625794","50.22441377625794"
"38251.356518472","50.22441377625794","50.22441377625794","50.22441377625794"
"38266.355941345","50.22441377625794","50.22441377625794","50.22441377625794"
"38281.357453643","50.22441377625794","50.22441377625794","50.22441377625794"
"38296.355504241","50.22441377625794","50.22441377625794","50.22441377625794"
"38311.355795497","50.56357881452532","50.56357881452532","50.56357881452532"
"38326.356900352","49.39876445204364","49.39876445204364","49.39876445204364"
"38341.355621895","49.45066967920534","49.45066967920534","49.45066967920534"
"38356.356212695","49.547610324051455","49.547610324051455","49.547610324051455"
"38371.355359386","49.553716821364596","49.553716821364596","49.553716821364596"
"38386.356329372","49.55295350920046","49.55295350920046","49.55295350920046"
"38401.356006081","49.5381961406937","49.5381961406937","49.5381961406937"
"38416.35624704","49.5381961406937","49.5381961406937","49.5381961406937"
"38431.35550992","49.5381961406937","49.5381961406937","49.5381961406937"
"38446.356660471","49.5381961406937","49.5381961406937","49.5381961406937"
"38461.355360271","49.63539122292786","49.63539122292786","49.63539122292786"
"38476.355707515","49.84199438202247","49.84199438202247","49.84199438202247"
"38491.356933065","49.72266324702817","49.72266324702817","49.72266324702817"
"38506.355954847","49.72266324702817","49.72266324702817","49.72266324702817"
"38521.356465591","49.801029962546814","49.801029962546814","49.801029962546814"
"38536.356223165","49.72266324702817","49.72266324702817","49.72266324702817"
"38551.355736249","49.906112603810456","49.906112603810456","49.906112603810456"
"38566.355729697","49.602059925093634","49.602059925093634","49.602059925093634"
"38581.355845574","49.79339684090539","49.79339684090539","49.79339684090539"
"38596.356926529","49.653201840091185","49.653201840091185","49.653201840091185"
"38611.355776885","49.64175215762905","49.64175215762905","49.64175215762905"
"38626.355868034","49.53208964338056","49.53208964338056","49.53208964338056"
"38641.355578117","49.52292989741085","49.52292989741085","49.52292989741085"
"38656.357107326","96.07250447809803","96.07250447809803","96.07250447809803"
"38671.355989344","96.10990677414102","96.10990677414102","96.10990677414102"
"38686.355548535","96.1483268197362","96.1483268197362","96.1483268197362"
"38701.3558213","96.06461691906856","96.06461691906856","96.06461691906856"
"38716.355469731","96.09489496824621","96.09489496824621","96.09489496824621"
"38731.356019032","96.20735629376324","96.20735629376324","96.20735629376324"
"38746.356209852","96.07937428757532","96.07937428757532","96.07937428757532"
"38761.355500907","96.11321446018563","96.11321446018563","96.11321446018563"
"38776.355345604","96.3098945611464","96.3098945611464","96.3098945611464"
"38791.355339257","96.11728545839439","96.11728545839439","96.11728545839439"
"38806.3560733","96.12008426966293","96.12008426966293","96.12008426966293"
"38821.355746618","96.1065990880964","96.1065990880964","96.1065990880964"
"38836.356142996","96.15824987787005","96.15824987787005","96.15824987787005"
"38851.355375373","96.09871152906693","96.09871152906693","96.09871152906693"
"38866.355462207","96.02085368832438","96.02085368832438","96.02085368832438"
"38881.356345546","96.03815543071161","96.03815543071161","96.03815543071161"
"38896.355574529","96.03713768115942","96.03713768115942","96.03713768115942"
"38911.357125518","96.03561105683114","96.03561105683114","96.03561105683114"
"38926.356384624","96.00558744504153","96.00558744504153","96.00558744504153"
"38941.355798774","95.93943372414915","95.93943372414915","95.93943372414915"
"38956.356094118","97.60192761765185","97.60192761765185","97.60192761765185"
"38971.355886285","53.87889798078489","53.87889798078489","53.87889798078489"
"38986.357229773","53.67051375997395","53.67051375997395","53.67051375997395"
"39001.356359694","51.84696099983716","51.84696099983716","51.84696099983716"
"39016.355098752","51.22104502524019","51.22104502524019","51.22104502524019"
"39031.355866399","49.78907140530858","49.78907140530858","49.78907140530858"
"39046.355524515","49.7506513597134","49.7506513597134","49.7506513597134"
"39061.355604663","49.79492346523367","49.79492346523367","49.79492346523367"
"39076.356522262","49.68831419964175","49.68831419964175","49.68831419964175"
"39091.355650076","49.75752116919069","49.75752116919069","49.75752116919069"
"39106.356049898","49.66795920859795","49.66795920859795","49.66795920859795"
"39121.355297761","49.72927861911741","49.72927861911741","49.72927861911741"
"39136.355352123","49.716811187103076","49.716811187103076","49.716811187103076"
"39151.355597805","49.70816031590946","49.70816031590946","49.70816031590946"
"39166.355319138","49.763118791727734","49.763118791727734","49.763118791727734"
"39181.355982505","49.68042664061228","49.68042664061228","49.68042664061228"
"39196.356345124","49.68042664061228","49.68042664061228","49.68042664061228"
"39211.356132349","49.68042664061228","49.68042664061228","49.68042664061228"
"39226.356789638","49.68042664061228","49.68042664061228","49.68042664061228"
"39241.355819821","49.66414264777724","49.66414264777724","49.66414264777724"
"39256.356022216","49.736657303370784","49.736657303370784","49.736657303370784"
"39271.356033629","49.668213645986","49.668213645986","49.668213645986"
"39286.355949415","49.5997699886012","49.5997699886012","49.5997699886012"
"39301.357083798","49.72647980784888","49.72647980784888","49.72647980784888"
"39316.356292819","49.931047467839115","49.931047467839115","49.931047467839115"
"39331.356113874","49.72062774792379","49.72062774792379","49.72062774792379"
"39346.356780189","49.96768645171797","49.96768645171797","49.96768645171797"
"39361.355428345","49.83563344732128","49.83563344732128","49.83563344732128"
"39376.355351124","49.92315990880964","49.92315990880964","49.92315990880964"
"39391.356963016","50.376821771698424","50.376821771698424","50.376821771698424"
"39406.355645534","49.934864028659824","49.934864028659824","49.934864028659824"
"39421.355880231","49.90662147858655","49.90662147858655","49.90662147858655"
"39436.355642446","49.8389411333659","49.8389411333659","49.8389411333659"
"39451.355704596","49.8389411333659","49.8389411333659","49.8389411333659"
"39466.355667797","49.8389411333659","49.8389411333659","49.8389411333659"
"39481.356294735","49.8389411333659","49.8389411333659","49.8389411333659"
"39496.355466149","49.8389411333659","49.8389411333659","49.8389411333659"
"39511.355726039","49.854716251424854","49.854716251424854","49.854716251424854"
"39526.355388786","50.05826616186289","50.05826616186289","50.05826616186289"
"39541.355946302","49.89364517179612","49.89364517179612","49.89364517179612"
"39556.355361095","49.89237298485589","49.89237298485589","49.89237298485589"
"39571.356238515","49.89237298485589","49.89237298485589","49.89237298485589"
"39586.355237802","49.89211854746784","49.89211854746784","49.89211854746784"
"39601.356185601","49.76973416381697","49.76973416381697","49.76973416381697"
"39616.357173596","49.76973416381697","49.76973416381697","49.76973416381697"
"39631.3560427","49.80179327471096","49.80179327471096","49.80179327471096"
"39646.355887989","49.7870359062042","49.7870359062042","49.7870359062042"
"39661.355761727","49.7870359062042","49.7870359062042","49.7870359062042"
"39676.356087526","49.78678146881615","49.78678146881615","49.78678146881615"
"39691.356697478","49.78678146881615","49.78678146881615","49.78678146881615"
"39706.356907019","49.78678146881615","49.78678146881615","49.78678146881615"
"39721.355554972","50.323644357596486","50.323644357596486","50.323644357596486"
"39736.356040803","50.323644357596486","50.323644357596486","50.323644357596486"
"39751.35660299","50.34196384953591","50.34196384953591","50.34196384953591"
"39766.355731702","50.34043722520762","50.34043722520762","50.34043722520762"
"39781.355954071","50.34043722520762","50.34043722520762","50.34043722520762"
"39796.356976372","50.34043722520762","50.34043722520762","50.34043722520762"
"39811.356980575","50.12874531835207","50.12874531835207","50.12874531835207"
"39826.356787508","49.776095098518155","49.776095098518155","49.776095098518155"
"39841.356218855","49.776349535906206","49.776349535906206","49.776349535906206"
"39856.35779468","49.775331786354016","49.775331786354016","49.775331786354016"
"39871.355874044","49.775331786354016","49.775331786354016","49.775331786354016"
"39886.356111796","49.775331786354016","49.775331786354016","49.775331786354016"
"39901.355473287","49.775331786354016","49.775331786354016","49.775331786354016"
"39916.355256531","49.775331786354016","49.775331786354016","49.775331786354016"
"39931.356064529","49.775331786354016","49.775331786354016","49.775331786354016"
"39946.356214105","49.664651522553335","49.664651522553335","49.664651522553335"
"39961.356217779","49.67788226673181","49.67788226673181","49.67788226673181"
"39976.356110408","49.67788226673181","49.67788226673181","49.67788226673181"
"39991.355298751","49.67788226673181","49.67788226673181","49.67788226673181"
"40006.356465358","49.67788226673181","49.67788226673181","49.67788226673181"
"40021.355959244","49.67813670411985","49.67813670411985","49.67813670411985"
"40036.356111014","49.67788226673181","49.67788226673181","49.67788226673181"
"40051.355674972","49.67788226673181","49.67788226673181","49.67788226673181"
"40066.355455764","49.67788226673181","49.67788226673181","49.67788226673181"
"40081.356415034","49.67788226673181","49.67788226673181","49.67788226673181"
"40096.355509075","49.67788226673181","49.67788226673181","49.67788226673181"
"40111.357498341","49.669740270314286","49.669740270314286","49.669740270314286"
"40126.355533091","49.669740270314286","49.669740270314286","49.669740270314286"
"40141.356785052","49.864639309558704","49.864639309558704","49.864639309558704"
"40156.357333998","49.864639309558704","49.864639309558704","49.864639309558704"
"40171.355589342","49.86438487217066","49.86438487217066","49.86438487217066"