"Step","stage2-uvit-20260526-011258 - train/loss","stage2-uvit-20260526-011258 - train/loss__MIN","stage2-uvit-20260526-011258 - train/loss__MAX"
"1","0.07295133918523788","0.07295133918523788","0.07295133918523788"
"12","0.11829691380262375","0.11829691380262375","0.11829691380262375"
"17","0.2347823679447174","0.2347823679447174","0.2347823679447174"
"18","0.10658510029315948","0.10658510029315948","0.10658510029315948"
"22","0.09812647104263306","0.09812647104263306","0.09812647104263306"
"26","0.1359596848487854","0.1359596848487854","0.1359596848487854"
"34","0.11964389681816101","0.11964389681816101","0.11964389681816101"
"36","0.11276103556156158","0.11276103556156158","0.11276103556156158"
"49","0.12188512086868286","0.12188512086868286","0.12188512086868286"
"59","0.1087786853313446","0.1087786853313446","0.1087786853313446"
"60","0.1533554494380951","0.1533554494380951","0.1533554494380951"
"64","0.07100950181484222","0.07100950181484222","0.07100950181484222"
"67","0.11385424435138702","0.11385424435138702","0.11385424435138702"
"71","0.0992516577243805","0.0992516577243805","0.0992516577243805"
"73","0.13133357465267181","0.13133357465267181","0.13133357465267181"
"77","0.061921074986457825","0.061921074986457825","0.061921074986457825"
"78","0.08086344599723816","0.08086344599723816","0.08086344599723816"
"80","0.10918286442756653","0.10918286442756653","0.10918286442756653"
"88","0.10180994868278503","0.10180994868278503","0.10180994868278503"
"92","0.17015059292316437","0.17015059292316437","0.17015059292316437"
"95","0.07465477287769318","0.07465477287769318","0.07465477287769318"
"97","0.14329522848129272","0.14329522848129272","0.14329522848129272"
"103","0.12655052542686462","0.12655052542686462","0.12655052542686462"
"106","0.13433563709259033","0.13433563709259033","0.13433563709259033"
"119","0.13666905462741852","0.13666905462741852","0.13666905462741852"
"126","0.09132977575063705","0.09132977575063705","0.09132977575063705"
"140","0.07820148766040802","0.07820148766040802","0.07820148766040802"
"143","0.12220649421215057","0.12220649421215057","0.12220649421215057"
"144","0.138449028134346","0.138449028134346","0.138449028134346"
"146","0.11670052260160446","0.11670052260160446","0.11670052260160446"
"149","0.08721600472927094","0.08721600472927094","0.08721600472927094"
"151","0.12532058358192444","0.12532058358192444","0.12532058358192444"
"153","0.10347987711429596","0.10347987711429596","0.10347987711429596"
"154","0.15505367517471313","0.15505367517471313","0.15505367517471313"
"155","0.12974493205547333","0.12974493205547333","0.12974493205547333"
"157","0.16469386219978333","0.16469386219978333","0.16469386219978333"
"160","0.10642194002866745","0.10642194002866745","0.10642194002866745"
"163","0.1524137705564499","0.1524137705564499","0.1524137705564499"
"164","0.16185931861400604","0.16185931861400604","0.16185931861400604"
"167","0.16787371039390564","0.16787371039390564","0.16787371039390564"
"171","0.11840298771858215","0.11840298771858215","0.11840298771858215"
"172","0.1616005301475525","0.1616005301475525","0.1616005301475525"
"174","0.10033361613750458","0.10033361613750458","0.10033361613750458"
"175","0.16947096586227417","0.16947096586227417","0.16947096586227417"
"176","0.11846412718296051","0.11846412718296051","0.11846412718296051"
"185","0.12259156256914139","0.12259156256914139","0.12259156256914139"
"193","0.13451841473579407","0.13451841473579407","0.13451841473579407"
"195","0.13668739795684814","0.13668739795684814","0.13668739795684814"
"212","0.07979211211204529","0.07979211211204529","0.07979211211204529"
"222","0.12911391258239746","0.12911391258239746","0.12911391258239746"
"225","0.10358764976263046","0.10358764976263046","0.10358764976263046"
"230","0.1206221655011177","0.1206221655011177","0.1206221655011177"
"231","0.16123080253601074","0.16123080253601074","0.16123080253601074"
"236","0.09731443226337433","0.09731443226337433","0.09731443226337433"
"245","0.05679181590676308","0.05679181590676308","0.05679181590676308"
"247","0.13348723948001862","0.13348723948001862","0.13348723948001862"
"248","0.12172520160675049","0.12172520160675049","0.12172520160675049"
"250","0.15054167807102203","0.15054167807102203","0.15054167807102203"
"259","0.1368211954832077","0.1368211954832077","0.1368211954832077"
"266","0.14097653329372406","0.14097653329372406","0.14097653329372406"
"270","0.1326586902141571","0.1326586902141571","0.1326586902141571"
"274","0.11378857493400574","0.11378857493400574","0.11378857493400574"
"277","0.07582320272922516","0.07582320272922516","0.07582320272922516"
"278","0.07293443381786346","0.07293443381786346","0.07293443381786346"
"281","0.15198031067848206","0.15198031067848206","0.15198031067848206"
"284","0.09989158809185028","0.09989158809185028","0.09989158809185028"
"290","0.15857937932014465","0.15857937932014465","0.15857937932014465"
"292","0.1206086128950119","0.1206086128950119","0.1206086128950119"
"295","0.1577105075120926","0.1577105075120926","0.1577105075120926"
"301","0.0701826810836792","0.0701826810836792","0.0701826810836792"
"303","0.11021383106708527","0.11021383106708527","0.11021383106708527"
"304","0.16842587292194366","0.16842587292194366","0.16842587292194366"
"305","0.16214324533939362","0.16214324533939362","0.16214324533939362"
"309","0.09820437431335449","0.09820437431335449","0.09820437431335449"
"314","0.131464883685112","0.131464883685112","0.131464883685112"
"317","0.09958513081073761","0.09958513081073761","0.09958513081073761"
"318","0.10554733872413635","0.10554733872413635","0.10554733872413635"
"332","0.11679743230342865","0.11679743230342865","0.11679743230342865"
"337","0.13250800967216492","0.13250800967216492","0.13250800967216492"
"353","0.061591923236846924","0.061591923236846924","0.061591923236846924"
"361","0.17700618505477905","0.17700618505477905","0.17700618505477905"
"365","0.12809644639492035","0.12809644639492035","0.12809644639492035"
"368","0.12935319542884827","0.12935319542884827","0.12935319542884827"
"372","0.13188867270946503","0.13188867270946503","0.13188867270946503"
"378","0.13516756892204285","0.13516756892204285","0.13516756892204285"
"382","0.12946446239948273","0.12946446239948273","0.12946446239948273"
"389","0.06226806715130806","0.06226806715130806","0.06226806715130806"
"392","0.09945521503686905","0.09945521503686905","0.09945521503686905"
"397","0.12420796602964401","0.12420796602964401","0.12420796602964401"
"405","0.10939119011163712","0.10939119011163712","0.10939119011163712"
"414","0.09535785019397736","0.09535785019397736","0.09535785019397736"
"425","0.13124941289424896","0.13124941289424896","0.13124941289424896"
"430","0.13481006026268005","0.13481006026268005","0.13481006026268005"
"435","0.13393455743789673","0.13393455743789673","0.13393455743789673"
"441","0.12158922851085663","0.12158922851085663","0.12158922851085663"
"447","0.12828053534030914","0.12828053534030914","0.12828053534030914"
"455","0.1275409609079361","0.1275409609079361","0.1275409609079361"
"458","0.10751308500766754","0.10751308500766754","0.10751308500766754"
"460","0.11426718533039093","0.11426718533039093","0.11426718533039093"
"461","0.20163536071777344","0.20163536071777344","0.20163536071777344"
"463","0.20723873376846313","0.20723873376846313","0.20723873376846313"
"465","0.10995802283287048","0.10995802283287048","0.10995802283287048"
"468","0.06598678231239319","0.06598678231239319","0.06598678231239319"
"472","0.10622187703847885","0.10622187703847885","0.10622187703847885"
"475","0.12134385854005814","0.12134385854005814","0.12134385854005814"
"477","0.1391434520483017","0.1391434520483017","0.1391434520483017"
"482","0.1016455739736557","0.1016455739736557","0.1016455739736557"
"483","0.11968660354614258","0.11968660354614258","0.11968660354614258"
"490","0.1222568079829216","0.1222568079829216","0.1222568079829216"
"497","0.14463865756988525","0.14463865756988525","0.14463865756988525"
"503","0.1390075832605362","0.1390075832605362","0.1390075832605362"
"506","0.09959092736244202","0.09959092736244202","0.09959092736244202"
"511","0.12231484800577164","0.12231484800577164","0.12231484800577164"
"515","0.13558822870254517","0.13558822870254517","0.13558822870254517"
"517","0.15352603793144226","0.15352603793144226","0.15352603793144226"
"519","0.13992935419082642","0.13992935419082642","0.13992935419082642"
"526","0.08243957161903381","0.08243957161903381","0.08243957161903381"
"527","0.10016345977783203","0.10016345977783203","0.10016345977783203"
"532","0.09899991005659103","0.09899991005659103","0.09899991005659103"
"534","0.0903807282447815","0.0903807282447815","0.0903807282447815"
"542","0.10356882214546204","0.10356882214546204","0.10356882214546204"
"545","0.16717183589935303","0.16717183589935303","0.16717183589935303"
"549","0.1761879026889801","0.1761879026889801","0.1761879026889801"
"550","0.1301591396331787","0.1301591396331787","0.1301591396331787"
"552","0.12625640630722046","0.12625640630722046","0.12625640630722046"
"568","0.19041025638580322","0.19041025638580322","0.19041025638580322"
"575","0.15956124663352966","0.15956124663352966","0.15956124663352966"
"578","0.08755671977996826","0.08755671977996826","0.08755671977996826"
"582","0.11943267285823822","0.11943267285823822","0.11943267285823822"
"583","0.10448753088712692","0.10448753088712692","0.10448753088712692"
"585","0.1568792164325714","0.1568792164325714","0.1568792164325714"
"586","0.10937409847974777","0.10937409847974777","0.10937409847974777"
"589","0.07521238923072815","0.07521238923072815","0.07521238923072815"
"591","0.10968534648418427","0.10968534648418427","0.10968534648418427"
"595","0.169458270072937","0.169458270072937","0.169458270072937"
"597","0.15377135574817657","0.15377135574817657","0.15377135574817657"
"606","0.0991981029510498","0.0991981029510498","0.0991981029510498"
"613","0.13147729635238647","0.13147729635238647","0.13147729635238647"
"614","0.17374445497989655","0.17374445497989655","0.17374445497989655"
"635","0.11696569621562958","0.11696569621562958","0.11696569621562958"
"644","0.1310478150844574","0.1310478150844574","0.1310478150844574"
"646","0.10807687044143677","0.10807687044143677","0.10807687044143677"
"647","0.1078854352235794","0.1078854352235794","0.1078854352235794"
"648","0.11420111358165741","0.11420111358165741","0.11420111358165741"
"649","0.1708124577999115","0.1708124577999115","0.1708124577999115"
"651","0.10447432100772858","0.10447432100772858","0.10447432100772858"
"652","0.09984120726585388","0.09984120726585388","0.09984120726585388"
"653","0.12584710121154785","0.12584710121154785","0.12584710121154785"
"663","0.19168882071971893","0.19168882071971893","0.19168882071971893"
"676","0.10597306489944458","0.10597306489944458","0.10597306489944458"
"686","0.08952856063842773","0.08952856063842773","0.08952856063842773"
"702","0.09627223759889603","0.09627223759889603","0.09627223759889603"
"703","0.10994625091552734","0.10994625091552734","0.10994625091552734"
"715","0.1440521627664566","0.1440521627664566","0.1440521627664566"
"722","0.12015891075134277","0.12015891075134277","0.12015891075134277"
"724","0.13254530727863312","0.13254530727863312","0.13254530727863312"
"726","0.17781463265419006","0.17781463265419006","0.17781463265419006"
"731","0.08564088493585587","0.08564088493585587","0.08564088493585587"
"752","0.09452740848064423","0.09452740848064423","0.09452740848064423"
"755","0.13734599947929382","0.13734599947929382","0.13734599947929382"
"761","0.11986099183559418","0.11986099183559418","0.11986099183559418"
"763","0.11926274001598358","0.11926274001598358","0.11926274001598358"
"774","0.13905282318592072","0.13905282318592072","0.13905282318592072"
"776","0.1351233422756195","0.1351233422756195","0.1351233422756195"
"789","0.13361719250679016","0.13361719250679016","0.13361719250679016"
"802","0.06448197364807129","0.06448197364807129","0.06448197364807129"
"805","0.1388445943593979","0.1388445943593979","0.1388445943593979"
"807","0.13460662961006165","0.13460662961006165","0.13460662961006165"
"813","0.09721710532903671","0.09721710532903671","0.09721710532903671"
"827","0.07402695715427399","0.07402695715427399","0.07402695715427399"
"838","0.13282592594623566","0.13282592594623566","0.13282592594623566"
"839","0.10822339355945587","0.10822339355945587","0.10822339355945587"
"840","0.16030609607696533","0.16030609607696533","0.16030609607696533"
"855","0.04245780408382416","0.04245780408382416","0.04245780408382416"
"864","0.1331714242696762","0.1331714242696762","0.1331714242696762"
"876","0.16153615713119507","0.16153615713119507","0.16153615713119507"
"878","0.12711918354034424","0.12711918354034424","0.12711918354034424"
"879","0.145635187625885","0.145635187625885","0.145635187625885"
"882","0.09230873733758926","0.09230873733758926","0.09230873733758926"
"883","0.1780044436454773","0.1780044436454773","0.1780044436454773"
"885","0.18422135710716248","0.18422135710716248","0.18422135710716248"
"886","0.047557003796100616","0.047557003796100616","0.047557003796100616"
"892","0.13795801997184753","0.13795801997184753","0.13795801997184753"
"896","0.08849361538887024","0.08849361538887024","0.08849361538887024"
"904","0.09845016896724701","0.09845016896724701","0.09845016896724701"
"914","0.17329947650432587","0.17329947650432587","0.17329947650432587"
"920","0.17999893426895142","0.17999893426895142","0.17999893426895142"
"921","0.0808601826429367","0.0808601826429367","0.0808601826429367"
"922","0.21626317501068115","0.21626317501068115","0.21626317501068115"
"926","0.15105056762695312","0.15105056762695312","0.15105056762695312"
"939","0.08517749607563019","0.08517749607563019","0.08517749607563019"
"940","0.14841651916503906","0.14841651916503906","0.14841651916503906"
"946","0.10646437108516693","0.10646437108516693","0.10646437108516693"
"948","0.13235996663570404","0.13235996663570404","0.13235996663570404"
"949","0.10973793268203735","0.10973793268203735","0.10973793268203735"
"950","0.08060114830732346","0.08060114830732346","0.08060114830732346"
"955","0.0934981256723404","0.0934981256723404","0.0934981256723404"
"962","0.1621217429637909","0.1621217429637909","0.1621217429637909"
"963","0.15975254774093628","0.15975254774093628","0.15975254774093628"
"965","0.10957631468772888","0.10957631468772888","0.10957631468772888"
"972","0.13742198050022125","0.13742198050022125","0.13742198050022125"
"976","0.15614846348762512","0.15614846348762512","0.15614846348762512"
"991","0.18847748637199402","0.18847748637199402","0.18847748637199402"
"997","0.08455604314804077","0.08455604314804077","0.08455604314804077"
"998","0.08158306777477264","0.08158306777477264","0.08158306777477264"
"1001","0.14379194378852844","0.14379194378852844","0.14379194378852844"
"1003","0.11598461866378784","0.11598461866378784","0.11598461866378784"
"1008","0.13531085848808289","0.13531085848808289","0.13531085848808289"
"1011","0.12441360950469971","0.12441360950469971","0.12441360950469971"
"1015","0.14282086491584778","0.14282086491584778","0.14282086491584778"
"1019","0.16154342889785767","0.16154342889785767","0.16154342889785767"
"1020","0.11205447465181351","0.11205447465181351","0.11205447465181351"
"1021","0.09230825304985046","0.09230825304985046","0.09230825304985046"
"1026","0.11320558190345764","0.11320558190345764","0.11320558190345764"
"1027","0.16999179124832153","0.16999179124832153","0.16999179124832153"
"1041","0.13599999248981476","0.13599999248981476","0.13599999248981476"
"1043","0.16153202950954437","0.16153202950954437","0.16153202950954437"
"1050","0.13945510983467102","0.13945510983467102","0.13945510983467102"
"1054","0.1674279272556305","0.1674279272556305","0.1674279272556305"
"1063","0.08198872208595276","0.08198872208595276","0.08198872208595276"
"1065","0.1444910168647766","0.1444910168647766","0.1444910168647766"
"1067","0.11645624041557312","0.11645624041557312","0.11645624041557312"
"1071","0.13016895949840546","0.13016895949840546","0.13016895949840546"
"1074","0.12338588386774063","0.12338588386774063","0.12338588386774063"
"1075","0.16933175921440125","0.16933175921440125","0.16933175921440125"
"1079","0.14027836918830872","0.14027836918830872","0.14027836918830872"
"1082","0.12017899751663208","0.12017899751663208","0.12017899751663208"
"1085","0.11155690252780914","0.11155690252780914","0.11155690252780914"
"1088","0.12498950958251953","0.12498950958251953","0.12498950958251953"
"1104","0.14376695454120636","0.14376695454120636","0.14376695454120636"
"1113","0.09268748760223389","0.09268748760223389","0.09268748760223389"
"1121","0.13980795443058014","0.13980795443058014","0.13980795443058014"
"1128","0.047705065459012985","0.047705065459012985","0.047705065459012985"
"1129","0.10864611715078354","0.10864611715078354","0.10864611715078354"
"1131","0.20639461278915405","0.20639461278915405","0.20639461278915405"
"1132","0.15524771809577942","0.15524771809577942","0.15524771809577942"
"1133","0.1070556491613388","0.1070556491613388","0.1070556491613388"
"1136","0.07729418575763702","0.07729418575763702","0.07729418575763702"
"1137","0.12982192635536194","0.12982192635536194","0.12982192635536194"
"1138","0.12962201237678528","0.12962201237678528","0.12962201237678528"
"1143","0.11938168108463287","0.11938168108463287","0.11938168108463287"
"1159","0.06625239551067352","0.06625239551067352","0.06625239551067352"
"1164","0.09240630269050598","0.09240630269050598","0.09240630269050598"
"1165","0.0910574346780777","0.0910574346780777","0.0910574346780777"
"1168","0.14316034317016602","0.14316034317016602","0.14316034317016602"
"1183","0.14020177721977234","0.14020177721977234","0.14020177721977234"
"1187","0.15440776944160461","0.15440776944160461","0.15440776944160461"
"1212","0.12860247492790222","0.12860247492790222","0.12860247492790222"
"1213","0.10258406400680542","0.10258406400680542","0.10258406400680542"
"1217","0.11412332952022552","0.11412332952022552","0.11412332952022552"
"1223","0.13398894667625427","0.13398894667625427","0.13398894667625427"
"1225","0.1103934571146965","0.1103934571146965","0.1103934571146965"
"1229","0.13863885402679443","0.13863885402679443","0.13863885402679443"
"1230","0.08596327155828476","0.08596327155828476","0.08596327155828476"
"1233","0.060644421726465225","0.060644421726465225","0.060644421726465225"
"1234","0.10266643762588501","0.10266643762588501","0.10266643762588501"
"1235","0.12399816513061523","0.12399816513061523","0.12399816513061523"
"1239","0.1602877974510193","0.1602877974510193","0.1602877974510193"
"1247","0.08247071504592896","0.08247071504592896","0.08247071504592896"
"1248","0.0708196610212326","0.0708196610212326","0.0708196610212326"
"1252","0.12813927233219147","0.12813927233219147","0.12813927233219147"
"1253","0.12262855470180511","0.12262855470180511","0.12262855470180511"
"1262","0.1451834738254547","0.1451834738254547","0.1451834738254547"
"1263","0.10652095079421997","0.10652095079421997","0.10652095079421997"
"1269","0.07685354351997375","0.07685354351997375","0.07685354351997375"
"1270","0.1217564269900322","0.1217564269900322","0.1217564269900322"
"1272","0.1287945806980133","0.1287945806980133","0.1287945806980133"
"1274","0.2031918615102768","0.2031918615102768","0.2031918615102768"
"1280","0.14711779356002808","0.14711779356002808","0.14711779356002808"
"1281","0.1451977789402008","0.1451977789402008","0.1451977789402008"
"1287","0.09192164242267609","0.09192164242267609","0.09192164242267609"
"1288","0.08982442319393158","0.08982442319393158","0.08982442319393158"
"1295","0.16775386035442352","0.16775386035442352","0.16775386035442352"
"1302","0.07189077138900757","0.07189077138900757","0.07189077138900757"
"1311","0.09956076741218567","0.09956076741218567","0.09956076741218567"
"1312","0.13485440611839294","0.13485440611839294","0.13485440611839294"
"1313","0.19553543627262115","0.19553543627262115","0.19553543627262115"
"1321","0.21347105503082275","0.21347105503082275","0.21347105503082275"
"1323","0.196975439786911","0.196975439786911","0.196975439786911"
"1325","0.11323611438274384","0.11323611438274384","0.11323611438274384"
"1326","0.1427675485610962","0.1427675485610962","0.1427675485610962"
"1327","0.06233302503824234","0.06233302503824234","0.06233302503824234"
"1328","0.13678772747516632","0.13678772747516632","0.13678772747516632"
"1333","0.12062366306781769","0.12062366306781769","0.12062366306781769"
"1334","0.08735614269971848","0.08735614269971848","0.08735614269971848"
"1347","0.10494258254766464","0.10494258254766464","0.10494258254766464"
"1349","0.12030978500843048","0.12030978500843048","0.12030978500843048"
"1351","0.16806459426879883","0.16806459426879883","0.16806459426879883"
"1352","0.07692242413759232","0.07692242413759232","0.07692242413759232"
"1353","0.06812165677547455","0.06812165677547455","0.06812165677547455"
"1360","0.08441758900880814","0.08441758900880814","0.08441758900880814"
"1361","0.08794618397951126","0.08794618397951126","0.08794618397951126"
"1363","0.1473408043384552","0.1473408043384552","0.1473408043384552"
"1365","0.08068031817674637","0.08068031817674637","0.08068031817674637"
"1367","0.13246268033981323","0.13246268033981323","0.13246268033981323"
"1368","0.08732450753450394","0.08732450753450394","0.08732450753450394"
"1371","0.09358187019824982","0.09358187019824982","0.09358187019824982"
"1374","0.10023274272680283","0.10023274272680283","0.10023274272680283"
"1378","0.10149480402469635","0.10149480402469635","0.10149480402469635"
"1386","0.09739243984222412","0.09739243984222412","0.09739243984222412"
"1387","0.1356312781572342","0.1356312781572342","0.1356312781572342"
"1392","0.11847883462905884","0.11847883462905884","0.11847883462905884"
"1393","0.10274739563465118","0.10274739563465118","0.10274739563465118"
"1395","0.1362937092781067","0.1362937092781067","0.1362937092781067"
"1397","0.11401752382516861","0.11401752382516861","0.11401752382516861"
"1398","0.10138539969921112","0.10138539969921112","0.10138539969921112"
"1399","0.12946416437625885","0.12946416437625885","0.12946416437625885"
"1404","0.15769341588020325","0.15769341588020325","0.15769341588020325"
"1405","0.09607166051864624","0.09607166051864624","0.09607166051864624"
"1407","0.1254892349243164","0.1254892349243164","0.1254892349243164"
"1409","0.07964718341827393","0.07964718341827393","0.07964718341827393"
"1411","0.06396690011024475","0.06396690011024475","0.06396690011024475"
"1425","0.0830608382821083","0.0830608382821083","0.0830608382821083"
"1429","0.06793272495269775","0.06793272495269775","0.06793272495269775"
"1437","0.13048610091209412","0.13048610091209412","0.13048610091209412"
"1447","0.114159494638443","0.114159494638443","0.114159494638443"
"1448","0.13959360122680664","0.13959360122680664","0.13959360122680664"
"1449","0.0950116217136383","0.0950116217136383","0.0950116217136383"
"1450","0.09134593605995178","0.09134593605995178","0.09134593605995178"
"1453","0.12259402126073837","0.12259402126073837","0.12259402126073837"
"1458","0.15084758400917053","0.15084758400917053","0.15084758400917053"
"1459","0.12872764468193054","0.12872764468193054","0.12872764468193054"
"1462","0.12766265869140625","0.12766265869140625","0.12766265869140625"
"1465","0.1000039130449295","0.1000039130449295","0.1000039130449295"
"1466","0.1100521832704544","0.1100521832704544","0.1100521832704544"
"1471","0.2059939205646515","0.2059939205646515","0.2059939205646515"
"1473","0.14747950434684753","0.14747950434684753","0.14747950434684753"
"1475","0.11813174933195114","0.11813174933195114","0.11813174933195114"
"1487","0.15498840808868408","0.15498840808868408","0.15498840808868408"
"1488","0.09149903059005737","0.09149903059005737","0.09149903059005737"
"1491","0.1844509243965149","0.1844509243965149","0.1844509243965149"
"1495","0.12486468255519867","0.12486468255519867","0.12486468255519867"
"1501","0.13251417875289917","0.13251417875289917","0.13251417875289917"
"1502","0.11914195865392685","0.11914195865392685","0.11914195865392685"
"1508","0.10672730207443237","0.10672730207443237","0.10672730207443237"
"1512","0.1700182557106018","0.1700182557106018","0.1700182557106018"
"1513","0.09142988175153732","0.09142988175153732","0.09142988175153732"
"1526","0.20210498571395874","0.20210498571395874","0.20210498571395874"
"1532","0.1069081574678421","0.1069081574678421","0.1069081574678421"
"1538","0.13872626423835754","0.13872626423835754","0.13872626423835754"
"1540","0.09621984511613846","0.09621984511613846","0.09621984511613846"
"1541","0.12950491905212402","0.12950491905212402","0.12950491905212402"
"1542","0.12544532120227814","0.12544532120227814","0.12544532120227814"
"1547","0.12084068357944489","0.12084068357944489","0.12084068357944489"
"1548","0.14948001503944397","0.14948001503944397","0.14948001503944397"
"1551","0.15481692552566528","0.15481692552566528","0.15481692552566528"
"1552","0.10177113115787506","0.10177113115787506","0.10177113115787506"
"1556","0.06675098091363907","0.06675098091363907","0.06675098091363907"
"1559","0.16517753899097443","0.16517753899097443","0.16517753899097443"
"1561","0.0897359848022461","0.0897359848022461","0.0897359848022461"
"1573","0.12447061389684677","0.12447061389684677","0.12447061389684677"
"1575","0.06938936561346054","0.06938936561346054","0.06938936561346054"
"1577","0.08121100068092346","0.08121100068092346","0.08121100068092346"
"1586","0.06176559254527092","0.06176559254527092","0.06176559254527092"
"1589","0.17354042828083038","0.17354042828083038","0.17354042828083038"
"1590","0.15194904804229736","0.15194904804229736","0.15194904804229736"
"1593","0.09554382413625717","0.09554382413625717","0.09554382413625717"
"1599","0.12388771772384644","0.12388771772384644","0.12388771772384644"
"1601","0.06405336409807205","0.06405336409807205","0.06405336409807205"
"1608","0.06867493689060211","0.06867493689060211","0.06867493689060211"
"1614","0.09343919157981873","0.09343919157981873","0.09343919157981873"
"1617","0.10214512050151825","0.10214512050151825","0.10214512050151825"
"1623","0.14448091387748718","0.14448091387748718","0.14448091387748718"
"1628","0.11961623281240463","0.11961623281240463","0.11961623281240463"
"1634","0.14865800738334656","0.14865800738334656","0.14865800738334656"
"1637","0.18294164538383484","0.18294164538383484","0.18294164538383484"
"1644","0.10997627675533295","0.10997627675533295","0.10997627675533295"
"1651","0.1038537546992302","0.1038537546992302","0.1038537546992302"
"1653","0.10416997969150543","0.10416997969150543","0.10416997969150543"
"1658","0.2116614580154419","0.2116614580154419","0.2116614580154419"
"1659","0.10206813365221024","0.10206813365221024","0.10206813365221024"
"1666","0.09672597050666809","0.09672597050666809","0.09672597050666809"
"1674","0.10176220536231995","0.10176220536231995","0.10176220536231995"
"1676","0.06552711129188538","0.06552711129188538","0.06552711129188538"
"1687","0.0878627598285675","0.0878627598285675","0.0878627598285675"
"1691","0.07318480312824249","0.07318480312824249","0.07318480312824249"
"1692","0.08470919728279114","0.08470919728279114","0.08470919728279114"
"1701","0.11587998270988464","0.11587998270988464","0.11587998270988464"
"1703","0.10830280184745789","0.10830280184745789","0.10830280184745789"
"1706","0.13511575758457184","0.13511575758457184","0.13511575758457184"
"1708","0.1488477736711502","0.1488477736711502","0.1488477736711502"
"1710","0.1069793552160263","0.1069793552160263","0.1069793552160263"
"1713","0.1570964902639389","0.1570964902639389","0.1570964902639389"
"1714","0.1684977114200592","0.1684977114200592","0.1684977114200592"
"1715","0.0943472683429718","0.0943472683429718","0.0943472683429718"
"1717","0.11956566572189331","0.11956566572189331","0.11956566572189331"
"1719","0.09655457735061646","0.09655457735061646","0.09655457735061646"
"1721","0.12764713168144226","0.12764713168144226","0.12764713168144226"
"1723","0.1775427907705307","0.1775427907705307","0.1775427907705307"
"1725","0.14980676770210266","0.14980676770210266","0.14980676770210266"
"1726","0.16213937103748322","0.16213937103748322","0.16213937103748322"
"1728","0.16650930047035217","0.16650930047035217","0.16650930047035217"
"1731","0.10231772810220718","0.10231772810220718","0.10231772810220718"
"1733","0.15947601199150085","0.15947601199150085","0.15947601199150085"
"1735","0.08842462301254272","0.08842462301254272","0.08842462301254272"
"1742","0.14872384071350098","0.14872384071350098","0.14872384071350098"
"1753","0.11605368554592133","0.11605368554592133","0.11605368554592133"
"1761","0.13328459858894348","0.13328459858894348","0.13328459858894348"
"1763","0.13662374019622803","0.13662374019622803","0.13662374019622803"
"1769","0.120488241314888","0.120488241314888","0.120488241314888"
"1771","0.14206534624099731","0.14206534624099731","0.14206534624099731"
"1774","0.11885152012109756","0.11885152012109756","0.11885152012109756"
"1781","0.09381654858589172","0.09381654858589172","0.09381654858589172"
"1782","0.15488767623901367","0.15488767623901367","0.15488767623901367"
"1783","0.09401679784059525","0.09401679784059525","0.09401679784059525"
"1793","0.07003289461135864","0.07003289461135864","0.07003289461135864"
"1795","0.1194167509675026","0.1194167509675026","0.1194167509675026"
"1797","0.046764060854911804","0.046764060854911804","0.046764060854911804"
"1799","0.0701998621225357","0.0701998621225357","0.0701998621225357"
"1801","0.13853876292705536","0.13853876292705536","0.13853876292705536"
"1802","0.09451533854007721","0.09451533854007721","0.09451533854007721"
"1804","0.14776557683944702","0.14776557683944702","0.14776557683944702"
"1809","0.15522602200508118","0.15522602200508118","0.15522602200508118"
"1811","0.08970309793949127","0.08970309793949127","0.08970309793949127"
"1815","0.11359655112028122","0.11359655112028122","0.11359655112028122"
"1820","0.07932178676128387","0.07932178676128387","0.07932178676128387"
"1822","0.09688675403594971","0.09688675403594971","0.09688675403594971"
"1823","0.1549244076013565","0.1549244076013565","0.1549244076013565"
"1829","0.09426887333393097","0.09426887333393097","0.09426887333393097"
"1831","0.08535470813512802","0.08535470813512802","0.08535470813512802"
"1833","0.11713294684886932","0.11713294684886932","0.11713294684886932"
"1834","0.09070318937301636","0.09070318937301636","0.09070318937301636"
"1837","0.1349218785762787","0.1349218785762787","0.1349218785762787"
"1841","0.09383490681648254","0.09383490681648254","0.09383490681648254"
"1844","0.10004803538322449","0.10004803538322449","0.10004803538322449"
"1847","0.07963225245475769","0.07963225245475769","0.07963225245475769"
"1860","0.09686607867479324","0.09686607867479324","0.09686607867479324"
"1862","0.09722808748483658","0.09722808748483658","0.09722808748483658"
"1863","0.14417332410812378","0.14417332410812378","0.14417332410812378"
"1868","0.18513646721839905","0.18513646721839905","0.18513646721839905"
"1870","0.09491414576768875","0.09491414576768875","0.09491414576768875"
"1875","0.05558483302593231","0.05558483302593231","0.05558483302593231"
"1879","0.11877653747797012","0.11877653747797012","0.11877653747797012"
"1883","0.10277532041072845","0.10277532041072845","0.10277532041072845"
"1889","0.11452342569828033","0.11452342569828033","0.11452342569828033"
"1890","0.08025909960269928","0.08025909960269928","0.08025909960269928"
"1894","0.14241603016853333","0.14241603016853333","0.14241603016853333"
"1898","0.11637018620967865","0.11637018620967865","0.11637018620967865"
"1911","0.10693584382534027","0.10693584382534027","0.10693584382534027"
"1934","0.12000689655542374","0.12000689655542374","0.12000689655542374"
"1940","0.11738458275794983","0.11738458275794983","0.11738458275794983"
"1945","0.16779635846614838","0.16779635846614838","0.16779635846614838"
"1949","0.07605039328336716","0.07605039328336716","0.07605039328336716"
"1952","0.16304314136505127","0.16304314136505127","0.16304314136505127"
"1957","0.14326462149620056","0.14326462149620056","0.14326462149620056"
"1960","0.20371121168136597","0.20371121168136597","0.20371121168136597"
"1961","0.16528236865997314","0.16528236865997314","0.16528236865997314"
"1967","0.13528211414813995","0.13528211414813995","0.13528211414813995"
"1973","0.1284855157136917","0.1284855157136917","0.1284855157136917"
"1980","0.11388549953699112","0.11388549953699112","0.11388549953699112"
"1984","0.1507725715637207","0.1507725715637207","0.1507725715637207"
"1986","0.1596793383359909","0.1596793383359909","0.1596793383359909"
"1992","0.12416689097881317","0.12416689097881317","0.12416689097881317"
"2001","0.12494389712810516","0.12494389712810516","0.12494389712810516"
"2007","0.1532573103904724","0.1532573103904724","0.1532573103904724"
"2013","0.09854075312614441","0.09854075312614441","0.09854075312614441"
"2015","0.10614420473575592","0.10614420473575592","0.10614420473575592"
"2017","0.06881026923656464","0.06881026923656464","0.06881026923656464"
"2025","0.16475841403007507","0.16475841403007507","0.16475841403007507"
"2027","0.0955289825797081","0.0955289825797081","0.0955289825797081"
"2029","0.14814871549606323","0.14814871549606323","0.14814871549606323"
"2035","0.14168137311935425","0.14168137311935425","0.14168137311935425"
"2040","0.13502702116966248","0.13502702116966248","0.13502702116966248"
"2043","0.06859636306762695","0.06859636306762695","0.06859636306762695"
"2047","0.141254723072052","0.141254723072052","0.141254723072052"
"2050","0.06344695389270782","0.06344695389270782","0.06344695389270782"
"2056","0.1408492922782898","0.1408492922782898","0.1408492922782898"
"2068","0.03824498504400253","0.03824498504400253","0.03824498504400253"
"2069","0.04914316162467003","0.04914316162467003","0.04914316162467003"
"2077","0.11123877018690109","0.11123877018690109","0.11123877018690109"
"2081","0.13801079988479614","0.13801079988479614","0.13801079988479614"
"2091","0.0900149792432785","0.0900149792432785","0.0900149792432785"
"2093","0.06635558605194092","0.06635558605194092","0.06635558605194092"
"2099","0.15784728527069092","0.15784728527069092","0.15784728527069092"
"2102","0.16473937034606934","0.16473937034606934","0.16473937034606934"
"2103","0.05753173679113388","0.05753173679113388","0.05753173679113388"
"2106","0.11939749866724014","0.11939749866724014","0.11939749866724014"
"2111","0.10412578284740448","0.10412578284740448","0.10412578284740448"
"2125","0.20720431208610535","0.20720431208610535","0.20720431208610535"
"2131","0.10279172658920288","0.10279172658920288","0.10279172658920288"
"2132","0.13798660039901733","0.13798660039901733","0.13798660039901733"
"2135","0.16447970271110535","0.16447970271110535","0.16447970271110535"
"2136","0.12354324758052826","0.12354324758052826","0.12354324758052826"
"2138","0.09867122769355774","0.09867122769355774","0.09867122769355774"
"2139","0.12248348444700241","0.12248348444700241","0.12248348444700241"
"2142","0.14219166338443756","0.14219166338443756","0.14219166338443756"
"2144","0.13774187862873077","0.13774187862873077","0.13774187862873077"
"2147","0.12661445140838623","0.12661445140838623","0.12661445140838623"
"2153","0.12863191962242126","0.12863191962242126","0.12863191962242126"
"2157","0.1150510311126709","0.1150510311126709","0.1150510311126709"
"2159","0.11861661076545715","0.11861661076545715","0.11861661076545715"
"2160","0.09393233805894852","0.09393233805894852","0.09393233805894852"
"2165","0.1566784381866455","0.1566784381866455","0.1566784381866455"
"2166","0.10390880703926086","0.10390880703926086","0.10390880703926086"
"2167","0.10135006904602051","0.10135006904602051","0.10135006904602051"
"2172","0.08070608228445053","0.08070608228445053","0.08070608228445053"
"2181","0.14842362701892853","0.14842362701892853","0.14842362701892853"
"2185","0.12221117317676544","0.12221117317676544","0.12221117317676544"
"2186","0.14857254922389984","0.14857254922389984","0.14857254922389984"
"2188","0.1605834662914276","0.1605834662914276","0.1605834662914276"
"2190","0.07735986262559891","0.07735986262559891","0.07735986262559891"
"2193","0.15600740909576416","0.15600740909576416","0.15600740909576416"
"2200","0.11340774595737457","0.11340774595737457","0.11340774595737457"
"2201","0.14548413455486298","0.14548413455486298","0.14548413455486298"
"2202","0.08428362756967545","0.08428362756967545","0.08428362756967545"
"2204","0.08556977659463882","0.08556977659463882","0.08556977659463882"
"2208","0.12041040509939194","0.12041040509939194","0.12041040509939194"
"2209","0.10037088394165039","0.10037088394165039","0.10037088394165039"
"2210","0.15358325839042664","0.15358325839042664","0.15358325839042664"
"2213","0.12449764460325241","0.12449764460325241","0.12449764460325241"
"2214","0.10760731995105743","0.10760731995105743","0.10760731995105743"
"2220","0.05631764605641365","0.05631764605641365","0.05631764605641365"
"2233","0.09841325134038925","0.09841325134038925","0.09841325134038925"
"2248","0.12324123084545135","0.12324123084545135","0.12324123084545135"
"2261","0.14203903079032898","0.14203903079032898","0.14203903079032898"
"2264","0.07082124054431915","0.07082124054431915","0.07082124054431915"
"2266","0.15094786882400513","0.15094786882400513","0.15094786882400513"
"2272","0.1142384260892868","0.1142384260892868","0.1142384260892868"
"2273","0.10509422421455383","0.10509422421455383","0.10509422421455383"
"2276","0.10821675509214401","0.10821675509214401","0.10821675509214401"
"2281","0.08598355948925018","0.08598355948925018","0.08598355948925018"
"2284","0.14419341087341309","0.14419341087341309","0.14419341087341309"
"2296","0.11945149302482605","0.11945149302482605","0.11945149302482605"
"2303","0.07756055891513824","0.07756055891513824","0.07756055891513824"
"2322","0.12807796895503998","0.12807796895503998","0.12807796895503998"
"2329","0.19414877891540527","0.19414877891540527","0.19414877891540527"
"2335","0.12143690139055252","0.12143690139055252","0.12143690139055252"
"2337","0.11768420040607452","0.11768420040607452","0.11768420040607452"
"2339","0.07044585794210434","0.07044585794210434","0.07044585794210434"
"2341","0.14912579953670502","0.14912579953670502","0.14912579953670502"
"2344","0.12407432496547699","0.12407432496547699","0.12407432496547699"
"2347","0.07898078113794327","0.07898078113794327","0.07898078113794327"
"2353","0.1590835452079773","0.1590835452079773","0.1590835452079773"
"2357","0.1261172592639923","0.1261172592639923","0.1261172592639923"
"2358","0.20348456501960754","0.20348456501960754","0.20348456501960754"
"2360","0.12294597178697586","0.12294597178697586","0.12294597178697586"
"2364","0.06211457774043083","0.06211457774043083","0.06211457774043083"
"2374","0.056524645537137985","0.056524645537137985","0.056524645537137985"
"2376","0.07835610210895538","0.07835610210895538","0.07835610210895538"
"2379","0.06994806230068207","0.06994806230068207","0.06994806230068207"
"2381","0.18528147041797638","0.18528147041797638","0.18528147041797638"
"2383","0.0987553521990776","0.0987553521990776","0.0987553521990776"
"2389","0.16976533830165863","0.16976533830165863","0.16976533830165863"
"2397","0.0925406664609909","0.0925406664609909","0.0925406664609909"
"2399","0.09628071635961533","0.09628071635961533","0.09628071635961533"
"2401","0.15631818771362305","0.15631818771362305","0.15631818771362305"
"2406","0.1139468252658844","0.1139468252658844","0.1139468252658844"
"2407","0.13449682295322418","0.13449682295322418","0.13449682295322418"
"2411","0.09669581800699234","0.09669581800699234","0.09669581800699234"
"2416","0.06392017006874084","0.06392017006874084","0.06392017006874084"
"2420","0.16024458408355713","0.16024458408355713","0.16024458408355713"
"2422","0.09664295613765717","0.09664295613765717","0.09664295613765717"
"2423","0.14038515090942383","0.14038515090942383","0.14038515090942383"
"2429","0.1277708113193512","0.1277708113193512","0.1277708113193512"
"2430","0.1269095540046692","0.1269095540046692","0.1269095540046692"
"2455","0.09320768713951111","0.09320768713951111","0.09320768713951111"
"2460","0.14294177293777466","0.14294177293777466","0.14294177293777466"
"2467","0.08686414361000061","0.08686414361000061","0.08686414361000061"
"2481","0.11140743643045425","0.11140743643045425","0.11140743643045425"
"2486","0.1170421689748764","0.1170421689748764","0.1170421689748764"
"2488","0.09954312443733215","0.09954312443733215","0.09954312443733215"
"2489","0.13711240887641907","0.13711240887641907","0.13711240887641907"
"2492","0.13409394025802612","0.13409394025802612","0.13409394025802612"
"2502","0.13143514096736908","0.13143514096736908","0.13143514096736908"
"2506","0.2543046772480011","0.2543046772480011","0.2543046772480011"
"2511","0.08358247578144073","0.08358247578144073","0.08358247578144073"
"2512","0.13643714785575867","0.13643714785575867","0.13643714785575867"
"2521","0.16303220391273499","0.16303220391273499","0.16303220391273499"
"2522","0.13002371788024902","0.13002371788024902","0.13002371788024902"
"2523","0.06715372204780579","0.06715372204780579","0.06715372204780579"
"2527","0.08405981957912445","0.08405981957912445","0.08405981957912445"
"2534","0.17443591356277466","0.17443591356277466","0.17443591356277466"
"2538","0.11126471310853958","0.11126471310853958","0.11126471310853958"
"2543","0.13535015285015106","0.13535015285015106","0.13535015285015106"
"2549","0.05232324078679085","0.05232324078679085","0.05232324078679085"
"2550","0.061244845390319824","0.061244845390319824","0.061244845390319824"
"2552","0.1430576741695404","0.1430576741695404","0.1430576741695404"
"2564","0.07106220722198486","0.07106220722198486","0.07106220722198486"
"2566","0.10757695138454437","0.10757695138454437","0.10757695138454437"
"2569","0.13133513927459717","0.13133513927459717","0.13133513927459717"
"2573","0.07996001839637756","0.07996001839637756","0.07996001839637756"
"2574","0.12118517607450485","0.12118517607450485","0.12118517607450485"
"2579","0.14020901918411255","0.14020901918411255","0.14020901918411255"
"2581","0.10838217288255692","0.10838217288255692","0.10838217288255692"
"2584","0.13959623873233795","0.13959623873233795","0.13959623873233795"
"2587","0.13770316541194916","0.13770316541194916","0.13770316541194916"
"2588","0.1009390577673912","0.1009390577673912","0.1009390577673912"
"2591","0.14902043342590332","0.14902043342590332","0.14902043342590332"
"2594","0.0836208313703537","0.0836208313703537","0.0836208313703537"
"2595","0.15428395569324493","0.15428395569324493","0.15428395569324493"
"2600","0.17392922937870026","0.17392922937870026","0.17392922937870026"
"2607","0.08820217847824097","0.08820217847824097","0.08820217847824097"
"2613","0.10167086869478226","0.10167086869478226","0.10167086869478226"
"2616","0.12296035885810852","0.12296035885810852","0.12296035885810852"
"2622","0.10422337055206299","0.10422337055206299","0.10422337055206299"
"2625","0.08402960002422333","0.08402960002422333","0.08402960002422333"
"2647","0.11708346009254456","0.11708346009254456","0.11708346009254456"
"2650","0.11803995072841644","0.11803995072841644","0.11803995072841644"
"2656","0.07308455556631088","0.07308455556631088","0.07308455556631088"
"2663","0.126576229929924","0.126576229929924","0.126576229929924"
"2664","0.11670829355716705","0.11670829355716705","0.11670829355716705"
"2671","0.07339151948690414","0.07339151948690414","0.07339151948690414"
"2673","0.14640137553215027","0.14640137553215027","0.14640137553215027"
"2674","0.13346706330776215","0.13346706330776215","0.13346706330776215"
"2677","0.07560484856367111","0.07560484856367111","0.07560484856367111"
"2684","0.12635397911071777","0.12635397911071777","0.12635397911071777"
"2685","0.09841364622116089","0.09841364622116089","0.09841364622116089"
"2701","0.09246358275413513","0.09246358275413513","0.09246358275413513"
"2706","0.09573118388652802","0.09573118388652802","0.09573118388652802"
"2708","0.0674869641661644","0.0674869641661644","0.0674869641661644"
"2710","0.15209369361400604","0.15209369361400604","0.15209369361400604"
"2713","0.13968880474567413","0.13968880474567413","0.13968880474567413"
"2715","0.0812445729970932","0.0812445729970932","0.0812445729970932"
"2718","0.09572182595729828","0.09572182595729828","0.09572182595729828"
"2726","0.09502972662448883","0.09502972662448883","0.09502972662448883"
"2733","0.1178554892539978","0.1178554892539978","0.1178554892539978"
"2739","0.14773818850517273","0.14773818850517273","0.14773818850517273"
"2740","0.07135868072509766","0.07135868072509766","0.07135868072509766"
"2751","0.15334218740463257","0.15334218740463257","0.15334218740463257"
"2753","0.09812016785144806","0.09812016785144806","0.09812016785144806"
"2774","0.06932762265205383","0.06932762265205383","0.06932762265205383"
"2792","0.11759372055530548","0.11759372055530548","0.11759372055530548"
"2798","0.16079115867614746","0.16079115867614746","0.16079115867614746"
"2799","0.11131417006254196","0.11131417006254196","0.11131417006254196"
"2805","0.16015447676181793","0.16015447676181793","0.16015447676181793"
"2816","0.0788273960351944","0.0788273960351944","0.0788273960351944"
"2817","0.15986602008342743","0.15986602008342743","0.15986602008342743"
"2822","0.16162174940109253","0.16162174940109253","0.16162174940109253"
"2834","0.17917653918266296","0.17917653918266296","0.17917653918266296"
"2837","0.20372498035430908","0.20372498035430908","0.20372498035430908"
"2840","0.14708401262760162","0.14708401262760162","0.14708401262760162"
"2843","0.1702834516763687","0.1702834516763687","0.1702834516763687"
"2845","0.1153288334608078","0.1153288334608078","0.1153288334608078"
"2848","0.13763612508773804","0.13763612508773804","0.13763612508773804"
"2850","0.0969570204615593","0.0969570204615593","0.0969570204615593"
"2860","0.11035415530204773","0.11035415530204773","0.11035415530204773"
"2861","0.15050476789474487","0.15050476789474487","0.15050476789474487"
"2864","0.07267451286315918","0.07267451286315918","0.07267451286315918"
"2866","0.1433573216199875","0.1433573216199875","0.1433573216199875"
"2872","0.10306466370820999","0.10306466370820999","0.10306466370820999"
"2875","0.11085579544305801","0.11085579544305801","0.11085579544305801"
"2885","0.1085590273141861","0.1085590273141861","0.1085590273141861"
"2894","0.15003958344459534","0.15003958344459534","0.15003958344459534"
"2903","0.1342100203037262","0.1342100203037262","0.1342100203037262"
"2910","0.09137608855962753","0.09137608855962753","0.09137608855962753"
"2912","0.08107972145080566","0.08107972145080566","0.08107972145080566"
"2917","0.13501664996147156","0.13501664996147156","0.13501664996147156"
"2919","0.044714756309986115","0.044714756309986115","0.044714756309986115"
"2928","0.11174628138542175","0.11174628138542175","0.11174628138542175"
"2930","0.0972151905298233","0.0972151905298233","0.0972151905298233"
"2939","0.09145473688840866","0.09145473688840866","0.09145473688840866"
"2940","0.1635221540927887","0.1635221540927887","0.1635221540927887"
"2942","0.16459551453590393","0.16459551453590393","0.16459551453590393"
"2947","0.17426066100597382","0.17426066100597382","0.17426066100597382"
"2951","0.12289349734783173","0.12289349734783173","0.12289349734783173"
"2955","0.15198341012001038","0.15198341012001038","0.15198341012001038"
"2959","0.10171518474817276","0.10171518474817276","0.10171518474817276"
"2965","0.08555541187524796","0.08555541187524796","0.08555541187524796"
"2972","0.06781374663114548","0.06781374663114548","0.06781374663114548"
"2976","0.12172207236289978","0.12172207236289978","0.12172207236289978"
"2978","0.12506939470767975","0.12506939470767975","0.12506939470767975"
"2984","0.09530147910118103","0.09530147910118103","0.09530147910118103"
"2989","0.13787877559661865","0.13787877559661865","0.13787877559661865"
"2990","0.0795959085226059","0.0795959085226059","0.0795959085226059"
"2993","0.19090333580970764","0.19090333580970764","0.19090333580970764"
"2997","0.11748116463422775","0.11748116463422775","0.11748116463422775"
"3004","0.17386247217655182","0.17386247217655182","0.17386247217655182"
"3010","0.12561193108558655","0.12561193108558655","0.12561193108558655"
"3018","0.14785996079444885","0.14785996079444885","0.14785996079444885"
"3019","0.13594713807106018","0.13594713807106018","0.13594713807106018"
"3025","0.14051079750061035","0.14051079750061035","0.14051079750061035"
"3028","0.09127261489629745","0.09127261489629745","0.09127261489629745"
"3030","0.14765718579292297","0.14765718579292297","0.14765718579292297"
"3031","0.07310250401496887","0.07310250401496887","0.07310250401496887"
"3033","0.12462611496448517","0.12462611496448517","0.12462611496448517"
"3036","0.06557627767324448","0.06557627767324448","0.06557627767324448"
"3043","0.08611111342906952","0.08611111342906952","0.08611111342906952"
"3045","0.11119775474071503","0.11119775474071503","0.11119775474071503"
"3053","0.14118047058582306","0.14118047058582306","0.14118047058582306"
"3058","0.12184219062328339","0.12184219062328339","0.12184219062328339"
"3067","0.09514479339122772","0.09514479339122772","0.09514479339122772"
"3069","0.12682771682739258","0.12682771682739258","0.12682771682739258"
"3070","0.0946137011051178","0.0946137011051178","0.0946137011051178"
"3071","0.1527639776468277","0.1527639776468277","0.1527639776468277"
"3074","0.1240457221865654","0.1240457221865654","0.1240457221865654"
"3075","0.10310491919517517","0.10310491919517517","0.10310491919517517"
"3084","0.04975598677992821","0.04975598677992821","0.04975598677992821"
"3086","0.10549741983413696","0.10549741983413696","0.10549741983413696"
"3092","0.1560584306716919","0.1560584306716919","0.1560584306716919"
"3097","0.12060180306434631","0.12060180306434631","0.12060180306434631"
"3098","0.09709148854017258","0.09709148854017258","0.09709148854017258"
"3109","0.09708449989557266","0.09708449989557266","0.09708449989557266"
"3112","0.1044197604060173","0.1044197604060173","0.1044197604060173"
"3118","0.09666949510574341","0.09666949510574341","0.09666949510574341"
"3122","0.2825050354003906","0.2825050354003906","0.2825050354003906"
"3123","0.07769405841827393","0.07769405841827393","0.07769405841827393"
"3125","0.13590848445892334","0.13590848445892334","0.13590848445892334"
"3146","0.11109314113855362","0.11109314113855362","0.11109314113855362"
"3151","0.10720096528530121","0.10720096528530121","0.10720096528530121"
"3154","0.14761124551296234","0.14761124551296234","0.14761124551296234"
"3156","0.08774027973413467","0.08774027973413467","0.08774027973413467"
"3164","0.15846168994903564","0.15846168994903564","0.15846168994903564"
"3168","0.10100283473730087","0.10100283473730087","0.10100283473730087"
"3172","0.21830815076828003","0.21830815076828003","0.21830815076828003"
"3177","0.07707890123128891","0.07707890123128891","0.07707890123128891"
"3189","0.05461254343390465","0.05461254343390465","0.05461254343390465"
"3192","0.07767152786254883","0.07767152786254883","0.07767152786254883"
"3200","0.07127296924591064","0.07127296924591064","0.07127296924591064"
"3203","0.08689523488283157","0.08689523488283157","0.08689523488283157"
"3207","0.12665992975234985","0.12665992975234985","0.12665992975234985"
"3209","0.1320447474718094","0.1320447474718094","0.1320447474718094"
"3213","0.09346962720155716","0.09346962720155716","0.09346962720155716"
"3215","0.08474552631378174","0.08474552631378174","0.08474552631378174"
"3216","0.14410558342933655","0.14410558342933655","0.14410558342933655"
"3222","0.13899293541908264","0.13899293541908264","0.13899293541908264"
"3224","0.05434761941432953","0.05434761941432953","0.05434761941432953"
"3225","0.08051612228155136","0.08051612228155136","0.08051612228155136"
"3231","0.09019442647695541","0.09019442647695541","0.09019442647695541"
"3239","0.1414288729429245","0.1414288729429245","0.1414288729429245"
"3252","0.12064088881015778","0.12064088881015778","0.12064088881015778"
"3263","0.09241358190774918","0.09241358190774918","0.09241358190774918"
"3264","0.16530463099479675","0.16530463099479675","0.16530463099479675"
"3274","0.09284984320402145","0.09284984320402145","0.09284984320402145"
"3275","0.12461909651756287","0.12461909651756287","0.12461909651756287"
"3277","0.11224600672721863","0.11224600672721863","0.11224600672721863"
"3282","0.12364863604307175","0.12364863604307175","0.12364863604307175"
"3293","0.14200955629348755","0.14200955629348755","0.14200955629348755"
"3297","0.07550220191478729","0.07550220191478729","0.07550220191478729"
"3305","0.08007936179637909","0.08007936179637909","0.08007936179637909"
"3307","0.14188235998153687","0.14188235998153687","0.14188235998153687"
"3317","0.12128981947898865","0.12128981947898865","0.12128981947898865"
"3319","0.14569538831710815","0.14569538831710815","0.14569538831710815"
"3329","0.07176399976015091","0.07176399976015091","0.07176399976015091"
"3333","0.1374858319759369","0.1374858319759369","0.1374858319759369"
"3336","0.12471973150968552","0.12471973150968552","0.12471973150968552"
"3338","0.10555943101644516","0.10555943101644516","0.10555943101644516"
"3342","0.06927459686994553","0.06927459686994553","0.06927459686994553"
"3344","0.15048256516456604","0.15048256516456604","0.15048256516456604"
"3354","0.10893276333808899","0.10893276333808899","0.10893276333808899"
"3357","0.10932064056396484","0.10932064056396484","0.10932064056396484"
"3361","0.08298075944185257","0.08298075944185257","0.08298075944185257"
"3365","0.09827423095703125","0.09827423095703125","0.09827423095703125"
"3366","0.1233043223619461","0.1233043223619461","0.1233043223619461"
"3368","0.1890338957309723","0.1890338957309723","0.1890338957309723"
"3373","0.15345467627048492","0.15345467627048492","0.15345467627048492"
"3374","0.05712524428963661","0.05712524428963661","0.05712524428963661"
"3377","0.14968028664588928","0.14968028664588928","0.14968028664588928"
"3383","0.13165059685707092","0.13165059685707092","0.13165059685707092"
"3386","0.15805883705615997","0.15805883705615997","0.15805883705615997"
"3393","0.06791061162948608","0.06791061162948608","0.06791061162948608"
"3394","0.11383141577243805","0.11383141577243805","0.11383141577243805"
"3399","0.11447586119174957","0.11447586119174957","0.11447586119174957"
"3400","0.1888430118560791","0.1888430118560791","0.1888430118560791"
"3404","0.07294552773237228","0.07294552773237228","0.07294552773237228"
"3418","0.08851177245378494","0.08851177245378494","0.08851177245378494"
"3420","0.11429323256015778","0.11429323256015778","0.11429323256015778"
"3422","0.13089445233345032","0.13089445233345032","0.13089445233345032"
"3424","0.07445788383483887","0.07445788383483887","0.07445788383483887"
"3430","0.1589684784412384","0.1589684784412384","0.1589684784412384"
"3431","0.11615124344825745","0.11615124344825745","0.11615124344825745"
"3442","0.11815774440765381","0.11815774440765381","0.11815774440765381"
"3445","0.12541086971759796","0.12541086971759796","0.12541086971759796"
"3447","0.13333122432231903","0.13333122432231903","0.13333122432231903"
"3452","0.10088467597961426","0.10088467597961426","0.10088467597961426"
"3472","0.10855470597743988","0.10855470597743988","0.10855470597743988"
"3473","0.1830722689628601","0.1830722689628601","0.1830722689628601"
"3484","0.09411442279815674","0.09411442279815674","0.09411442279815674"
"3486","0.12360235303640366","0.12360235303640366","0.12360235303640366"
"3487","0.16957029700279236","0.16957029700279236","0.16957029700279236"
"3490","0.0595540776848793","0.0595540776848793","0.0595540776848793"
"3493","0.16905242204666138","0.16905242204666138","0.16905242204666138"
"3494","0.16468361020088196","0.16468361020088196","0.16468361020088196"
"3495","0.10220985114574432","0.10220985114574432","0.10220985114574432"
"3496","0.12641216814517975","0.12641216814517975","0.12641216814517975"
"3504","0.10556231439113617","0.10556231439113617","0.10556231439113617"
"3507","0.12759581208229065","0.12759581208229065","0.12759581208229065"
"3512","0.13042140007019043","0.13042140007019043","0.13042140007019043"
"3516","0.0966419130563736","0.0966419130563736","0.0966419130563736"
"3526","0.10402727127075195","0.10402727127075195","0.10402727127075195"
"3529","0.09231439232826233","0.09231439232826233","0.09231439232826233"
"3530","0.07240937650203705","0.07240937650203705","0.07240937650203705"
"3531","0.04882175847887993","0.04882175847887993","0.04882175847887993"
"3536","0.1393834352493286","0.1393834352493286","0.1393834352493286"
"3537","0.10979514569044113","0.10979514569044113","0.10979514569044113"
"3544","0.08603446185588837","0.08603446185588837","0.08603446185588837"
"3547","0.10452406108379364","0.10452406108379364","0.10452406108379364"
"3558","0.082384392619133","0.082384392619133","0.082384392619133"
"3564","0.15872682631015778","0.15872682631015778","0.15872682631015778"
"3567","0.12335418909788132","0.12335418909788132","0.12335418909788132"
"3572","0.10634039342403412","0.10634039342403412","0.10634039342403412"
"3576","0.1212468147277832","0.1212468147277832","0.1212468147277832"
"3578","0.09979248046875","0.09979248046875","0.09979248046875"
"3584","0.11035166680812836","0.11035166680812836","0.11035166680812836"
"3589","0.1335069239139557","0.1335069239139557","0.1335069239139557"
"3592","0.15418601036071777","0.15418601036071777","0.15418601036071777"
"3595","0.16769073903560638","0.16769073903560638","0.16769073903560638"
"3596","0.10664436966180801","0.10664436966180801","0.10664436966180801"
"3598","0.12862177193164825","0.12862177193164825","0.12862177193164825"
"3600","0.10396088659763336","0.10396088659763336","0.10396088659763336"
"3601","0.13276433944702148","0.13276433944702148","0.13276433944702148"
"3602","0.1277109682559967","0.1277109682559967","0.1277109682559967"
"3603","0.09937506914138794","0.09937506914138794","0.09937506914138794"
"3609","0.06919507682323456","0.06919507682323456","0.06919507682323456"
"3611","0.0773634985089302","0.0773634985089302","0.0773634985089302"
"3614","0.13877040147781372","0.13877040147781372","0.13877040147781372"
"3620","0.10773120820522308","0.10773120820522308","0.10773120820522308"
"3624","0.178487628698349","0.178487628698349","0.178487628698349"
"3630","0.10008927434682846","0.10008927434682846","0.10008927434682846"
"3632","0.12632539868354797","0.12632539868354797","0.12632539868354797"
"3634","0.11705508828163147","0.11705508828163147","0.11705508828163147"
"3637","0.1313597410917282","0.1313597410917282","0.1313597410917282"
"3641","0.10432051122188568","0.10432051122188568","0.10432051122188568"
"3645","0.17383942008018494","0.17383942008018494","0.17383942008018494"
"3649","0.1629713475704193","0.1629713475704193","0.1629713475704193"
"3650","0.11851617693901062","0.11851617693901062","0.11851617693901062"
"3656","0.1210390031337738","0.1210390031337738","0.1210390031337738"
"3657","0.1328991800546646","0.1328991800546646","0.1328991800546646"
"3661","0.11380983889102936","0.11380983889102936","0.11380983889102936"
"3668","0.11735286563634872","0.11735286563634872","0.11735286563634872"
"3674","0.16066430509090424","0.16066430509090424","0.16066430509090424"
"3677","0.08581480383872986","0.08581480383872986","0.08581480383872986"
"3678","0.12253132462501526","0.12253132462501526","0.12253132462501526"
"3679","0.1267966777086258","0.1267966777086258","0.1267966777086258"
"3680","0.10477562993764877","0.10477562993764877","0.10477562993764877"
"3684","0.10126104950904846","0.10126104950904846","0.10126104950904846"
"3687","0.10018756240606308","0.10018756240606308","0.10018756240606308"
"3700","0.11406441032886505","0.11406441032886505","0.11406441032886505"
"3720","0.15140008926391602","0.15140008926391602","0.15140008926391602"
"3724","0.13685721158981323","0.13685721158981323","0.13685721158981323"
"3731","0.09889449179172516","0.09889449179172516","0.09889449179172516"
"3736","0.0681009441614151","0.0681009441614151","0.0681009441614151"
"3738","0.18837857246398926","0.18837857246398926","0.18837857246398926"
"3741","0.1447647362947464","0.1447647362947464","0.1447647362947464"
"3745","0.10471096634864807","0.10471096634864807","0.10471096634864807"
"3747","0.08358676731586456","0.08358676731586456","0.08358676731586456"
"3749","0.17098823189735413","0.17098823189735413","0.17098823189735413"
"3750","0.12614628672599792","0.12614628672599792","0.12614628672599792"
"3751","0.14052769541740417","0.14052769541740417","0.14052769541740417"
"3759","0.18921038508415222","0.18921038508415222","0.18921038508415222"
"3766","0.1284596472978592","0.1284596472978592","0.1284596472978592"
"3768","0.21585190296173096","0.21585190296173096","0.21585190296173096"
"3771","0.1328672170639038","0.1328672170639038","0.1328672170639038"
"3784","0.09364734590053558","0.09364734590053558","0.09364734590053558"
"3790","0.11060567945241928","0.11060567945241928","0.11060567945241928"
"3795","0.17809849977493286","0.17809849977493286","0.17809849977493286"
"3801","0.12789231538772583","0.12789231538772583","0.12789231538772583"
"3804","0.10280923545360565","0.10280923545360565","0.10280923545360565"
"3813","0.13742205500602722","0.13742205500602722","0.13742205500602722"
"3816","0.12187152355909348","0.12187152355909348","0.12187152355909348"
"3819","0.103282630443573","0.103282630443573","0.103282630443573"
"3824","0.10740187019109726","0.10740187019109726","0.10740187019109726"
"3827","0.09424605965614319","0.09424605965614319","0.09424605965614319"
"3831","0.128882497549057","0.128882497549057","0.128882497549057"
"3837","0.09529639780521393","0.09529639780521393","0.09529639780521393"
"3839","0.11178252100944519","0.11178252100944519","0.11178252100944519"
"3841","0.08439561724662781","0.08439561724662781","0.08439561724662781"
"3850","0.07428286969661713","0.07428286969661713","0.07428286969661713"
"3851","0.09333489090204239","0.09333489090204239","0.09333489090204239"
"3858","0.07043042033910751","0.07043042033910751","0.07043042033910751"
"3862","0.1569759100675583","0.1569759100675583","0.1569759100675583"
"3869","0.1616898626089096","0.1616898626089096","0.1616898626089096"
"3871","0.11629898846149445","0.11629898846149445","0.11629898846149445"
"3872","0.04989579692482948","0.04989579692482948","0.04989579692482948"
"3879","0.14139842987060547","0.14139842987060547","0.14139842987060547"
"3880","0.16839462518692017","0.16839462518692017","0.16839462518692017"
"3882","0.0407467857003212","0.0407467857003212","0.0407467857003212"
"3884","0.1264227330684662","0.1264227330684662","0.1264227330684662"
"3888","0.18860256671905518","0.18860256671905518","0.18860256671905518"
"3890","0.09822773933410645","0.09822773933410645","0.09822773933410645"
"3893","0.14593017101287842","0.14593017101287842","0.14593017101287842"
"3895","0.09493836760520935","0.09493836760520935","0.09493836760520935"
"3898","0.09085138142108917","0.09085138142108917","0.09085138142108917"
"3905","0.14190836250782013","0.14190836250782013","0.14190836250782013"
"3911","0.09189203381538391","0.09189203381538391","0.09189203381538391"
"3915","0.18034695088863373","0.18034695088863373","0.18034695088863373"
"3921","0.07517428696155548","0.07517428696155548","0.07517428696155548"
"3922","0.11723189800977707","0.11723189800977707","0.11723189800977707"
"3924","0.060637131333351135","0.060637131333351135","0.060637131333351135"
"3926","0.11336545646190643","0.11336545646190643","0.11336545646190643"
"3932","0.12285007536411285","0.12285007536411285","0.12285007536411285"
"3933","0.07752938568592072","0.07752938568592072","0.07752938568592072"
"3935","0.10598081350326538","0.10598081350326538","0.10598081350326538"
"3938","0.11781725287437439","0.11781725287437439","0.11781725287437439"
"3943","0.13676348328590393","0.13676348328590393","0.13676348328590393"
"3945","0.0896713137626648","0.0896713137626648","0.0896713137626648"
"3951","0.10186901688575745","0.10186901688575745","0.10186901688575745"
"3952","0.09796410799026489","0.09796410799026489","0.09796410799026489"
"3954","0.1313895434141159","0.1313895434141159","0.1313895434141159"
"3956","0.15060031414031982","0.15060031414031982","0.15060031414031982"
"3959","0.04644761607050896","0.04644761607050896","0.04644761607050896"
"3962","0.12963853776454926","0.12963853776454926","0.12963853776454926"
"3967","0.19235552847385406","0.19235552847385406","0.19235552847385406"
"3969","0.11307163536548615","0.11307163536548615","0.11307163536548615"
"3975","0.13727910816669464","0.13727910816669464","0.13727910816669464"
"3977","0.14319592714309692","0.14319592714309692","0.14319592714309692"
"3979","0.08481485396623611","0.08481485396623611","0.08481485396623611"
"3982","0.12446829676628113","0.12446829676628113","0.12446829676628113"
"3994","0.17156481742858887","0.17156481742858887","0.17156481742858887"
"3999","0.10631684958934784","0.10631684958934784","0.10631684958934784"
"4001","0.08807293325662613","0.08807293325662613","0.08807293325662613"
"4003","0.1126856654882431","0.1126856654882431","0.1126856654882431"
"4010","0.09383179992437363","0.09383179992437363","0.09383179992437363"
"4013","0.06581518054008484","0.06581518054008484","0.06581518054008484"
"4017","0.15283730626106262","0.15283730626106262","0.15283730626106262"
"4022","0.12110577523708344","0.12110577523708344","0.12110577523708344"
"4026","0.16527441143989563","0.16527441143989563","0.16527441143989563"
"4030","0.13251541554927826","0.13251541554927826","0.13251541554927826"
"4033","0.07263170182704926","0.07263170182704926","0.07263170182704926"
"4041","0.11907284706830978","0.11907284706830978","0.11907284706830978"
"4055","0.09549172222614288","0.09549172222614288","0.09549172222614288"
"4067","0.18964457511901855","0.18964457511901855","0.18964457511901855"
"4075","0.1222667321562767","0.1222667321562767","0.1222667321562767"
"4092","0.21528717875480652","0.21528717875480652","0.21528717875480652"
"4101","0.09336649626493454","0.09336649626493454","0.09336649626493454"
"4102","0.13149894773960114","0.13149894773960114","0.13149894773960114"
"4103","0.14150987565517426","0.14150987565517426","0.14150987565517426"
"4105","0.11449268460273743","0.11449268460273743","0.11449268460273743"
"4106","0.17763863503932953","0.17763863503932953","0.17763863503932953"
"4115","0.15331608057022095","0.15331608057022095","0.15331608057022095"
"4116","0.10841336846351624","0.10841336846351624","0.10841336846351624"
"4127","0.09931769967079163","0.09931769967079163","0.09931769967079163"
"4132","0.16233591735363007","0.16233591735363007","0.16233591735363007"
"4141","0.09011858701705933","0.09011858701705933","0.09011858701705933"
"4142","0.1038670688867569","0.1038670688867569","0.1038670688867569"
"4148","0.11012312769889832","0.11012312769889832","0.11012312769889832"
"4149","0.13308009505271912","0.13308009505271912","0.13308009505271912"
"4152","0.11292868852615356","0.11292868852615356","0.11292868852615356"
"4163","0.1043660119175911","0.1043660119175911","0.1043660119175911"
"4164","0.18086093664169312","0.18086093664169312","0.18086093664169312"
"4176","0.1120254173874855","0.1120254173874855","0.1120254173874855"
"4178","0.11429543793201447","0.11429543793201447","0.11429543793201447"
"4182","0.131250262260437","0.131250262260437","0.131250262260437"
"4185","0.11967142671346664","0.11967142671346664","0.11967142671346664"
"4189","0.08095087110996246","0.08095087110996246","0.08095087110996246"
"4198","0.11444519460201263","0.11444519460201263","0.11444519460201263"
"4199","0.07843279838562012","0.07843279838562012","0.07843279838562012"
"4204","0.12156664580106735","0.12156664580106735","0.12156664580106735"
"4211","0.07942825555801392","0.07942825555801392","0.07942825555801392"
"4213","0.13960687816143036","0.13960687816143036","0.13960687816143036"
"4214","0.12080976366996765","0.12080976366996765","0.12080976366996765"
"4223","0.11750544607639313","0.11750544607639313","0.11750544607639313"
"4230","0.09428413957357407","0.09428413957357407","0.09428413957357407"
"4245","0.08706553280353546","0.08706553280353546","0.08706553280353546"
"4248","0.097889244556427","0.097889244556427","0.097889244556427"
"4252","0.11754479259252548","0.11754479259252548","0.11754479259252548"
"4271","0.11807052791118622","0.11807052791118622","0.11807052791118622"
"4273","0.15165287256240845","0.15165287256240845","0.15165287256240845"
"4276","0.16427050530910492","0.16427050530910492","0.16427050530910492"
"4282","0.12832121551036835","0.12832121551036835","0.12832121551036835"
"4296","0.14092576503753662","0.14092576503753662","0.14092576503753662"
"4298","0.08248484134674072","0.08248484134674072","0.08248484134674072"
"4309","0.11049458384513855","0.11049458384513855","0.11049458384513855"
"4315","0.12718793749809265","0.12718793749809265","0.12718793749809265"
"4319","0.1812521517276764","0.1812521517276764","0.1812521517276764"
"4322","0.08618824183940887","0.08618824183940887","0.08618824183940887"
"4327","0.07288336008787155","0.07288336008787155","0.07288336008787155"
"4329","0.1506667137145996","0.1506667137145996","0.1506667137145996"
"4330","0.11354148387908936","0.11354148387908936","0.11354148387908936"
"4338","0.17887333035469055","0.17887333035469055","0.17887333035469055"
"4339","0.07861100882291794","0.07861100882291794","0.07861100882291794"
"4342","0.19998927414417267","0.19998927414417267","0.19998927414417267"
"4345","0.06420302391052246","0.06420302391052246","0.06420302391052246"
"4346","0.11354699730873108","0.11354699730873108","0.11354699730873108"
"4350","0.08416377007961273","0.08416377007961273","0.08416377007961273"
"4359","0.14618226885795593","0.14618226885795593","0.14618226885795593"
"4360","0.08452486991882324","0.08452486991882324","0.08452486991882324"
"4370","0.10514272004365921","0.10514272004365921","0.10514272004365921"
"4378","0.09995169937610626","0.09995169937610626","0.09995169937610626"
"4380","0.1235366016626358","0.1235366016626358","0.1235366016626358"
"4385","0.11375805735588074","0.11375805735588074","0.11375805735588074"
"4393","0.12113946676254272","0.12113946676254272","0.12113946676254272"
"4403","0.062239326536655426","0.062239326536655426","0.062239326536655426"
"4405","0.08890563249588013","0.08890563249588013","0.08890563249588013"
"4406","0.1492919921875","0.1492919921875","0.1492919921875"
"4407","0.10747238993644714","0.10747238993644714","0.10747238993644714"
"4409","0.12146839499473572","0.12146839499473572","0.12146839499473572"
"4412","0.13882265985012054","0.13882265985012054","0.13882265985012054"
"4414","0.0650019645690918","0.0650019645690918","0.0650019645690918"
"4416","0.11927393078804016","0.11927393078804016","0.11927393078804016"
"4421","0.06401876360177994","0.06401876360177994","0.06401876360177994"
"4425","0.12831634283065796","0.12831634283065796","0.12831634283065796"
"4426","0.07027880847454071","0.07027880847454071","0.07027880847454071"
"4430","0.13595792651176453","0.13595792651176453","0.13595792651176453"
"4438","0.07228946685791016","0.07228946685791016","0.07228946685791016"
"4444","0.03301059082150459","0.03301059082150459","0.03301059082150459"
"4446","0.15811225771903992","0.15811225771903992","0.15811225771903992"
"4448","0.07913661748170853","0.07913661748170853","0.07913661748170853"
"4449","0.13238264620304108","0.13238264620304108","0.13238264620304108"
"4454","0.12199891358613968","0.12199891358613968","0.12199891358613968"
"4466","0.09783925116062164","0.09783925116062164","0.09783925116062164"
"4469","0.12856143712997437","0.12856143712997437","0.12856143712997437"
"4479","0.0992976650595665","0.0992976650595665","0.0992976650595665"
"4482","0.10777808725833893","0.10777808725833893","0.10777808725833893"
"4487","0.13344815373420715","0.13344815373420715","0.13344815373420715"
"4488","0.08134117722511292","0.08134117722511292","0.08134117722511292"
"4490","0.1155039370059967","0.1155039370059967","0.1155039370059967"
"4492","0.14229413866996765","0.14229413866996765","0.14229413866996765"
"4495","0.10758896917104721","0.10758896917104721","0.10758896917104721"
"4503","0.1310015320777893","0.1310015320777893","0.1310015320777893"
"4504","0.09690500050783157","0.09690500050783157","0.09690500050783157"
"4506","0.10255493968725204","0.10255493968725204","0.10255493968725204"
"4511","0.14791105687618256","0.14791105687618256","0.14791105687618256"
"4513","0.08811798691749573","0.08811798691749573","0.08811798691749573"
"4523","0.10334576666355133","0.10334576666355133","0.10334576666355133"
"4524","0.15275722742080688","0.15275722742080688","0.15275722742080688"
"4527","0.11901137232780457","0.11901137232780457","0.11901137232780457"
"4528","0.12055793404579163","0.12055793404579163","0.12055793404579163"
"4535","0.2210143357515335","0.2210143357515335","0.2210143357515335"
"4540","0.0667138546705246","0.0667138546705246","0.0667138546705246"
"4548","0.11211185157299042","0.11211185157299042","0.11211185157299042"
"4554","0.12041501700878143","0.12041501700878143","0.12041501700878143"
"4560","0.12242089956998825","0.12242089956998825","0.12242089956998825"
"4561","0.21079610288143158","0.21079610288143158","0.21079610288143158"
"4565","0.1477944701910019","0.1477944701910019","0.1477944701910019"
"4578","0.12055524438619614","0.12055524438619614","0.12055524438619614"
"4580","0.1258123517036438","0.1258123517036438","0.1258123517036438"
"4582","0.0674007311463356","0.0674007311463356","0.0674007311463356"
"4583","0.16166448593139648","0.16166448593139648","0.16166448593139648"
"4588","0.12428174167871475","0.12428174167871475","0.12428174167871475"
"4597","0.15272042155265808","0.15272042155265808","0.15272042155265808"
"4607","0.1550438106060028","0.1550438106060028","0.1550438106060028"
"4608","0.11539909243583679","0.11539909243583679","0.11539909243583679"
"4610","0.14564529061317444","0.14564529061317444","0.14564529061317444"
"4619","0.10430186241865158","0.10430186241865158","0.10430186241865158"
"4628","0.08740870654582977","0.08740870654582977","0.08740870654582977"
"4632","0.0803612545132637","0.0803612545132637","0.0803612545132637"
"4638","0.09836120903491974","0.09836120903491974","0.09836120903491974"
"4640","0.09025142341852188","0.09025142341852188","0.09025142341852188"
"4648","0.1441158950328827","0.1441158950328827","0.1441158950328827"
"4649","0.1328766793012619","0.1328766793012619","0.1328766793012619"
"4651","0.14116770029067993","0.14116770029067993","0.14116770029067993"
"4652","0.09857991337776184","0.09857991337776184","0.09857991337776184"
"4654","0.1398262083530426","0.1398262083530426","0.1398262083530426"
"4659","0.1484111249446869","0.1484111249446869","0.1484111249446869"
"4660","0.12560859322547913","0.12560859322547913","0.12560859322547913"
"4662","0.10229147970676422","0.10229147970676422","0.10229147970676422"
"4667","0.07150260359048843","0.07150260359048843","0.07150260359048843"
"4673","0.15083864331245422","0.15083864331245422","0.15083864331245422"
"4674","0.06337649375200272","0.06337649375200272","0.06337649375200272"
"4675","0.1549554318189621","0.1549554318189621","0.1549554318189621"
"4677","0.1129705011844635","0.1129705011844635","0.1129705011844635"
"4678","0.18335998058319092","0.18335998058319092","0.18335998058319092"
"4690","0.1687273234128952","0.1687273234128952","0.1687273234128952"
"4695","0.11401663720607758","0.11401663720607758","0.11401663720607758"
"4697","0.14102643728256226","0.14102643728256226","0.14102643728256226"
"4706","0.07659882307052612","0.07659882307052612","0.07659882307052612"
"4709","0.08141481131315231","0.08141481131315231","0.08141481131315231"
"4716","0.12919503450393677","0.12919503450393677","0.12919503450393677"
"4727","0.12930157780647278","0.12930157780647278","0.12930157780647278"
"4728","0.16805200278759003","0.16805200278759003","0.16805200278759003"
"4730","0.08353584259748459","0.08353584259748459","0.08353584259748459"
"4735","0.1146472692489624","0.1146472692489624","0.1146472692489624"
"4736","0.12379460036754608","0.12379460036754608","0.12379460036754608"
"4751","0.09047392755746841","0.09047392755746841","0.09047392755746841"
"4753","0.14902669191360474","0.14902669191360474","0.14902669191360474"
"4757","0.06625589728355408","0.06625589728355408","0.06625589728355408"
"4759","0.11901168525218964","0.11901168525218964","0.11901168525218964"
"4763","0.14475205540657043","0.14475205540657043","0.14475205540657043"
"4764","0.12092003226280212","0.12092003226280212","0.12092003226280212"
"4773","0.09254215657711029","0.09254215657711029","0.09254215657711029"
"4774","0.12790217995643616","0.12790217995643616","0.12790217995643616"
"4775","0.10973397642374039","0.10973397642374039","0.10973397642374039"
"4776","0.1406809240579605","0.1406809240579605","0.1406809240579605"
"4779","0.15025687217712402","0.15025687217712402","0.15025687217712402"
"4791","0.09835248440504074","0.09835248440504074","0.09835248440504074"
"4800","0.10418936610221863","0.10418936610221863","0.10418936610221863"
"4801","0.10323801636695862","0.10323801636695862","0.10323801636695862"
"4819","0.1848953813314438","0.1848953813314438","0.1848953813314438"
"4823","0.06170870363712311","0.06170870363712311","0.06170870363712311"
"4839","0.14253433048725128","0.14253433048725128","0.14253433048725128"
"4840","0.16260328888893127","0.16260328888893127","0.16260328888893127"
"4846","0.15230929851531982","0.15230929851531982","0.15230929851531982"
"4861","0.09031180292367935","0.09031180292367935","0.09031180292367935"
"4871","0.08010635524988174","0.08010635524988174","0.08010635524988174"
"4876","0.11862695962190628","0.11862695962190628","0.11862695962190628"
"4891","0.11643662303686142","0.11643662303686142","0.11643662303686142"
"4894","0.14518781006336212","0.14518781006336212","0.14518781006336212"
"4897","0.19897793233394623","0.19897793233394623","0.19897793233394623"
"4902","0.06767567992210388","0.06767567992210388","0.06767567992210388"
"4907","0.11878574639558792","0.11878574639558792","0.11878574639558792"
"4910","0.14278241991996765","0.14278241991996765","0.14278241991996765"
"4912","0.12411980330944061","0.12411980330944061","0.12411980330944061"
"4918","0.08794750273227692","0.08794750273227692","0.08794750273227692"
"4919","0.1329566240310669","0.1329566240310669","0.1329566240310669"
"4920","0.1078997403383255","0.1078997403383255","0.1078997403383255"
"4924","0.1148562803864479","0.1148562803864479","0.1148562803864479"
"4926","0.18230175971984863","0.18230175971984863","0.18230175971984863"
"4936","0.06981692463159561","0.06981692463159561","0.06981692463159561"
"4938","0.1021028459072113","0.1021028459072113","0.1021028459072113"
"4941","0.16292959451675415","0.16292959451675415","0.16292959451675415"
"4943","0.09023880958557129","0.09023880958557129","0.09023880958557129"
"4944","0.15030211210250854","0.15030211210250854","0.15030211210250854"
"4951","0.11702529340982437","0.11702529340982437","0.11702529340982437"
"4952","0.15301667153835297","0.15301667153835297","0.15301667153835297"
"4958","0.06412650644779205","0.06412650644779205","0.06412650644779205"
"4964","0.08821029961109161","0.08821029961109161","0.08821029961109161"
"4968","0.10752169042825699","0.10752169042825699","0.10752169042825699"
"4969","0.10388974845409393","0.10388974845409393","0.10388974845409393"
"4975","0.16392835974693298","0.16392835974693298","0.16392835974693298"
"4980","0.10767504572868347","0.10767504572868347","0.10767504572868347"
"4984","0.14947651326656342","0.14947651326656342","0.14947651326656342"
"4995","0.08070617914199829","0.08070617914199829","0.08070617914199829"
"4999","0.13015756011009216","0.13015756011009216","0.13015756011009216"
"5001","0.15981552004814148","0.15981552004814148","0.15981552004814148"
"5005","0.12423700839281082","0.12423700839281082","0.12423700839281082"
"5016","0.10936284065246582","0.10936284065246582","0.10936284065246582"
"5020","0.1735527515411377","0.1735527515411377","0.1735527515411377"
"5022","0.13762320578098297","0.13762320578098297","0.13762320578098297"
"5025","0.10440056025981903","0.10440056025981903","0.10440056025981903"
"5036","0.16986170411109924","0.16986170411109924","0.16986170411109924"
"5038","0.07746781408786774","0.07746781408786774","0.07746781408786774"
"5039","0.09124746918678284","0.09124746918678284","0.09124746918678284"
"5041","0.16365644335746765","0.16365644335746765","0.16365644335746765"
"5042","0.11226287484169006","0.11226287484169006","0.11226287484169006"
"5049","0.14736925065517426","0.14736925065517426","0.14736925065517426"
"5052","0.0865301787853241","0.0865301787853241","0.0865301787853241"
"5054","0.10679212212562561","0.10679212212562561","0.10679212212562561"
"5057","0.20034117996692657","0.20034117996692657","0.20034117996692657"
"5061","0.09651991724967957","0.09651991724967957","0.09651991724967957"
"5063","0.08695857971906662","0.08695857971906662","0.08695857971906662"
"5066","0.11473521590232849","0.11473521590232849","0.11473521590232849"
"5075","0.1090681254863739","0.1090681254863739","0.1090681254863739"
"5077","0.08117228001356125","0.08117228001356125","0.08117228001356125"
"5079","0.12654316425323486","0.12654316425323486","0.12654316425323486"
"5087","0.11393719911575317","0.11393719911575317","0.11393719911575317"
"5092","0.06291480362415314","0.06291480362415314","0.06291480362415314"
"5094","0.13408847153186798","0.13408847153186798","0.13408847153186798"
"5105","0.14336606860160828","0.14336606860160828","0.14336606860160828"
"5114","0.15210646390914917","0.15210646390914917","0.15210646390914917"
"5124","0.14273065328598022","0.14273065328598022","0.14273065328598022"
"5129","0.15223577618598938","0.15223577618598938","0.15223577618598938"
"5131","0.11368896812200546","0.11368896812200546","0.11368896812200546"
"5132","0.05796007812023163","0.05796007812023163","0.05796007812023163"
"5141","0.06614219397306442","0.06614219397306442","0.06614219397306442"
"5143","0.07907672226428986","0.07907672226428986","0.07907672226428986"
"5144","0.13156414031982422","0.13156414031982422","0.13156414031982422"
"5146","0.16481056809425354","0.16481056809425354","0.16481056809425354"
"5151","0.10234309732913971","0.10234309732913971","0.10234309732913971"
"5159","0.10900664329528809","0.10900664329528809","0.10900664329528809"
"5165","0.10782278329133987","0.10782278329133987","0.10782278329133987"
"5168","0.07672296464443207","0.07672296464443207","0.07672296464443207"
"5169","0.13219909369945526","0.13219909369945526","0.13219909369945526"
"5171","0.08916614949703217","0.08916614949703217","0.08916614949703217"
"5173","0.07116934657096863","0.07116934657096863","0.07116934657096863"
"5180","0.10073208063840866","0.10073208063840866","0.10073208063840866"
"5183","0.13349822163581848","0.13349822163581848","0.13349822163581848"
"5184","0.16043683886528015","0.16043683886528015","0.16043683886528015"
"5192","0.13633646070957184","0.13633646070957184","0.13633646070957184"
"5202","0.10765906423330307","0.10765906423330307","0.10765906423330307"
"5208","0.07256923615932465","0.07256923615932465","0.07256923615932465"
"5211","0.09867462515830994","0.09867462515830994","0.09867462515830994"
"5219","0.14159657061100006","0.14159657061100006","0.14159657061100006"
"5234","0.09819716215133667","0.09819716215133667","0.09819716215133667"
"5240","0.06628216803073883","0.06628216803073883","0.06628216803073883"
"5241","0.09159362316131592","0.09159362316131592","0.09159362316131592"
"5243","0.12355213612318039","0.12355213612318039","0.12355213612318039"
"5249","0.0903986394405365","0.0903986394405365","0.0903986394405365"
"5256","0.1272096484899521","0.1272096484899521","0.1272096484899521"
"5261","0.1837153285741806","0.1837153285741806","0.1837153285741806"
"5262","0.1299181431531906","0.1299181431531906","0.1299181431531906"
"5267","0.14400866627693176","0.14400866627693176","0.14400866627693176"
"5268","0.10718300938606262","0.10718300938606262","0.10718300938606262"
"5269","0.1093941256403923","0.1093941256403923","0.1093941256403923"
"5274","0.10326208174228668","0.10326208174228668","0.10326208174228668"
"5285","0.1638481765985489","0.1638481765985489","0.1638481765985489"
"5286","0.13308781385421753","0.13308781385421753","0.13308781385421753"
"5288","0.09130755066871643","0.09130755066871643","0.09130755066871643"
"5295","0.11662130802869797","0.11662130802869797","0.11662130802869797"
"5297","0.1695398986339569","0.1695398986339569","0.1695398986339569"
"5300","0.10322621464729309","0.10322621464729309","0.10322621464729309"
"5303","0.23227187991142273","0.23227187991142273","0.23227187991142273"
"5305","0.09512265026569366","0.09512265026569366","0.09512265026569366"
"5314","0.10764492303133011","0.10764492303133011","0.10764492303133011"
"5319","0.07203534990549088","0.07203534990549088","0.07203534990549088"
"5323","0.07923825830221176","0.07923825830221176","0.07923825830221176"
"5328","0.07193303853273392","0.07193303853273392","0.07193303853273392"
"5332","0.10047508031129837","0.10047508031129837","0.10047508031129837"
"5334","0.12457510083913803","0.12457510083913803","0.12457510083913803"
"5336","0.10278385132551193","0.10278385132551193","0.10278385132551193"
"5337","0.12223609536886215","0.12223609536886215","0.12223609536886215"
"5341","0.1159190833568573","0.1159190833568573","0.1159190833568573"
"5343","0.127054363489151","0.127054363489151","0.127054363489151"
"5344","0.09288589656352997","0.09288589656352997","0.09288589656352997"
"5347","0.08456280082464218","0.08456280082464218","0.08456280082464218"
"5349","0.1765909492969513","0.1765909492969513","0.1765909492969513"
"5350","0.09699821472167969","0.09699821472167969","0.09699821472167969"
"5356","0.09935959428548813","0.09935959428548813","0.09935959428548813"
"5359","0.09514040499925613","0.09514040499925613","0.09514040499925613"
"5361","0.08659366518259048","0.08659366518259048","0.08659366518259048"
"5362","0.08037852495908737","0.08037852495908737","0.08037852495908737"
"5370","0.13767123222351074","0.13767123222351074","0.13767123222351074"
"5380","0.11575975269079208","0.11575975269079208","0.11575975269079208"
"5389","0.09623421728610992","0.09623421728610992","0.09623421728610992"
"5391","0.11009617894887924","0.11009617894887924","0.11009617894887924"
"5393","0.05196389555931091","0.05196389555931091","0.05196389555931091"
"5396","0.10089576244354248","0.10089576244354248","0.10089576244354248"
"5397","0.1635206937789917","0.1635206937789917","0.1635206937789917"
"5399","0.09431099891662598","0.09431099891662598","0.09431099891662598"
"5413","0.15366443991661072","0.15366443991661072","0.15366443991661072"
"5417","0.11546825617551804","0.11546825617551804","0.11546825617551804"
"5420","0.1401011049747467","0.1401011049747467","0.1401011049747467"
"5422","0.09360316395759583","0.09360316395759583","0.09360316395759583"
"5424","0.08482499420642853","0.08482499420642853","0.08482499420642853"
"5428","0.08263353258371353","0.08263353258371353","0.08263353258371353"
"5429","0.1649416834115982","0.1649416834115982","0.1649416834115982"
"5432","0.10719992220401764","0.10719992220401764","0.10719992220401764"
"5435","0.17290490865707397","0.17290490865707397","0.17290490865707397"
"5436","0.12714752554893494","0.12714752554893494","0.12714752554893494"
"5438","0.06086667254567146","0.06086667254567146","0.06086667254567146"
"5439","0.13183626532554626","0.13183626532554626","0.13183626532554626"
"5440","0.12764346599578857","0.12764346599578857","0.12764346599578857"
"5444","0.13104313611984253","0.13104313611984253","0.13104313611984253"
"5445","0.17447741329669952","0.17447741329669952","0.17447741329669952"
"5447","0.11621525883674622","0.11621525883674622","0.11621525883674622"
"5450","0.15489622950553894","0.15489622950553894","0.15489622950553894"
"5457","0.0678599551320076","0.0678599551320076","0.0678599551320076"
"5460","0.13248583674430847","0.13248583674430847","0.13248583674430847"
"5474","0.16475142538547516","0.16475142538547516","0.16475142538547516"
"5484","0.07026322185993195","0.07026322185993195","0.07026322185993195"
"5487","0.0645904392004013","0.0645904392004013","0.0645904392004013"
"5501","0.15977901220321655","0.15977901220321655","0.15977901220321655"
"5518","0.1770218014717102","0.1770218014717102","0.1770218014717102"
"5521","0.15554024279117584","0.15554024279117584","0.15554024279117584"
"5534","0.1271790862083435","0.1271790862083435","0.1271790862083435"
"5536","0.12142085283994675","0.12142085283994675","0.12142085283994675"
"5545","0.11627522855997086","0.11627522855997086","0.11627522855997086"
"5546","0.12403474748134613","0.12403474748134613","0.12403474748134613"
"5548","0.17898178100585938","0.17898178100585938","0.17898178100585938"
"5562","0.18250834941864014","0.18250834941864014","0.18250834941864014"
"5571","0.1532759666442871","0.1532759666442871","0.1532759666442871"
"5582","0.06798391044139862","0.06798391044139862","0.06798391044139862"
"5584","0.09640249609947205","0.09640249609947205","0.09640249609947205"
"5588","0.09188999980688095","0.09188999980688095","0.09188999980688095"
"5589","0.10849649459123611","0.10849649459123611","0.10849649459123611"
"5593","0.1165517121553421","0.1165517121553421","0.1165517121553421"
"5594","0.1193552017211914","0.1193552017211914","0.1193552017211914"
"5597","0.1568852961063385","0.1568852961063385","0.1568852961063385"
"5605","0.0742323249578476","0.0742323249578476","0.0742323249578476"
"5609","0.14654703438282013","0.14654703438282013","0.14654703438282013"
"5614","0.12055661529302597","0.12055661529302597","0.12055661529302597"
"5615","0.10873700678348541","0.10873700678348541","0.10873700678348541"
"5617","0.14432024955749512","0.14432024955749512","0.14432024955749512"
"5622","0.13838182389736176","0.13838182389736176","0.13838182389736176"
"5626","0.13258785009384155","0.13258785009384155","0.13258785009384155"
"5629","0.11269409209489822","0.11269409209489822","0.11269409209489822"
"5630","0.14955514669418335","0.14955514669418335","0.14955514669418335"
"5635","0.09284882992506027","0.09284882992506027","0.09284882992506027"
"5641","0.11548840999603271","0.11548840999603271","0.11548840999603271"
"5645","0.13478398323059082","0.13478398323059082","0.13478398323059082"
"5646","0.09417065978050232","0.09417065978050232","0.09417065978050232"
"5649","0.17565687000751495","0.17565687000751495","0.17565687000751495"
"5654","0.10428798198699951","0.10428798198699951","0.10428798198699951"
"5662","0.07648498564958572","0.07648498564958572","0.07648498564958572"
"5665","0.08132712543010712","0.08132712543010712","0.08132712543010712"
"5682","0.08967483788728714","0.08967483788728714","0.08967483788728714"
"5684","0.08513952791690826","0.08513952791690826","0.08513952791690826"
"5686","0.15608465671539307","0.15608465671539307","0.15608465671539307"
"5695","0.12741845846176147","0.12741845846176147","0.12741845846176147"
"5711","0.05925043672323227","0.05925043672323227","0.05925043672323227"
"5715","0.061465200036764145","0.061465200036764145","0.061465200036764145"
"5722","0.12645651400089264","0.12645651400089264","0.12645651400089264"
"5742","0.0893125906586647","0.0893125906586647","0.0893125906586647"
"5745","0.08141639083623886","0.08141639083623886","0.08141639083623886"
"5754","0.08561420440673828","0.08561420440673828","0.08561420440673828"
"5756","0.130707785487175","0.130707785487175","0.130707785487175"
"5757","0.19267190992832184","0.19267190992832184","0.19267190992832184"
"5758","0.1304299235343933","0.1304299235343933","0.1304299235343933"
"5761","0.11342364549636841","0.11342364549636841","0.11342364549636841"
"5765","0.1266324818134308","0.1266324818134308","0.1266324818134308"
"5766","0.06164053827524185","0.06164053827524185","0.06164053827524185"
"5770","0.0663873478770256","0.0663873478770256","0.0663873478770256"
"5773","0.11516904830932617","0.11516904830932617","0.11516904830932617"
"5774","0.09032727032899857","0.09032727032899857","0.09032727032899857"
"5779","0.102394238114357","0.102394238114357","0.102394238114357"
"5786","0.0987890362739563","0.0987890362739563","0.0987890362739563"
"5796","0.11604680120944977","0.11604680120944977","0.11604680120944977"
"5797","0.14276187121868134","0.14276187121868134","0.14276187121868134"
"5801","0.14003802835941315","0.14003802835941315","0.14003802835941315"
"5802","0.10507189482450485","0.10507189482450485","0.10507189482450485"
"5808","0.16325287520885468","0.16325287520885468","0.16325287520885468"
"5818","0.09713510423898697","0.09713510423898697","0.09713510423898697"
"5825","0.09520461410284042","0.09520461410284042","0.09520461410284042"
"5831","0.1294354796409607","0.1294354796409607","0.1294354796409607"
"5836","0.08508749306201935","0.08508749306201935","0.08508749306201935"
"5848","0.08916384726762772","0.08916384726762772","0.08916384726762772"
"5849","0.13506074249744415","0.13506074249744415","0.13506074249744415"
"5853","0.07868970930576324","0.07868970930576324","0.07868970930576324"
"5856","0.07651233673095703","0.07651233673095703","0.07651233673095703"
"5864","0.07758664339780807","0.07758664339780807","0.07758664339780807"
"5868","0.10416004061698914","0.10416004061698914","0.10416004061698914"
"5877","0.04469811171293259","0.04469811171293259","0.04469811171293259"
"5880","0.14970509707927704","0.14970509707927704","0.14970509707927704"
"5884","0.15442737936973572","0.15442737936973572","0.15442737936973572"
"5887","0.10731706023216248","0.10731706023216248","0.10731706023216248"
"5890","0.10639503598213196","0.10639503598213196","0.10639503598213196"
"5891","0.09075450897216797","0.09075450897216797","0.09075450897216797"
"5902","0.08996471017599106","0.08996471017599106","0.08996471017599106"
"5905","0.1148935928940773","0.1148935928940773","0.1148935928940773"
"5909","0.1477600634098053","0.1477600634098053","0.1477600634098053"
"5910","0.1331682652235031","0.1331682652235031","0.1331682652235031"
"5916","0.1440039575099945","0.1440039575099945","0.1440039575099945"
"5921","0.09528011828660965","0.09528011828660965","0.09528011828660965"
"5923","0.16445651650428772","0.16445651650428772","0.16445651650428772"
"5928","0.051008440554142","0.051008440554142","0.051008440554142"
"5931","0.15471209585666656","0.15471209585666656","0.15471209585666656"
"5937","0.07861147075891495","0.07861147075891495","0.07861147075891495"
"5938","0.08058483153581619","0.08058483153581619","0.08058483153581619"
"5941","0.19815275073051453","0.19815275073051453","0.19815275073051453"
"5943","0.16279789805412292","0.16279789805412292","0.16279789805412292"
"5945","0.0694049745798111","0.0694049745798111","0.0694049745798111"
"5948","0.09662977606058121","0.09662977606058121","0.09662977606058121"
"5957","0.21565574407577515","0.21565574407577515","0.21565574407577515"
"5960","0.14328841865062714","0.14328841865062714","0.14328841865062714"
"5967","0.10794100165367126","0.10794100165367126","0.10794100165367126"
"5969","0.1113143116235733","0.1113143116235733","0.1113143116235733"
"5973","0.11453445255756378","0.11453445255756378","0.11453445255756378"
"5976","0.08640675246715546","0.08640675246715546","0.08640675246715546"
"5979","0.1250545084476471","0.1250545084476471","0.1250545084476471"
"5980","0.0836872011423111","0.0836872011423111","0.0836872011423111"
"5997","0.10410203039646149","0.10410203039646149","0.10410203039646149"
"6001","0.06508449465036392","0.06508449465036392","0.06508449465036392"
"6008","0.16479390859603882","0.16479390859603882","0.16479390859603882"
"6024","0.09358435869216919","0.09358435869216919","0.09358435869216919"
"6025","0.14475294947624207","0.14475294947624207","0.14475294947624207"
"6027","0.14541016519069672","0.14541016519069672","0.14541016519069672"
"6032","0.07748593389987946","0.07748593389987946","0.07748593389987946"
"6033","0.08251728117465973","0.08251728117465973","0.08251728117465973"
"6055","0.13126446306705475","0.13126446306705475","0.13126446306705475"
"6060","0.1794288605451584","0.1794288605451584","0.1794288605451584"
"6061","0.11898039281368256","0.11898039281368256","0.11898039281368256"
"6077","0.10473718494176865","0.10473718494176865","0.10473718494176865"
"6079","0.0736018717288971","0.0736018717288971","0.0736018717288971"
"6080","0.12350224703550339","0.12350224703550339","0.12350224703550339"
"6088","0.11429641395807266","0.11429641395807266","0.11429641395807266"
"6090","0.12978804111480713","0.12978804111480713","0.12978804111480713"
"6097","0.13599716126918793","0.13599716126918793","0.13599716126918793"
"6104","0.09243710339069366","0.09243710339069366","0.09243710339069366"
"6107","0.14526578783988953","0.14526578783988953","0.14526578783988953"
"6115","0.11346840858459473","0.11346840858459473","0.11346840858459473"
"6121","0.1312374472618103","0.1312374472618103","0.1312374472618103"
"6126","0.09909791499376297","0.09909791499376297","0.09909791499376297"
"6138","0.09929169714450836","0.09929169714450836","0.09929169714450836"
"6140","0.13100507855415344","0.13100507855415344","0.13100507855415344"
"6144","0.07422974705696106","0.07422974705696106","0.07422974705696106"
"6147","0.07818467915058136","0.07818467915058136","0.07818467915058136"
"6148","0.0823013186454773","0.0823013186454773","0.0823013186454773"
"6151","0.10542567074298859","0.10542567074298859","0.10542567074298859"
"6153","0.13438250124454498","0.13438250124454498","0.13438250124454498"
"6171","0.06753189116716385","0.06753189116716385","0.06753189116716385"
"6180","0.06934420764446259","0.06934420764446259","0.06934420764446259"
"6184","0.09004085510969162","0.09004085510969162","0.09004085510969162"
"6188","0.1699102520942688","0.1699102520942688","0.1699102520942688"
"6190","0.11649307608604431","0.11649307608604431","0.11649307608604431"
"6197","0.09497976303100586","0.09497976303100586","0.09497976303100586"
"6201","0.1039552390575409","0.1039552390575409","0.1039552390575409"
"6202","0.1003178283572197","0.1003178283572197","0.1003178283572197"
"6203","0.12530113756656647","0.12530113756656647","0.12530113756656647"
"6206","0.19509249925613403","0.19509249925613403","0.19509249925613403"
"6209","0.07803604751825333","0.07803604751825333","0.07803604751825333"
"6212","0.06284816563129425","0.06284816563129425","0.06284816563129425"
"6222","0.12426772713661194","0.12426772713661194","0.12426772713661194"
"6226","0.10399974882602692","0.10399974882602692","0.10399974882602692"
"6233","0.10532652586698532","0.10532652586698532","0.10532652586698532"
"6237","0.1365610957145691","0.1365610957145691","0.1365610957145691"
"6241","0.08694465458393097","0.08694465458393097","0.08694465458393097"
"6244","0.13888150453567505","0.13888150453567505","0.13888150453567505"
"6246","0.15341424942016602","0.15341424942016602","0.15341424942016602"
"6250","0.1737901121377945","0.1737901121377945","0.1737901121377945"
"6260","0.12770485877990723","0.12770485877990723","0.12770485877990723"
"6262","0.06961271166801453","0.06961271166801453","0.06961271166801453"
"6269","0.10989690572023392","0.10989690572023392","0.10989690572023392"
"6270","0.12941643595695496","0.12941643595695496","0.12941643595695496"
"6281","0.16463731229305267","0.16463731229305267","0.16463731229305267"
"6282","0.15940651297569275","0.15940651297569275","0.15940651297569275"
"6283","0.0688791275024414","0.0688791275024414","0.0688791275024414"
"6290","0.09231401979923248","0.09231401979923248","0.09231401979923248"
"6294","0.19707560539245605","0.19707560539245605","0.19707560539245605"
"6298","0.11428304016590118","0.11428304016590118","0.11428304016590118"
"6307","0.1526818871498108","0.1526818871498108","0.1526818871498108"
"6310","0.056049082428216934","0.056049082428216934","0.056049082428216934"
"6311","0.18814563751220703","0.18814563751220703","0.18814563751220703"
"6313","0.11158335208892822","0.11158335208892822","0.11158335208892822"
"6319","0.12188413739204407","0.12188413739204407","0.12188413739204407"
"6323","0.09901227056980133","0.09901227056980133","0.09901227056980133"
"6335","0.07003048062324524","0.07003048062324524","0.07003048062324524"
"6338","0.11933034658432007","0.11933034658432007","0.11933034658432007"
"6343","0.12461540848016739","0.12461540848016739","0.12461540848016739"
"6344","0.09943793714046478","0.09943793714046478","0.09943793714046478"
"6350","0.13123974204063416","0.13123974204063416","0.13123974204063416"
"6352","0.11598913371562958","0.11598913371562958","0.11598913371562958"
"6358","0.13065123558044434","0.13065123558044434","0.13065123558044434"
"6363","0.1270330548286438","0.1270330548286438","0.1270330548286438"
"6371","0.057987459003925323","0.057987459003925323","0.057987459003925323"
"6381","0.10554894059896469","0.10554894059896469","0.10554894059896469"
"6383","0.07692884653806686","0.07692884653806686","0.07692884653806686"
"6384","0.12430202960968018","0.12430202960968018","0.12430202960968018"
"6388","0.10091181099414825","0.10091181099414825","0.10091181099414825"
"6397","0.09680978953838348","0.09680978953838348","0.09680978953838348"
"6403","0.1314736008644104","0.1314736008644104","0.1314736008644104"
"6415","0.1356082558631897","0.1356082558631897","0.1356082558631897"
"6418","0.10054570436477661","0.10054570436477661","0.10054570436477661"
"6423","0.09147604554891586","0.09147604554891586","0.09147604554891586"
"6427","0.19060058891773224","0.19060058891773224","0.19060058891773224"
"6431","0.13435357809066772","0.13435357809066772","0.13435357809066772"
"6439","0.0932072252035141","0.0932072252035141","0.0932072252035141"
"6441","0.09037679433822632","0.09037679433822632","0.09037679433822632"
"6443","0.10686776041984558","0.10686776041984558","0.10686776041984558"
"6448","0.0925784558057785","0.0925784558057785","0.0925784558057785"
"6456","0.12053264677524567","0.12053264677524567","0.12053264677524567"
"6460","0.0975976288318634","0.0975976288318634","0.0975976288318634"
"6466","0.10418705642223358","0.10418705642223358","0.10418705642223358"
"6472","0.14291983842849731","0.14291983842849731","0.14291983842849731"
"6474","0.10050393640995026","0.10050393640995026","0.10050393640995026"
"6485","0.089695043861866","0.089695043861866","0.089695043861866"
"6487","0.09025287628173828","0.09025287628173828","0.09025287628173828"
"6491","0.09025786817073822","0.09025786817073822","0.09025786817073822"
"6495","0.13914762437343597","0.13914762437343597","0.13914762437343597"
"6496","0.1255420595407486","0.1255420595407486","0.1255420595407486"
"6511","0.09428690373897552","0.09428690373897552","0.09428690373897552"
"6512","0.07757516205310822","0.07757516205310822","0.07757516205310822"
"6516","0.07801900804042816","0.07801900804042816","0.07801900804042816"
"6521","0.09556880593299866","0.09556880593299866","0.09556880593299866"
"6523","0.12915723025798798","0.12915723025798798","0.12915723025798798"
"6526","0.10938835144042969","0.10938835144042969","0.10938835144042969"
"6527","0.10691340267658234","0.10691340267658234","0.10691340267658234"
"6535","0.14134114980697632","0.14134114980697632","0.14134114980697632"
"6536","0.09395953267812729","0.09395953267812729","0.09395953267812729"
"6537","0.12376518547534943","0.12376518547534943","0.12376518547534943"
"6539","0.09031893312931061","0.09031893312931061","0.09031893312931061"
"6540","0.14657467603683472","0.14657467603683472","0.14657467603683472"
"6552","0.12486063688993454","0.12486063688993454","0.12486063688993454"
"6553","0.1428847759962082","0.1428847759962082","0.1428847759962082"
"6556","0.1030346006155014","0.1030346006155014","0.1030346006155014"
"6557","0.11212888360023499","0.11212888360023499","0.11212888360023499"
"6563","0.11615735292434692","0.11615735292434692","0.11615735292434692"
"6566","0.09368988126516342","0.09368988126516342","0.09368988126516342"
"6576","0.10537731647491455","0.10537731647491455","0.10537731647491455"
"6579","0.15295402705669403","0.15295402705669403","0.15295402705669403"
"6580","0.1295085847377777","0.1295085847377777","0.1295085847377777"
"6583","0.07188169658184052","0.07188169658184052","0.07188169658184052"
"6584","0.17260439693927765","0.17260439693927765","0.17260439693927765"
"6586","0.0894911140203476","0.0894911140203476","0.0894911140203476"
"6596","0.09570503234863281","0.09570503234863281","0.09570503234863281"
"6604","0.09835890680551529","0.09835890680551529","0.09835890680551529"
"6607","0.150296151638031","0.150296151638031","0.150296151638031"
"6611","0.10640708357095718","0.10640708357095718","0.10640708357095718"
"6628","0.17447353899478912","0.17447353899478912","0.17447353899478912"
"6631","0.14078421890735626","0.14078421890735626","0.14078421890735626"
"6644","0.09206932038068771","0.09206932038068771","0.09206932038068771"
"6645","0.09310585260391235","0.09310585260391235","0.09310585260391235"
"6646","0.12699510157108307","0.12699510157108307","0.12699510157108307"
"6652","0.09307175874710083","0.09307175874710083","0.09307175874710083"
"6660","0.13818493485450745","0.13818493485450745","0.13818493485450745"
"6671","0.14694112539291382","0.14694112539291382","0.14694112539291382"
"6674","0.1223956048488617","0.1223956048488617","0.1223956048488617"
"6677","0.12731623649597168","0.12731623649597168","0.12731623649597168"
"6679","0.08591613173484802","0.08591613173484802","0.08591613173484802"
"6686","0.15680241584777832","0.15680241584777832","0.15680241584777832"
"6692","0.08664537221193314","0.08664537221193314","0.08664537221193314"
"6693","0.12548138201236725","0.12548138201236725","0.12548138201236725"
"6695","0.07970371842384338","0.07970371842384338","0.07970371842384338"
"6696","0.10435047745704651","0.10435047745704651","0.10435047745704651"
"6701","0.11974040418863297","0.11974040418863297","0.11974040418863297"
"6710","0.13727553188800812","0.13727553188800812","0.13727553188800812"
"6715","0.12255959212779999","0.12255959212779999","0.12255959212779999"
"6717","0.13239872455596924","0.13239872455596924","0.13239872455596924"
"6730","0.06255640089511871","0.06255640089511871","0.06255640089511871"
"6737","0.09835895895957947","0.09835895895957947","0.09835895895957947"
"6738","0.07998472452163696","0.07998472452163696","0.07998472452163696"
"6743","0.12481656670570374","0.12481656670570374","0.12481656670570374"
"6748","0.05463171750307083","0.05463171750307083","0.05463171750307083"
"6750","0.1606714278459549","0.1606714278459549","0.1606714278459549"
"6760","0.12349049746990204","0.12349049746990204","0.12349049746990204"
"6763","0.07464226335287094","0.07464226335287094","0.07464226335287094"
"6764","0.09889309108257294","0.09889309108257294","0.09889309108257294"
"6776","0.16597020626068115","0.16597020626068115","0.16597020626068115"
"6781","0.09227874130010605","0.09227874130010605","0.09227874130010605"
"6783","0.1445249617099762","0.1445249617099762","0.1445249617099762"
"6790","0.13093224167823792","0.13093224167823792","0.13093224167823792"
"6795","0.04981227219104767","0.04981227219104767","0.04981227219104767"
"6801","0.06826604902744293","0.06826604902744293","0.06826604902744293"
"6804","0.23159685730934143","0.23159685730934143","0.23159685730934143"
"6806","0.13569381833076477","0.13569381833076477","0.13569381833076477"
"6816","0.14630532264709473","0.14630532264709473","0.14630532264709473"
"6820","0.16607502102851868","0.16607502102851868","0.16607502102851868"
"6827","0.09166761487722397","0.09166761487722397","0.09166761487722397"
"6828","0.16395577788352966","0.16395577788352966","0.16395577788352966"
"6829","0.11780961602926254","0.11780961602926254","0.11780961602926254"
"6830","0.1344650834798813","0.1344650834798813","0.1344650834798813"
"6831","0.201571524143219","0.201571524143219","0.201571524143219"
"6835","0.1251625418663025","0.1251625418663025","0.1251625418663025"
"6837","0.09068304300308228","0.09068304300308228","0.09068304300308228"
"6851","0.09640324115753174","0.09640324115753174","0.09640324115753174"
"6856","0.1302724927663803","0.1302724927663803","0.1302724927663803"
"6861","0.04494679346680641","0.04494679346680641","0.04494679346680641"
"6868","0.06858713924884796","0.06858713924884796","0.06858713924884796"
"6870","0.11863957345485687","0.11863957345485687","0.11863957345485687"
"6886","0.0986337810754776","0.0986337810754776","0.0986337810754776"
"6887","0.17068248987197876","0.17068248987197876","0.17068248987197876"
"6895","0.06949231028556824","0.06949231028556824","0.06949231028556824"
"6899","0.11291366815567017","0.11291366815567017","0.11291366815567017"
"6900","0.1396702229976654","0.1396702229976654","0.1396702229976654"
"6901","0.16059088706970215","0.16059088706970215","0.16059088706970215"
"6903","0.12651313841342926","0.12651313841342926","0.12651313841342926"
"6913","0.1264331042766571","0.1264331042766571","0.1264331042766571"
"6915","0.08857420086860657","0.08857420086860657","0.08857420086860657"
"6920","0.0892016589641571","0.0892016589641571","0.0892016589641571"
"6925","0.1355465203523636","0.1355465203523636","0.1355465203523636"
"6935","0.1369341015815735","0.1369341015815735","0.1369341015815735"
"6945","0.07058794051408768","0.07058794051408768","0.07058794051408768"
"6948","0.07803001999855042","0.07803001999855042","0.07803001999855042"
"6951","0.07563575357198715","0.07563575357198715","0.07563575357198715"
"6956","0.15332560241222382","0.15332560241222382","0.15332560241222382"
"6959","0.1314283311367035","0.1314283311367035","0.1314283311367035"
"6962","0.11527185142040253","0.11527185142040253","0.11527185142040253"
"6969","0.11028695106506348","0.11028695106506348","0.11028695106506348"
"6974","0.11986688524484634","0.11986688524484634","0.11986688524484634"
"6976","0.19757524132728577","0.19757524132728577","0.19757524132728577"
"6981","0.0819522887468338","0.0819522887468338","0.0819522887468338"
"6985","0.06480973958969116","0.06480973958969116","0.06480973958969116"
"6986","0.1480829268693924","0.1480829268693924","0.1480829268693924"
"6988","0.12871137261390686","0.12871137261390686","0.12871137261390686"
"6995","0.11711680144071579","0.11711680144071579","0.11711680144071579"
"7004","0.10840307921171188","0.10840307921171188","0.10840307921171188"
"7005","0.0994027629494667","0.0994027629494667","0.0994027629494667"
"7008","0.08534403145313263","0.08534403145313263","0.08534403145313263"
"7011","0.10302258282899857","0.10302258282899857","0.10302258282899857"
"7012","0.10688208043575287","0.10688208043575287","0.10688208043575287"
"7018","0.07313022017478943","0.07313022017478943","0.07313022017478943"
"7019","0.11998824775218964","0.11998824775218964","0.11998824775218964"
"7026","0.1671498864889145","0.1671498864889145","0.1671498864889145"
"7030","0.06058470904827118","0.06058470904827118","0.06058470904827118"
"7042","0.11439073085784912","0.11439073085784912","0.11439073085784912"
"7052","0.09503601491451263","0.09503601491451263","0.09503601491451263"
"7057","0.2108888030052185","0.2108888030052185","0.2108888030052185"
"7060","0.1317361295223236","0.1317361295223236","0.1317361295223236"
"7062","0.16117599606513977","0.16117599606513977","0.16117599606513977"
"7065","0.08484254777431488","0.08484254777431488","0.08484254777431488"
"7067","0.09697453677654266","0.09697453677654266","0.09697453677654266"
"7071","0.08880029618740082","0.08880029618740082","0.08880029618740082"
"7074","0.11879574507474899","0.11879574507474899","0.11879574507474899"
"7078","0.10767919570207596","0.10767919570207596","0.10767919570207596"
"7091","0.07546781003475189","0.07546781003475189","0.07546781003475189"
"7092","0.08835148811340332","0.08835148811340332","0.08835148811340332"
"7095","0.11314117908477783","0.11314117908477783","0.11314117908477783"
"7113","0.11235681176185608","0.11235681176185608","0.11235681176185608"
"7115","0.07945100963115692","0.07945100963115692","0.07945100963115692"
"7122","0.13778619468212128","0.13778619468212128","0.13778619468212128"
"7129","0.05921245738863945","0.05921245738863945","0.05921245738863945"
"7138","0.11616107821464539","0.11616107821464539","0.11616107821464539"
"7141","0.07913394272327423","0.07913394272327423","0.07913394272327423"
"7145","0.13697096705436707","0.13697096705436707","0.13697096705436707"
"7150","0.12064757943153381","0.12064757943153381","0.12064757943153381"
"7160","0.12873513996601105","0.12873513996601105","0.12873513996601105"
"7163","0.12455481290817261","0.12455481290817261","0.12455481290817261"
"7167","0.13274653255939484","0.13274653255939484","0.13274653255939484"
"7174","0.11745527386665344","0.11745527386665344","0.11745527386665344"
"7175","0.10176311433315277","0.10176311433315277","0.10176311433315277"
"7187","0.149042010307312","0.149042010307312","0.149042010307312"
"7189","0.1367586851119995","0.1367586851119995","0.1367586851119995"
"7197","0.10707777738571167","0.10707777738571167","0.10707777738571167"
"7201","0.056274719536304474","0.056274719536304474","0.056274719536304474"
"7206","0.1545894742012024","0.1545894742012024","0.1545894742012024"
"7207","0.08804517984390259","0.08804517984390259","0.08804517984390259"
"7208","0.13519375026226044","0.13519375026226044","0.13519375026226044"
"7209","0.10892336070537567","0.10892336070537567","0.10892336070537567"
"7211","0.17354795336723328","0.17354795336723328","0.17354795336723328"
"7213","0.133739173412323","0.133739173412323","0.133739173412323"
"7215","0.11898726224899292","0.11898726224899292","0.11898726224899292"
"7227","0.1094936728477478","0.1094936728477478","0.1094936728477478"
"7237","0.0777556300163269","0.0777556300163269","0.0777556300163269"
"7239","0.1506882607936859","0.1506882607936859","0.1506882607936859"
"7240","0.1132240816950798","0.1132240816950798","0.1132240816950798"
"7242","0.1453811228275299","0.1453811228275299","0.1453811228275299"
"7246","0.08750405162572861","0.08750405162572861","0.08750405162572861"
"7248","0.11657001078128815","0.11657001078128815","0.11657001078128815"
"7249","0.11852872371673584","0.11852872371673584","0.11852872371673584"
"7261","0.10887233912944794","0.10887233912944794","0.10887233912944794"
"7265","0.15011590719223022","0.15011590719223022","0.15011590719223022"
"7270","0.1430070400238037","0.1430070400238037","0.1430070400238037"
"7275","0.08237156271934509","0.08237156271934509","0.08237156271934509"
"7276","0.10524508357048035","0.10524508357048035","0.10524508357048035"
"7279","0.15779681503772736","0.15779681503772736","0.15779681503772736"
"7287","0.1586391031742096","0.1586391031742096","0.1586391031742096"
"7293","0.11393867433071136","0.11393867433071136","0.11393867433071136"
"7294","0.06572075933218002","0.06572075933218002","0.06572075933218002"
"7296","0.12277498841285706","0.12277498841285706","0.12277498841285706"
"7297","0.06607774645090103","0.06607774645090103","0.06607774645090103"
"7299","0.07207806408405304","0.07207806408405304","0.07207806408405304"
"7300","0.08377890288829803","0.08377890288829803","0.08377890288829803"
"7302","0.11616083979606628","0.11616083979606628","0.11616083979606628"
"7309","0.0675954818725586","0.0675954818725586","0.0675954818725586"
"7316","0.11830286681652069","0.11830286681652069","0.11830286681652069"
"7326","0.0786278247833252","0.0786278247833252","0.0786278247833252"
"7330","0.07009680569171906","0.07009680569171906","0.07009680569171906"
"7331","0.1334659308195114","0.1334659308195114","0.1334659308195114"
"7333","0.08786037564277649","0.08786037564277649","0.08786037564277649"
"7341","0.07642796635627747","0.07642796635627747","0.07642796635627747"
"7345","0.13013364374637604","0.13013364374637604","0.13013364374637604"
"7346","0.07739579677581787","0.07739579677581787","0.07739579677581787"
"7350","0.18162351846694946","0.18162351846694946","0.18162351846694946"
"7356","0.12298355996608734","0.12298355996608734","0.12298355996608734"
"7358","0.1321641504764557","0.1321641504764557","0.1321641504764557"
"7362","0.11372660100460052","0.11372660100460052","0.11372660100460052"
"7365","0.1076267659664154","0.1076267659664154","0.1076267659664154"
"7374","0.11103828996419907","0.11103828996419907","0.11103828996419907"
"7379","0.14419348537921906","0.14419348537921906","0.14419348537921906"
"7384","0.11330706626176834","0.11330706626176834","0.11330706626176834"
"7385","0.05443109944462776","0.05443109944462776","0.05443109944462776"
"7390","0.14141234755516052","0.14141234755516052","0.14141234755516052"
"7391","0.18183645606040955","0.18183645606040955","0.18183645606040955"
"7392","0.0738612711429596","0.0738612711429596","0.0738612711429596"
"7401","0.13403771817684174","0.13403771817684174","0.13403771817684174"
"7417","0.11540128290653229","0.11540128290653229","0.11540128290653229"
"7423","0.10735803842544556","0.10735803842544556","0.10735803842544556"
"7429","0.17189380526542664","0.17189380526542664","0.17189380526542664"
"7432","0.12111151218414307","0.12111151218414307","0.12111151218414307"
"7442","0.0769241452217102","0.0769241452217102","0.0769241452217102"
"7452","0.12349723279476166","0.12349723279476166","0.12349723279476166"
"7455","0.07678872346878052","0.07678872346878052","0.07678872346878052"
"7458","0.12311071902513504","0.12311071902513504","0.12311071902513504"
"7460","0.16725696623325348","0.16725696623325348","0.16725696623325348"
"7465","0.09621531516313553","0.09621531516313553","0.09621531516313553"
"7473","0.0909523069858551","0.0909523069858551","0.0909523069858551"
"7499","0.09186745434999466","0.09186745434999466","0.09186745434999466"
"7507","0.0885690450668335","0.0885690450668335","0.0885690450668335"
"7510","0.07967502623796463","0.07967502623796463","0.07967502623796463"
"7513","0.13943542540073395","0.13943542540073395","0.13943542540073395"
"7515","0.10507839918136597","0.10507839918136597","0.10507839918136597"
"7519","0.1184401661157608","0.1184401661157608","0.1184401661157608"
"7521","0.13789695501327515","0.13789695501327515","0.13789695501327515"
"7524","0.15525954961776733","0.15525954961776733","0.15525954961776733"
"7537","0.09451227635145187","0.09451227635145187","0.09451227635145187"
"7539","0.15860497951507568","0.15860497951507568","0.15860497951507568"
"7540","0.1906956434249878","0.1906956434249878","0.1906956434249878"
"7548","0.18157905340194702","0.18157905340194702","0.18157905340194702"
"7559","0.13358619809150696","0.13358619809150696","0.13358619809150696"
"7560","0.10211046785116196","0.10211046785116196","0.10211046785116196"
"7567","0.10451775789260864","0.10451775789260864","0.10451775789260864"
"7568","0.08009606599807739","0.08009606599807739","0.08009606599807739"
"7573","0.09830319881439209","0.09830319881439209","0.09830319881439209"
"7575","0.09202408790588379","0.09202408790588379","0.09202408790588379"
"7576","0.08171434700489044","0.08171434700489044","0.08171434700489044"
"7579","0.16071534156799316","0.16071534156799316","0.16071534156799316"
"7588","0.19976137578487396","0.19976137578487396","0.19976137578487396"
"7592","0.09221290051937103","0.09221290051937103","0.09221290051937103"
"7593","0.135627880692482","0.135627880692482","0.135627880692482"
"7601","0.10894414782524109","0.10894414782524109","0.10894414782524109"
"7603","0.12166071683168411","0.12166071683168411","0.12166071683168411"
"7607","0.17177064716815948","0.17177064716815948","0.17177064716815948"
"7609","0.13875561952590942","0.13875561952590942","0.13875561952590942"
"7614","0.12299041450023651","0.12299041450023651","0.12299041450023651"
"7615","0.13053342700004578","0.13053342700004578","0.13053342700004578"
"7616","0.1254778802394867","0.1254778802394867","0.1254778802394867"
"7620","0.11476743221282959","0.11476743221282959","0.11476743221282959"
"7622","0.1405312418937683","0.1405312418937683","0.1405312418937683"
"7639","0.08375602960586548","0.08375602960586548","0.08375602960586548"
"7640","0.08709584176540375","0.08709584176540375","0.08709584176540375"
"7642","0.1492868810892105","0.1492868810892105","0.1492868810892105"
"7645","0.0917779952287674","0.0917779952287674","0.0917779952287674"
"7647","0.08406175673007965","0.08406175673007965","0.08406175673007965"
"7651","0.1695106029510498","0.1695106029510498","0.1695106029510498"
"7653","0.09715734422206879","0.09715734422206879","0.09715734422206879"
"7655","0.13258808851242065","0.13258808851242065","0.13258808851242065"
"7657","0.11622346937656403","0.11622346937656403","0.11622346937656403"
"7660","0.09714007377624512","0.09714007377624512","0.09714007377624512"
"7662","0.16603904962539673","0.16603904962539673","0.16603904962539673"
"7668","0.14925646781921387","0.14925646781921387","0.14925646781921387"
"7671","0.07213685661554337","0.07213685661554337","0.07213685661554337"
"7675","0.065678171813488","0.065678171813488","0.065678171813488"
"7687","0.1907215714454651","0.1907215714454651","0.1907215714454651"
"7690","0.12134510278701782","0.12134510278701782","0.12134510278701782"
"7704","0.12962649762630463","0.12962649762630463","0.12962649762630463"
"7706","0.10225912928581238","0.10225912928581238","0.10225912928581238"
"7709","0.08953868597745895","0.08953868597745895","0.08953868597745895"
"7711","0.13288000226020813","0.13288000226020813","0.13288000226020813"
"7714","0.07401405274868011","0.07401405274868011","0.07401405274868011"
"7718","0.15847349166870117","0.15847349166870117","0.15847349166870117"
"7723","0.11471216380596161","0.11471216380596161","0.11471216380596161"
"7727","0.0528130978345871","0.0528130978345871","0.0528130978345871"
"7732","0.13316810131072998","0.13316810131072998","0.13316810131072998"
"7740","0.17106132209300995","0.17106132209300995","0.17106132209300995"
"7756","0.09637066721916199","0.09637066721916199","0.09637066721916199"
"7761","0.0873783603310585","0.0873783603310585","0.0873783603310585"
"7762","0.1629074066877365","0.1629074066877365","0.1629074066877365"
"7764","0.10517078638076782","0.10517078638076782","0.10517078638076782"
"7777","0.12312430888414383","0.12312430888414383","0.12312430888414383"
"7778","0.09829417616128922","0.09829417616128922","0.09829417616128922"
"7793","0.10422125458717346","0.10422125458717346","0.10422125458717346"
"7795","0.1780034750699997","0.1780034750699997","0.1780034750699997"
"7800","0.20670422911643982","0.20670422911643982","0.20670422911643982"
"7803","0.0886843204498291","0.0886843204498291","0.0886843204498291"
"7810","0.15602383017539978","0.15602383017539978","0.15602383017539978"
"7811","0.08680503070354462","0.08680503070354462","0.08680503070354462"
"7815","0.16370874643325806","0.16370874643325806","0.16370874643325806"
"7825","0.16357186436653137","0.16357186436653137","0.16357186436653137"
"7834","0.1388038545846939","0.1388038545846939","0.1388038545846939"
"7838","0.09108153730630875","0.09108153730630875","0.09108153730630875"
"7839","0.1633377969264984","0.1633377969264984","0.1633377969264984"
"7844","0.16685011982917786","0.16685011982917786","0.16685011982917786"
"7845","0.1884191930294037","0.1884191930294037","0.1884191930294037"
"7849","0.12603236734867096","0.12603236734867096","0.12603236734867096"
"7851","0.08284261077642441","0.08284261077642441","0.08284261077642441"
"7852","0.11329151690006256","0.11329151690006256","0.11329151690006256"
"7856","0.09562486410140991","0.09562486410140991","0.09562486410140991"
"7859","0.10607340931892395","0.10607340931892395","0.10607340931892395"
"7864","0.0756913423538208","0.0756913423538208","0.0756913423538208"
"7868","0.148348867893219","0.148348867893219","0.148348867893219"
"7872","0.1883217692375183","0.1883217692375183","0.1883217692375183"
"7875","0.11727917194366455","0.11727917194366455","0.11727917194366455"
"7884","0.059207282960414886","0.059207282960414886","0.059207282960414886"
"7886","0.11096657812595367","0.11096657812595367","0.11096657812595367"
"7887","0.10276629775762558","0.10276629775762558","0.10276629775762558"
"7895","0.17557717859745026","0.17557717859745026","0.17557717859745026"
"7899","0.06838447600603104","0.06838447600603104","0.06838447600603104"
"7902","0.06528659164905548","0.06528659164905548","0.06528659164905548"
"7905","0.08511579781770706","0.08511579781770706","0.08511579781770706"
"7909","0.0950472354888916","0.0950472354888916","0.0950472354888916"
"7910","0.11463901400566101","0.11463901400566101","0.11463901400566101"
"7913","0.13107584416866302","0.13107584416866302","0.13107584416866302"
"7914","0.10993999242782593","0.10993999242782593","0.10993999242782593"
"7918","0.11721113324165344","0.11721113324165344","0.11721113324165344"
"7925","0.10635462403297424","0.10635462403297424","0.10635462403297424"
"7940","0.19180890917778015","0.19180890917778015","0.19180890917778015"
"7942","0.09188060462474823","0.09188060462474823","0.09188060462474823"
"7946","0.1020999401807785","0.1020999401807785","0.1020999401807785"
"7947","0.125761479139328","0.125761479139328","0.125761479139328"
"7954","0.11365160346031189","0.11365160346031189","0.11365160346031189"
"7955","0.13578136265277863","0.13578136265277863","0.13578136265277863"
"7963","0.06667223572731018","0.06667223572731018","0.06667223572731018"
"7966","0.06733997166156769","0.06733997166156769","0.06733997166156769"
"7968","0.1352025866508484","0.1352025866508484","0.1352025866508484"
"7973","0.10749203711748123","0.10749203711748123","0.10749203711748123"
"7974","0.22623692452907562","0.22623692452907562","0.22623692452907562"
"7993","0.12322509288787842","0.12322509288787842","0.12322509288787842"
"7995","0.08552820980548859","0.08552820980548859","0.08552820980548859"
"7997","0.07708694040775299","0.07708694040775299","0.07708694040775299"
"8005","0.1656278520822525","0.1656278520822525","0.1656278520822525"
"8009","0.10865593701601028","0.10865593701601028","0.10865593701601028"
"8019","0.2144683301448822","0.2144683301448822","0.2144683301448822"
"8023","0.1188993826508522","0.1188993826508522","0.1188993826508522"
"8024","0.07145542651414871","0.07145542651414871","0.07145542651414871"
"8037","0.11843260377645493","0.11843260377645493","0.11843260377645493"
"8051","0.13148148357868195","0.13148148357868195","0.13148148357868195"
"8053","0.10256509482860565","0.10256509482860565","0.10256509482860565"
"8056","0.11481797695159912","0.11481797695159912","0.11481797695159912"
"8060","0.18120059370994568","0.18120059370994568","0.18120059370994568"
"8065","0.09583178162574768","0.09583178162574768","0.09583178162574768"
"8067","0.13587680459022522","0.13587680459022522","0.13587680459022522"
"8068","0.09450291097164154","0.09450291097164154","0.09450291097164154"
"8074","0.17787326872348785","0.17787326872348785","0.17787326872348785"
"8082","0.09950949996709824","0.09950949996709824","0.09950949996709824"
"8089","0.10147568583488464","0.10147568583488464","0.10147568583488464"
"8091","0.16953235864639282","0.16953235864639282","0.16953235864639282"
"8093","0.19443029165267944","0.19443029165267944","0.19443029165267944"
"8096","0.09178032726049423","0.09178032726049423","0.09178032726049423"
"8097","0.07627822458744049","0.07627822458744049","0.07627822458744049"
"8102","0.10317471623420715","0.10317471623420715","0.10317471623420715"
"8107","0.11523933708667755","0.11523933708667755","0.11523933708667755"
"8109","0.18671394884586334","0.18671394884586334","0.18671394884586334"
"8112","0.13725759088993073","0.13725759088993073","0.13725759088993073"
"8113","0.1043841689825058","0.1043841689825058","0.1043841689825058"
"8119","0.07695142924785614","0.07695142924785614","0.07695142924785614"
"8120","0.056644268333911896","0.056644268333911896","0.056644268333911896"
"8130","0.19741679728031158","0.19741679728031158","0.19741679728031158"
"8134","0.06004611402750015","0.06004611402750015","0.06004611402750015"
"8136","0.12685725092887878","0.12685725092887878","0.12685725092887878"
"8137","0.1537923365831375","0.1537923365831375","0.1537923365831375"
"8140","0.23487749695777893","0.23487749695777893","0.23487749695777893"
"8144","0.151016965508461","0.151016965508461","0.151016965508461"
"8148","0.12016228586435318","0.12016228586435318","0.12016228586435318"
"8149","0.08553607761859894","0.08553607761859894","0.08553607761859894"
"8152","0.09494912624359131","0.09494912624359131","0.09494912624359131"
"8153","0.07788895070552826","0.07788895070552826","0.07788895070552826"
"8154","0.11911420524120331","0.11911420524120331","0.11911420524120331"
"8167","0.16000869870185852","0.16000869870185852","0.16000869870185852"
"8176","0.16284218430519104","0.16284218430519104","0.16284218430519104"
"8184","0.08149687200784683","0.08149687200784683","0.08149687200784683"
"8187","0.1256418377161026","0.1256418377161026","0.1256418377161026"
"8190","0.1715240329504013","0.1715240329504013","0.1715240329504013"
"8193","0.0831194519996643","0.0831194519996643","0.0831194519996643"
"8197","0.13149471580982208","0.13149471580982208","0.13149471580982208"
"8198","0.09452976286411285","0.09452976286411285","0.09452976286411285"
"8199","0.13586686551570892","0.13586686551570892","0.13586686551570892"
"8203","0.1264806091785431","0.1264806091785431","0.1264806091785431"
"8205","0.13368423283100128","0.13368423283100128","0.13368423283100128"
"8207","0.11809973418712616","0.11809973418712616","0.11809973418712616"
"8210","0.1351477950811386","0.1351477950811386","0.1351477950811386"
"8215","0.1423216462135315","0.1423216462135315","0.1423216462135315"
"8216","0.12395043671131134","0.12395043671131134","0.12395043671131134"
"8218","0.11353303492069244","0.11353303492069244","0.11353303492069244"
"8220","0.17944304645061493","0.17944304645061493","0.17944304645061493"
"8224","0.11441313475370407","0.11441313475370407","0.11441313475370407"
"8232","0.08982375264167786","0.08982375264167786","0.08982375264167786"
"8236","0.15904533863067627","0.15904533863067627","0.15904533863067627"
"8241","0.11128496378660202","0.11128496378660202","0.11128496378660202"
"8256","0.075689896941185","0.075689896941185","0.075689896941185"
"8257","0.10597507655620575","0.10597507655620575","0.10597507655620575"
"8260","0.12422282993793488","0.12422282993793488","0.12422282993793488"
"8261","0.15752139687538147","0.15752139687538147","0.15752139687538147"
"8267","0.07765091210603714","0.07765091210603714","0.07765091210603714"
"8270","0.12675920128822327","0.12675920128822327","0.12675920128822327"
"8271","0.10760905593633652","0.10760905593633652","0.10760905593633652"
"8272","0.11194470524787903","0.11194470524787903","0.11194470524787903"
"8283","0.19848774373531342","0.19848774373531342","0.19848774373531342"
"8285","0.13183361291885376","0.13183361291885376","0.13183361291885376"
"8288","0.1374441385269165","0.1374441385269165","0.1374441385269165"
"8290","0.0961511880159378","0.0961511880159378","0.0961511880159378"
"8295","0.05425897613167763","0.05425897613167763","0.05425897613167763"
"8296","0.14541973173618317","0.14541973173618317","0.14541973173618317"
"8308","0.10866252332925797","0.10866252332925797","0.10866252332925797"
"8312","0.09866851568222046","0.09866851568222046","0.09866851568222046"
"8319","0.1941114366054535","0.1941114366054535","0.1941114366054535"
"8323","0.16981925070285797","0.16981925070285797","0.16981925070285797"
"8331","0.14519581198692322","0.14519581198692322","0.14519581198692322"
"8332","0.12330323457717896","0.12330323457717896","0.12330323457717896"
"8335","0.10833322256803513","0.10833322256803513","0.10833322256803513"
"8337","0.18357321619987488","0.18357321619987488","0.18357321619987488"
"8340","0.18106026947498322","0.18106026947498322","0.18106026947498322"
"8344","0.15892791748046875","0.15892791748046875","0.15892791748046875"
"8347","0.13145947456359863","0.13145947456359863","0.13145947456359863"
"8348","0.07645173370838165","0.07645173370838165","0.07645173370838165"
"8355","0.10336725413799286","0.10336725413799286","0.10336725413799286"
"8373","0.16085626184940338","0.16085626184940338","0.16085626184940338"
"8378","0.14000195264816284","0.14000195264816284","0.14000195264816284"
"8391","0.1029379814863205","0.1029379814863205","0.1029379814863205"
"8394","0.18546828627586365","0.18546828627586365","0.18546828627586365"
"8399","0.05787343531847","0.05787343531847","0.05787343531847"
"8414","0.14966490864753723","0.14966490864753723","0.14966490864753723"
"8419","0.10656508803367615","0.10656508803367615","0.10656508803367615"
"8423","0.09206795692443848","0.09206795692443848","0.09206795692443848"
"8424","0.12932689487934113","0.12932689487934113","0.12932689487934113"
"8425","0.1188473254442215","0.1188473254442215","0.1188473254442215"
"8426","0.10919295996427536","0.10919295996427536","0.10919295996427536"
"8428","0.06965484470129013","0.06965484470129013","0.06965484470129013"
"8434","0.07681538909673691","0.07681538909673691","0.07681538909673691"
"8435","0.13686682283878326","0.13686682283878326","0.13686682283878326"
"8436","0.12293350696563721","0.12293350696563721","0.12293350696563721"
"8440","0.048645563423633575","0.048645563423633575","0.048645563423633575"
"8441","0.08140912652015686","0.08140912652015686","0.08140912652015686"
"8449","0.14099664986133575","0.14099664986133575","0.14099664986133575"
"8450","0.08551399409770966","0.08551399409770966","0.08551399409770966"
"8458","0.16575051844120026","0.16575051844120026","0.16575051844120026"
"8462","0.14068838953971863","0.14068838953971863","0.14068838953971863"
"8468","0.08396048843860626","0.08396048843860626","0.08396048843860626"
"8475","0.09194167703390121","0.09194167703390121","0.09194167703390121"
"8476","0.11077513545751572","0.11077513545751572","0.11077513545751572"
"8486","0.15994012355804443","0.15994012355804443","0.15994012355804443"
"8487","0.05751688405871391","0.05751688405871391","0.05751688405871391"
"8493","0.11962004005908966","0.11962004005908966","0.11962004005908966"
"8495","0.14209283888339996","0.14209283888339996","0.14209283888339996"
"8503","0.15401697158813477","0.15401697158813477","0.15401697158813477"
"8506","0.10153195261955261","0.10153195261955261","0.10153195261955261"
"8510","0.14423134922981262","0.14423134922981262","0.14423134922981262"
"8511","0.18600592017173767","0.18600592017173767","0.18600592017173767"
"8516","0.1552467793226242","0.1552467793226242","0.1552467793226242"
"8529","0.05775618180632591","0.05775618180632591","0.05775618180632591"
"8533","0.07835717499256134","0.07835717499256134","0.07835717499256134"
"8536","0.17592407763004303","0.17592407763004303","0.17592407763004303"
"8545","0.10897871106863022","0.10897871106863022","0.10897871106863022"
"8548","0.13614745438098907","0.13614745438098907","0.13614745438098907"
"8552","0.0799335464835167","0.0799335464835167","0.0799335464835167"
"8561","0.08062713593244553","0.08062713593244553","0.08062713593244553"
"8570","0.09520690143108368","0.09520690143108368","0.09520690143108368"
"8580","0.16584324836730957","0.16584324836730957","0.16584324836730957"
"8585","0.13164356350898743","0.13164356350898743","0.13164356350898743"
"8590","0.17971180379390717","0.17971180379390717","0.17971180379390717"
"8591","0.07371384650468826","0.07371384650468826","0.07371384650468826"
"8592","0.09783174842596054","0.09783174842596054","0.09783174842596054"
"8611","0.10274294018745422","0.10274294018745422","0.10274294018745422"
"8620","0.06653058528900146","0.06653058528900146","0.06653058528900146"
"8622","0.12463841587305069","0.12463841587305069","0.12463841587305069"
"8623","0.13675935566425323","0.13675935566425323","0.13675935566425323"
"8633","0.08443011343479156","0.08443011343479156","0.08443011343479156"
"8644","0.07515999674797058","0.07515999674797058","0.07515999674797058"
"8662","0.15772151947021484","0.15772151947021484","0.15772151947021484"
"8667","0.12055284529924393","0.12055284529924393","0.12055284529924393"
"8670","0.1605435311794281","0.1605435311794281","0.1605435311794281"
"8677","0.1396007239818573","0.1396007239818573","0.1396007239818573"
"8678","0.16591520607471466","0.16591520607471466","0.16591520607471466"
"8684","0.07420065253973007","0.07420065253973007","0.07420065253973007"
"8685","0.08781363070011139","0.08781363070011139","0.08781363070011139"
"8688","0.09718036651611328","0.09718036651611328","0.09718036651611328"
"8692","0.1557026207447052","0.1557026207447052","0.1557026207447052"
"8715","0.11268095672130585","0.11268095672130585","0.11268095672130585"
"8723","0.12154863774776459","0.12154863774776459","0.12154863774776459"
"8724","0.14353270828723907","0.14353270828723907","0.14353270828723907"
"8725","0.15002292394638062","0.15002292394638062","0.15002292394638062"
"8728","0.11487120389938354","0.11487120389938354","0.11487120389938354"
"8737","0.1303063929080963","0.1303063929080963","0.1303063929080963"
"8753","0.11115387827157974","0.11115387827157974","0.11115387827157974"
"8755","0.09318716824054718","0.09318716824054718","0.09318716824054718"
"8764","0.21370066702365875","0.21370066702365875","0.21370066702365875"
"8778","0.16538654267787933","0.16538654267787933","0.16538654267787933"
"8779","0.15733447670936584","0.15733447670936584","0.15733447670936584"
"8784","0.14621500670909882","0.14621500670909882","0.14621500670909882"
"8785","0.1527252197265625","0.1527252197265625","0.1527252197265625"
"8788","0.11801709979772568","0.11801709979772568","0.11801709979772568"
"8792","0.10334648191928864","0.10334648191928864","0.10334648191928864"
"8815","0.10221387445926666","0.10221387445926666","0.10221387445926666"
"8816","0.09386077523231506","0.09386077523231506","0.09386077523231506"
"8817","0.11482541263103485","0.11482541263103485","0.11482541263103485"
"8825","0.12827152013778687","0.12827152013778687","0.12827152013778687"
"8826","0.17056888341903687","0.17056888341903687","0.17056888341903687"
"8835","0.13919591903686523","0.13919591903686523","0.13919591903686523"
"8844","0.12811902165412903","0.12811902165412903","0.12811902165412903"
"8847","0.11845815926790237","0.11845815926790237","0.11845815926790237"
"8857","0.10735775530338287","0.10735775530338287","0.10735775530338287"
"8862","0.09225812554359436","0.09225812554359436","0.09225812554359436"
"8864","0.14701151847839355","0.14701151847839355","0.14701151847839355"
"8870","0.09955844283103943","0.09955844283103943","0.09955844283103943"
"8872","0.11040065437555313","0.11040065437555313","0.11040065437555313"
"8874","0.1325090378522873","0.1325090378522873","0.1325090378522873"
"8879","0.11151856184005737","0.11151856184005737","0.11151856184005737"
"8882","0.15585321187973022","0.15585321187973022","0.15585321187973022"
"8887","0.08860452473163605","0.08860452473163605","0.08860452473163605"
"8896","0.07674232125282288","0.07674232125282288","0.07674232125282288"
"8898","0.10537802428007126","0.10537802428007126","0.10537802428007126"
"8901","0.11554363369941711","0.11554363369941711","0.11554363369941711"
"8907","0.12146361172199249","0.12146361172199249","0.12146361172199249"
"8917","0.1260329782962799","0.1260329782962799","0.1260329782962799"
"8920","0.12949343025684357","0.12949343025684357","0.12949343025684357"
"8921","0.14181125164031982","0.14181125164031982","0.14181125164031982"
"8924","0.16904054582118988","0.16904054582118988","0.16904054582118988"
"8929","0.06592145562171936","0.06592145562171936","0.06592145562171936"
"8944","0.11780349165201187","0.11780349165201187","0.11780349165201187"
"8946","0.15674345195293427","0.15674345195293427","0.15674345195293427"
"8948","0.12680783867835999","0.12680783867835999","0.12680783867835999"
"8954","0.11586356908082962","0.11586356908082962","0.11586356908082962"
"8960","0.09654402732849121","0.09654402732849121","0.09654402732849121"
"8963","0.08593548834323883","0.08593548834323883","0.08593548834323883"
"8964","0.14779584109783173","0.14779584109783173","0.14779584109783173"
"8967","0.12142965197563171","0.12142965197563171","0.12142965197563171"
"8968","0.16430538892745972","0.16430538892745972","0.16430538892745972"
"8972","0.054555609822273254","0.054555609822273254","0.054555609822273254"
"8976","0.1139383614063263","0.1139383614063263","0.1139383614063263"
"8977","0.1208399161696434","0.1208399161696434","0.1208399161696434"
"8982","0.13229233026504517","0.13229233026504517","0.13229233026504517"
"8983","0.08152604848146439","0.08152604848146439","0.08152604848146439"
"8984","0.08870099484920502","0.08870099484920502","0.08870099484920502"
"8998","0.11632248759269714","0.11632248759269714","0.11632248759269714"
"9003","0.12395408004522324","0.12395408004522324","0.12395408004522324"
"9008","0.11795517057180405","0.11795517057180405","0.11795517057180405"
"9012","0.09026247262954712","0.09026247262954712","0.09026247262954712"
"9017","0.1227821484208107","0.1227821484208107","0.1227821484208107"
"9019","0.19523948431015015","0.19523948431015015","0.19523948431015015"
"9023","0.10969269275665283","0.10969269275665283","0.10969269275665283"
"9026","0.12236061692237854","0.12236061692237854","0.12236061692237854"
"9028","0.14263442158699036","0.14263442158699036","0.14263442158699036"
"9031","0.12528103590011597","0.12528103590011597","0.12528103590011597"
"9032","0.07940880954265594","0.07940880954265594","0.07940880954265594"
"9035","0.16912785172462463","0.16912785172462463","0.16912785172462463"
"9055","0.10318315029144287","0.10318315029144287","0.10318315029144287"
"9060","0.09181322157382965","0.09181322157382965","0.09181322157382965"
"9062","0.10258017480373383","0.10258017480373383","0.10258017480373383"
"9065","0.09849198907613754","0.09849198907613754","0.09849198907613754"
"9069","0.12161845713853836","0.12161845713853836","0.12161845713853836"
"9086","0.12631608545780182","0.12631608545780182","0.12631608545780182"
"9096","0.16062816977500916","0.16062816977500916","0.16062816977500916"
"9097","0.08522851765155792","0.08522851765155792","0.08522851765155792"
"9103","0.09732420742511749","0.09732420742511749","0.09732420742511749"
"9104","0.10151617228984833","0.10151617228984833","0.10151617228984833"
"9107","0.2123870551586151","0.2123870551586151","0.2123870551586151"
"9114","0.1264035850763321","0.1264035850763321","0.1264035850763321"
"9120","0.11379680037498474","0.11379680037498474","0.11379680037498474"
"9134","0.09976896643638611","0.09976896643638611","0.09976896643638611"
"9135","0.21067187190055847","0.21067187190055847","0.21067187190055847"
"9142","0.11709986627101898","0.11709986627101898","0.11709986627101898"
"9143","0.0879984050989151","0.0879984050989151","0.0879984050989151"
"9144","0.0982842743396759","0.0982842743396759","0.0982842743396759"
"9156","0.1772463321685791","0.1772463321685791","0.1772463321685791"
"9163","0.1259913593530655","0.1259913593530655","0.1259913593530655"
"9166","0.186447873711586","0.186447873711586","0.186447873711586"
"9167","0.09756728261709213","0.09756728261709213","0.09756728261709213"
"9168","0.0867825448513031","0.0867825448513031","0.0867825448513031"
"9169","0.1519937515258789","0.1519937515258789","0.1519937515258789"
"9177","0.17047464847564697","0.17047464847564697","0.17047464847564697"
"9178","0.13826921582221985","0.13826921582221985","0.13826921582221985"
"9180","0.07598316669464111","0.07598316669464111","0.07598316669464111"
"9189","0.1188984364271164","0.1188984364271164","0.1188984364271164"
"9190","0.15960073471069336","0.15960073471069336","0.15960073471069336"
"9191","0.0909212976694107","0.0909212976694107","0.0909212976694107"
"9194","0.14289622008800507","0.14289622008800507","0.14289622008800507"
"9198","0.1607276201248169","0.1607276201248169","0.1607276201248169"
"9211","0.14896155893802643","0.14896155893802643","0.14896155893802643"
"9212","0.18763074278831482","0.18763074278831482","0.18763074278831482"
"9214","0.1694471836090088","0.1694471836090088","0.1694471836090088"
"9216","0.043513134121894836","0.043513134121894836","0.043513134121894836"
"9223","0.10101750493049622","0.10101750493049622","0.10101750493049622"
"9237","0.07403919100761414","0.07403919100761414","0.07403919100761414"
"9244","0.14514338970184326","0.14514338970184326","0.14514338970184326"
"9246","0.1276562511920929","0.1276562511920929","0.1276562511920929"
"9248","0.15141737461090088","0.15141737461090088","0.15141737461090088"
"9256","0.16147494316101074","0.16147494316101074","0.16147494316101074"
"9267","0.08734463900327682","0.08734463900327682","0.08734463900327682"
"9269","0.09896302223205566","0.09896302223205566","0.09896302223205566"
"9277","0.1099761575460434","0.1099761575460434","0.1099761575460434"
"9280","0.11962400376796722","0.11962400376796722","0.11962400376796722"
"9290","0.1281384378671646","0.1281384378671646","0.1281384378671646"
"9299","0.16295494139194489","0.16295494139194489","0.16295494139194489"
"9300","0.155691996216774","0.155691996216774","0.155691996216774"
"9304","0.05910588800907135","0.05910588800907135","0.05910588800907135"
"9305","0.1030183658003807","0.1030183658003807","0.1030183658003807"
"9310","0.16370168328285217","0.16370168328285217","0.16370168328285217"
"9316","0.08722440153360367","0.08722440153360367","0.08722440153360367"
"9332","0.09603521972894669","0.09603521972894669","0.09603521972894669"
"9333","0.10165613889694214","0.10165613889694214","0.10165613889694214"
"9337","0.11771365255117416","0.11771365255117416","0.11771365255117416"
"9338","0.11092568933963776","0.11092568933963776","0.11092568933963776"
"9339","0.10391435027122498","0.10391435027122498","0.10391435027122498"
"9340","0.15949341654777527","0.15949341654777527","0.15949341654777527"
"9341","0.10809077322483063","0.10809077322483063","0.10809077322483063"
"9343","0.08980747312307358","0.08980747312307358","0.08980747312307358"
"9344","0.09940037131309509","0.09940037131309509","0.09940037131309509"
"9347","0.13068139553070068","0.13068139553070068","0.13068139553070068"
"9349","0.12980186939239502","0.12980186939239502","0.12980186939239502"
"9353","0.12337411195039749","0.12337411195039749","0.12337411195039749"
"9364","0.10908624529838562","0.10908624529838562","0.10908624529838562"
"9367","0.1410226970911026","0.1410226970911026","0.1410226970911026"
"9371","0.08146519958972931","0.08146519958972931","0.08146519958972931"
"9372","0.13670669496059418","0.13670669496059418","0.13670669496059418"
"9376","0.06297360360622406","0.06297360360622406","0.06297360360622406"
"9380","0.14735236763954163","0.14735236763954163","0.14735236763954163"
"9382","0.12149874866008759","0.12149874866008759","0.12149874866008759"
"9383","0.16247914731502533","0.16247914731502533","0.16247914731502533"
"9385","0.091074138879776","0.091074138879776","0.091074138879776"
"9386","0.0874636173248291","0.0874636173248291","0.0874636173248291"
"9391","0.10198385268449783","0.10198385268449783","0.10198385268449783"
"9395","0.12295669317245483","0.12295669317245483","0.12295669317245483"
"9398","0.09311772882938385","0.09311772882938385","0.09311772882938385"
"9400","0.05621466785669327","0.05621466785669327","0.05621466785669327"
"9401","0.14261505007743835","0.14261505007743835","0.14261505007743835"
"9424","0.07789240777492523","0.07789240777492523","0.07789240777492523"
"9428","0.10771721601486206","0.10771721601486206","0.10771721601486206"
"9435","0.0995180681347847","0.0995180681347847","0.0995180681347847"
"9437","0.1256791353225708","0.1256791353225708","0.1256791353225708"
"9438","0.12987172603607178","0.12987172603607178","0.12987172603607178"
"9439","0.07541818916797638","0.07541818916797638","0.07541818916797638"
"9441","0.09175579994916916","0.09175579994916916","0.09175579994916916"
"9443","0.1531408280134201","0.1531408280134201","0.1531408280134201"
"9445","0.08402159810066223","0.08402159810066223","0.08402159810066223"
"9448","0.09078671038150787","0.09078671038150787","0.09078671038150787"
"9450","0.09343934059143066","0.09343934059143066","0.09343934059143066"
"9457","0.10120412707328796","0.10120412707328796","0.10120412707328796"
"9465","0.09798546135425568","0.09798546135425568","0.09798546135425568"
"9466","0.1596534252166748","0.1596534252166748","0.1596534252166748"
"9468","0.07813554257154465","0.07813554257154465","0.07813554257154465"
"9471","0.07950925827026367","0.07950925827026367","0.07950925827026367"
"9474","0.10485789179801941","0.10485789179801941","0.10485789179801941"
"9485","0.10192786902189255","0.10192786902189255","0.10192786902189255"
"9486","0.13453030586242676","0.13453030586242676","0.13453030586242676"
"9487","0.13410425186157227","0.13410425186157227","0.13410425186157227"
"9488","0.14632952213287354","0.14632952213287354","0.14632952213287354"
"9491","0.11933727562427521","0.11933727562427521","0.11933727562427521"
"9496","0.1239447146654129","0.1239447146654129","0.1239447146654129"
"9503","0.13405930995941162","0.13405930995941162","0.13405930995941162"
"9523","0.07467622309923172","0.07467622309923172","0.07467622309923172"
"9529","0.06366978585720062","0.06366978585720062","0.06366978585720062"
"9533","0.07898305356502533","0.07898305356502533","0.07898305356502533"
"9536","0.09329626709222794","0.09329626709222794","0.09329626709222794"
"9543","0.10257573425769806","0.10257573425769806","0.10257573425769806"
"9549","0.1869376003742218","0.1869376003742218","0.1869376003742218"
"9555","0.13339728116989136","0.13339728116989136","0.13339728116989136"
"9557","0.09129481017589569","0.09129481017589569","0.09129481017589569"
"9559","0.12533706426620483","0.12533706426620483","0.12533706426620483"
"9562","0.18406100571155548","0.18406100571155548","0.18406100571155548"
"9570","0.1742679476737976","0.1742679476737976","0.1742679476737976"
"9572","0.13836726546287537","0.13836726546287537","0.13836726546287537"
"9573","0.11495739221572876","0.11495739221572876","0.11495739221572876"
"9587","0.0991283506155014","0.0991283506155014","0.0991283506155014"
"9590","0.12094012647867203","0.12094012647867203","0.12094012647867203"
"9591","0.05047951266169548","0.05047951266169548","0.05047951266169548"
"9599","0.0629924088716507","0.0629924088716507","0.0629924088716507"
"9600","0.0931343287229538","0.0931343287229538","0.0931343287229538"
"9606","0.12727642059326172","0.12727642059326172","0.12727642059326172"
"9607","0.13428401947021484","0.13428401947021484","0.13428401947021484"
"9608","0.13873547315597534","0.13873547315597534","0.13873547315597534"
"9613","0.13944965600967407","0.13944965600967407","0.13944965600967407"
"9617","0.07589749991893768","0.07589749991893768","0.07589749991893768"
"9620","0.17490112781524658","0.17490112781524658","0.17490112781524658"
"9622","0.13631084561347961","0.13631084561347961","0.13631084561347961"
"9629","0.11865091323852539","0.11865091323852539","0.11865091323852539"
"9634","0.15113258361816406","0.15113258361816406","0.15113258361816406"
"9635","0.12736596167087555","0.12736596167087555","0.12736596167087555"
"9636","0.09841005504131317","0.09841005504131317","0.09841005504131317"
"9638","0.08106197416782379","0.08106197416782379","0.08106197416782379"
"9639","0.15643219649791718","0.15643219649791718","0.15643219649791718"
"9646","0.10270309448242188","0.10270309448242188","0.10270309448242188"
"9649","0.11713408678770065","0.11713408678770065","0.11713408678770065"
"9650","0.12285298854112625","0.12285298854112625","0.12285298854112625"
"9652","0.11475402116775513","0.11475402116775513","0.11475402116775513"
"9660","0.12270014733076096","0.12270014733076096","0.12270014733076096"
"9662","0.09579714387655258","0.09579714387655258","0.09579714387655258"
"9663","0.12087397277355194","0.12087397277355194","0.12087397277355194"
"9669","0.07988572865724564","0.07988572865724564","0.07988572865724564"
"9671","0.10498281568288803","0.10498281568288803","0.10498281568288803"
"9678","0.09399498999118805","0.09399498999118805","0.09399498999118805"
"9682","0.10157530009746552","0.10157530009746552","0.10157530009746552"
"9685","0.08471222966909409","0.08471222966909409","0.08471222966909409"
"9689","0.10344965010881424","0.10344965010881424","0.10344965010881424"
"9695","0.10022079944610596","0.10022079944610596","0.10022079944610596"
"9697","0.15990880131721497","0.15990880131721497","0.15990880131721497"
"9706","0.1598999798297882","0.1598999798297882","0.1598999798297882"
"9707","0.09915292263031006","0.09915292263031006","0.09915292263031006"
"9712","0.0924275815486908","0.0924275815486908","0.0924275815486908"
"9714","0.06442797929048538","0.06442797929048538","0.06442797929048538"
"9741","0.15221792459487915","0.15221792459487915","0.15221792459487915"
"9744","0.16771811246871948","0.16771811246871948","0.16771811246871948"
"9752","0.07842713594436646","0.07842713594436646","0.07842713594436646"
"9753","0.1189904436469078","0.1189904436469078","0.1189904436469078"
"9755","0.10796306282281876","0.10796306282281876","0.10796306282281876"
"9761","0.09416715055704117","0.09416715055704117","0.09416715055704117"
"9765","0.11537151038646698","0.11537151038646698","0.11537151038646698"
"9771","0.13523951172828674","0.13523951172828674","0.13523951172828674"
"9773","0.1260824203491211","0.1260824203491211","0.1260824203491211"
"9789","0.1054464727640152","0.1054464727640152","0.1054464727640152"
"9790","0.0782252624630928","0.0782252624630928","0.0782252624630928"
"9792","0.1405523419380188","0.1405523419380188","0.1405523419380188"
"9801","0.09394308924674988","0.09394308924674988","0.09394308924674988"
"9819","0.09692268073558807","0.09692268073558807","0.09692268073558807"
"9826","0.09869936853647232","0.09869936853647232","0.09869936853647232"
"9827","0.09715817123651505","0.09715817123651505","0.09715817123651505"
"9837","0.08853642642498016","0.08853642642498016","0.08853642642498016"
"9848","0.1286548227071762","0.1286548227071762","0.1286548227071762"
"9850","0.11369281262159348","0.11369281262159348","0.11369281262159348"
"9853","0.14876136183738708","0.14876136183738708","0.14876136183738708"
"9870","0.08914199471473694","0.08914199471473694","0.08914199471473694"
"9874","0.13582880795001984","0.13582880795001984","0.13582880795001984"
"9878","0.10253998637199402","0.10253998637199402","0.10253998637199402"
"9880","0.06482210755348206","0.06482210755348206","0.06482210755348206"
"9882","0.13253255188465118","0.13253255188465118","0.13253255188465118"
"9884","0.1675797700881958","0.1675797700881958","0.1675797700881958"
"9885","0.08085675537586212","0.08085675537586212","0.08085675537586212"
"9901","0.14891915023326874","0.14891915023326874","0.14891915023326874"
"9902","0.16564807295799255","0.16564807295799255","0.16564807295799255"
"9904","0.1582152545452118","0.1582152545452118","0.1582152545452118"
"9905","0.08796024322509766","0.08796024322509766","0.08796024322509766"
"9906","0.09286320209503174","0.09286320209503174","0.09286320209503174"
"9907","0.08300080895423889","0.08300080895423889","0.08300080895423889"
"9910","0.07467956840991974","0.07467956840991974","0.07467956840991974"
"9916","0.09367622435092926","0.09367622435092926","0.09367622435092926"
"9918","0.16660012304782867","0.16660012304782867","0.16660012304782867"
"9919","0.09178517758846283","0.09178517758846283","0.09178517758846283"
"9920","0.10931672155857086","0.10931672155857086","0.10931672155857086"
"9925","0.10660853236913681","0.10660853236913681","0.10660853236913681"
"9934","0.12919840216636658","0.12919840216636658","0.12919840216636658"
"9936","0.10635941475629807","0.10635941475629807","0.10635941475629807"
"9942","0.08064721524715424","0.08064721524715424","0.08064721524715424"
"9955","0.09884695708751678","0.09884695708751678","0.09884695708751678"
"9959","0.14726027846336365","0.14726027846336365","0.14726027846336365"
"9966","0.05046559125185013","0.05046559125185013","0.05046559125185013"
"9970","0.06261956691741943","0.06261956691741943","0.06261956691741943"
"9980","0.06840935349464417","0.06840935349464417","0.06840935349464417"
"9984","0.08120040595531464","0.08120040595531464","0.08120040595531464"
"9992","0.16794079542160034","0.16794079542160034","0.16794079542160034"
"9993","0.15618231892585754","0.15618231892585754","0.15618231892585754"
"9994","0.08791068196296692","0.08791068196296692","0.08791068196296692"
"10004","0.09244327247142792","0.09244327247142792","0.09244327247142792"
"10008","0.11944862455129623","0.11944862455129623","0.11944862455129623"
"10015","0.10446543991565704","0.10446543991565704","0.10446543991565704"
"10016","0.17658814787864685","0.17658814787864685","0.17658814787864685"
"10018","0.17008978128433228","0.17008978128433228","0.17008978128433228"
"10021","0.10757303237915039","0.10757303237915039","0.10757303237915039"
"10024","0.15655410289764404","0.15655410289764404","0.15655410289764404"
"10027","0.17068415880203247","0.17068415880203247","0.17068415880203247"
"10030","0.15769478678703308","0.15769478678703308","0.15769478678703308"
"10036","0.09407348930835724","0.09407348930835724","0.09407348930835724"
"10039","0.09130977094173431","0.09130977094173431","0.09130977094173431"
"10043","0.08581963926553726","0.08581963926553726","0.08581963926553726"
"10045","0.12165326625108719","0.12165326625108719","0.12165326625108719"
"10048","0.1296904981136322","0.1296904981136322","0.1296904981136322"
"10049","0.18277058005332947","0.18277058005332947","0.18277058005332947"
"10053","0.09001259505748749","0.09001259505748749","0.09001259505748749"
"10054","0.12410727888345718","0.12410727888345718","0.12410727888345718"
"10056","0.17488470673561096","0.17488470673561096","0.17488470673561096"
"10058","0.1699841022491455","0.1699841022491455","0.1699841022491455"
"10068","0.11043602973222733","0.11043602973222733","0.11043602973222733"
"10070","0.07296032458543777","0.07296032458543777","0.07296032458543777"
"10072","0.19294103980064392","0.19294103980064392","0.19294103980064392"
"10073","0.11816626042127609","0.11816626042127609","0.11816626042127609"
"10076","0.1393134444952011","0.1393134444952011","0.1393134444952011"
"10077","0.12390229851007462","0.12390229851007462","0.12390229851007462"
"10078","0.1056009903550148","0.1056009903550148","0.1056009903550148"
"10083","0.11093032360076904","0.11093032360076904","0.11093032360076904"
"10085","0.11323191970586777","0.11323191970586777","0.11323191970586777"
"10087","0.09530018270015717","0.09530018270015717","0.09530018270015717"
"10088","0.08939271420240402","0.08939271420240402","0.08939271420240402"
"10090","0.14893001317977905","0.14893001317977905","0.14893001317977905"
"10091","0.12499355524778366","0.12499355524778366","0.12499355524778366"
"10092","0.053282395005226135","0.053282395005226135","0.053282395005226135"
"10098","0.13461369276046753","0.13461369276046753","0.13461369276046753"
"10105","0.12533904612064362","0.12533904612064362","0.12533904612064362"
"10106","0.1522899866104126","0.1522899866104126","0.1522899866104126"
"10107","0.0821867287158966","0.0821867287158966","0.0821867287158966"
"10111","0.1210978701710701","0.1210978701710701","0.1210978701710701"
"10113","0.14165282249450684","0.14165282249450684","0.14165282249450684"
"10130","0.08912552893161774","0.08912552893161774","0.08912552893161774"
"10141","0.20968203246593475","0.20968203246593475","0.20968203246593475"
"10143","0.11117763817310333","0.11117763817310333","0.11117763817310333"
"10150","0.08092138171195984","0.08092138171195984","0.08092138171195984"
"10153","0.13698546588420868","0.13698546588420868","0.13698546588420868"
"10154","0.05541035905480385","0.05541035905480385","0.05541035905480385"
"10157","0.12723493576049805","0.12723493576049805","0.12723493576049805"
"10158","0.12791699171066284","0.12791699171066284","0.12791699171066284"
"10159","0.20619353652000427","0.20619353652000427","0.20619353652000427"
"10160","0.129573255777359","0.129573255777359","0.129573255777359"
"10164","0.12667116522789001","0.12667116522789001","0.12667116522789001"
"10167","0.10819437354803085","0.10819437354803085","0.10819437354803085"
"10171","0.13295327126979828","0.13295327126979828","0.13295327126979828"
"10176","0.09261950850486755","0.09261950850486755","0.09261950850486755"
"10178","0.0550907738506794","0.0550907738506794","0.0550907738506794"
"10185","0.12824875116348267","0.12824875116348267","0.12824875116348267"
"10201","0.10539261996746063","0.10539261996746063","0.10539261996746063"
"10207","0.12340282648801804","0.12340282648801804","0.12340282648801804"
"10210","0.13016211986541748","0.13016211986541748","0.13016211986541748"
"10213","0.06481391191482544","0.06481391191482544","0.06481391191482544"
"10227","0.08527685701847076","0.08527685701847076","0.08527685701847076"
"10229","0.1701280176639557","0.1701280176639557","0.1701280176639557"
"10233","0.14150509238243103","0.14150509238243103","0.14150509238243103"
"10235","0.0957627221941948","0.0957627221941948","0.0957627221941948"
"10238","0.12580613791942596","0.12580613791942596","0.12580613791942596"
"10248","0.13460814952850342","0.13460814952850342","0.13460814952850342"
"10249","0.08836599439382553","0.08836599439382553","0.08836599439382553"
"10253","0.11559170484542847","0.11559170484542847","0.11559170484542847"
"10259","0.11433243006467819","0.11433243006467819","0.11433243006467819"
"10265","0.12541541457176208","0.12541541457176208","0.12541541457176208"
"10269","0.07778522372245789","0.07778522372245789","0.07778522372245789"
"10270","0.06545735895633698","0.06545735895633698","0.06545735895633698"
"10271","0.14949506521224976","0.14949506521224976","0.14949506521224976"
"10273","0.09138338267803192","0.09138338267803192","0.09138338267803192"
"10281","0.11276707798242569","0.11276707798242569","0.11276707798242569"
"10286","0.11234335601329803","0.11234335601329803","0.11234335601329803"
"10290","0.17849430441856384","0.17849430441856384","0.17849430441856384"
"10291","0.14852631092071533","0.14852631092071533","0.14852631092071533"
"10296","0.11446991562843323","0.11446991562843323","0.11446991562843323"
"10301","0.0860939547419548","0.0860939547419548","0.0860939547419548"
"10304","0.16095688939094543","0.16095688939094543","0.16095688939094543"
"10307","0.14350831508636475","0.14350831508636475","0.14350831508636475"
"10318","0.10572522133588791","0.10572522133588791","0.10572522133588791"
"10320","0.0780194103717804","0.0780194103717804","0.0780194103717804"
"10326","0.14157454669475555","0.14157454669475555","0.14157454669475555"
"10329","0.10685983300209045","0.10685983300209045","0.10685983300209045"
"10330","0.13258063793182373","0.13258063793182373","0.13258063793182373"
"10331","0.10724146664142609","0.10724146664142609","0.10724146664142609"
"10333","0.1848568618297577","0.1848568618297577","0.1848568618297577"
"10335","0.08508412539958954","0.08508412539958954","0.08508412539958954"
"10336","0.1042969673871994","0.1042969673871994","0.1042969673871994"
"10337","0.10874123126268387","0.10874123126268387","0.10874123126268387"
"10350","0.13902640342712402","0.13902640342712402","0.13902640342712402"
"10352","0.10654401779174805","0.10654401779174805","0.10654401779174805"
"10354","0.1878819316625595","0.1878819316625595","0.1878819316625595"
"10358","0.06602133810520172","0.06602133810520172","0.06602133810520172"
"10365","0.11052395403385162","0.11052395403385162","0.11052395403385162"
"10369","0.17417952418327332","0.17417952418327332","0.17417952418327332"
"10373","0.12973438203334808","0.12973438203334808","0.12973438203334808"
"10381","0.09269918501377106","0.09269918501377106","0.09269918501377106"
"10390","0.1259041428565979","0.1259041428565979","0.1259041428565979"
"10395","0.09913980960845947","0.09913980960845947","0.09913980960845947"
"10399","0.1306774914264679","0.1306774914264679","0.1306774914264679"
"10402","0.1353021264076233","0.1353021264076233","0.1353021264076233"
"10403","0.08662004768848419","0.08662004768848419","0.08662004768848419"
"10404","0.14171656966209412","0.14171656966209412","0.14171656966209412"
"10411","0.1037365049123764","0.1037365049123764","0.1037365049123764"
"10413","0.13973340392112732","0.13973340392112732","0.13973340392112732"
"10414","0.09988006204366684","0.09988006204366684","0.09988006204366684"
"10432","0.08660628646612167","0.08660628646612167","0.08660628646612167"
"10433","0.043431706726551056","0.043431706726551056","0.043431706726551056"
"10437","0.0675138384103775","0.0675138384103775","0.0675138384103775"
"10443","0.156594917178154","0.156594917178154","0.156594917178154"
"10446","0.15392053127288818","0.15392053127288818","0.15392053127288818"
"10454","0.13048264384269714","0.13048264384269714","0.13048264384269714"
"10459","0.10287166386842728","0.10287166386842728","0.10287166386842728"
"10460","0.08780857920646667","0.08780857920646667","0.08780857920646667"
"10470","0.11390671133995056","0.11390671133995056","0.11390671133995056"
"10474","0.10534201562404633","0.10534201562404633","0.10534201562404633"
"10476","0.17242331802845","0.17242331802845","0.17242331802845"
"10481","0.051941946148872375","0.051941946148872375","0.051941946148872375"
"10513","0.11633533239364624","0.11633533239364624","0.11633533239364624"
"10515","0.12422610074281693","0.12422610074281693","0.12422610074281693"
"10518","0.0843123123049736","0.0843123123049736","0.0843123123049736"
"10525","0.19570830464363098","0.19570830464363098","0.19570830464363098"
"10526","0.13242217898368835","0.13242217898368835","0.13242217898368835"
"10528","0.1352514773607254","0.1352514773607254","0.1352514773607254"
"10532","0.13815993070602417","0.13815993070602417","0.13815993070602417"
"10535","0.14871416985988617","0.14871416985988617","0.14871416985988617"
"10538","0.2046595960855484","0.2046595960855484","0.2046595960855484"
"10541","0.06839916110038757","0.06839916110038757","0.06839916110038757"
"10542","0.07583745568990707","0.07583745568990707","0.07583745568990707"
"10543","0.12311829626560211","0.12311829626560211","0.12311829626560211"
"10556","0.14832203090190887","0.14832203090190887","0.14832203090190887"
"10560","0.1020774319767952","0.1020774319767952","0.1020774319767952"
"10564","0.13380073010921478","0.13380073010921478","0.13380073010921478"
"10565","0.10630063712596893","0.10630063712596893","0.10630063712596893"
"10573","0.1256016045808792","0.1256016045808792","0.1256016045808792"
"10578","0.14358533918857574","0.14358533918857574","0.14358533918857574"
"10582","0.16216042637825012","0.16216042637825012","0.16216042637825012"
"10589","0.13290397822856903","0.13290397822856903","0.13290397822856903"
"10593","0.08799716085195541","0.08799716085195541","0.08799716085195541"
"10607","0.16173695027828217","0.16173695027828217","0.16173695027828217"
"10617","0.13247884809970856","0.13247884809970856","0.13247884809970856"
"10620","0.12203173339366913","0.12203173339366913","0.12203173339366913"
"10628","0.11743439733982086","0.11743439733982086","0.11743439733982086"
"10633","0.09438441693782806","0.09438441693782806","0.09438441693782806"
"10636","0.10566923022270203","0.10566923022270203","0.10566923022270203"
"10637","0.14220210909843445","0.14220210909843445","0.14220210909843445"
"10641","0.12237665057182312","0.12237665057182312","0.12237665057182312"
"10662","0.08729095757007599","0.08729095757007599","0.08729095757007599"
"10663","0.10928018391132355","0.10928018391132355","0.10928018391132355"
"10667","0.11102209985256195","0.11102209985256195","0.11102209985256195"
"10674","0.08040541410446167","0.08040541410446167","0.08040541410446167"
"10678","0.1502598226070404","0.1502598226070404","0.1502598226070404"
"10689","0.106840580701828","0.106840580701828","0.106840580701828"
"10698","0.06951091438531876","0.06951091438531876","0.06951091438531876"
"10709","0.14677289128303528","0.14677289128303528","0.14677289128303528"
"10718","0.1237611398100853","0.1237611398100853","0.1237611398100853"
"10727","0.12501104176044464","0.12501104176044464","0.12501104176044464"
"10731","0.09585274755954742","0.09585274755954742","0.09585274755954742"
"10733","0.09743229299783707","0.09743229299783707","0.09743229299783707"
"10735","0.07844803482294083","0.07844803482294083","0.07844803482294083"
"10740","0.07640786468982697","0.07640786468982697","0.07640786468982697"
"10743","0.15714721381664276","0.15714721381664276","0.15714721381664276"
"10744","0.07373272627592087","0.07373272627592087","0.07373272627592087"
"10752","0.0873531848192215","0.0873531848192215","0.0873531848192215"
"10755","0.11986782401800156","0.11986782401800156","0.11986782401800156"
"10758","0.08798521012067795","0.08798521012067795","0.08798521012067795"
"10759","0.16061733663082123","0.16061733663082123","0.16061733663082123"
"10764","0.08984801918268204","0.08984801918268204","0.08984801918268204"
"10765","0.18195661902427673","0.18195661902427673","0.18195661902427673"
"10771","0.16490812599658966","0.16490812599658966","0.16490812599658966"
"10774","0.16366857290267944","0.16366857290267944","0.16366857290267944"
"10775","0.1484203338623047","0.1484203338623047","0.1484203338623047"
"10778","0.07695543766021729","0.07695543766021729","0.07695543766021729"
"10780","0.10736305266618729","0.10736305266618729","0.10736305266618729"
"10786","0.11123676598072052","0.11123676598072052","0.11123676598072052"
"10799","0.1547069102525711","0.1547069102525711","0.1547069102525711"
"10808","0.10703317075967789","0.10703317075967789","0.10703317075967789"
"10813","0.10622517764568329","0.10622517764568329","0.10622517764568329"
"10814","0.131417915225029","0.131417915225029","0.131417915225029"
"10815","0.1328616440296173","0.1328616440296173","0.1328616440296173"
"10823","0.19198445975780487","0.19198445975780487","0.19198445975780487"
"10824","0.15730713307857513","0.15730713307857513","0.15730713307857513"
"10825","0.13034605979919434","0.13034605979919434","0.13034605979919434"
"10828","0.14268992841243744","0.14268992841243744","0.14268992841243744"
"10829","0.12104662507772446","0.12104662507772446","0.12104662507772446"
"10830","0.08073975145816803","0.08073975145816803","0.08073975145816803"
"10834","0.10869303345680237","0.10869303345680237","0.10869303345680237"
"10839","0.19395965337753296","0.19395965337753296","0.19395965337753296"
"10843","0.11030949652194977","0.11030949652194977","0.11030949652194977"
"10848","0.1460379660129547","0.1460379660129547","0.1460379660129547"
"10865","0.14888566732406616","0.14888566732406616","0.14888566732406616"
"10875","0.11385691165924072","0.11385691165924072","0.11385691165924072"
"10878","0.0798128992319107","0.0798128992319107","0.0798128992319107"
"10882","0.04107901081442833","0.04107901081442833","0.04107901081442833"
"10887","0.10078997164964676","0.10078997164964676","0.10078997164964676"
"10895","0.13051454722881317","0.13051454722881317","0.13051454722881317"
"10896","0.1171664297580719","0.1171664297580719","0.1171664297580719"
"10897","0.10105057805776596","0.10105057805776596","0.10105057805776596"
"10904","0.06204897537827492","0.06204897537827492","0.06204897537827492"
"10906","0.07630874216556549","0.07630874216556549","0.07630874216556549"
"10909","0.1554224193096161","0.1554224193096161","0.1554224193096161"
"10916","0.15280500054359436","0.15280500054359436","0.15280500054359436"
"10917","0.17792490124702454","0.17792490124702454","0.17792490124702454"
"10921","0.07866990566253662","0.07866990566253662","0.07866990566253662"
"10924","0.12418736517429352","0.12418736517429352","0.12418736517429352"
"10926","0.2358991950750351","0.2358991950750351","0.2358991950750351"
"10929","0.1426437497138977","0.1426437497138977","0.1426437497138977"
"10932","0.13796338438987732","0.13796338438987732","0.13796338438987732"
"10935","0.14910539984703064","0.14910539984703064","0.14910539984703064"
"10942","0.1235179677605629","0.1235179677605629","0.1235179677605629"
"10949","0.10938870161771774","0.10938870161771774","0.10938870161771774"
"10950","0.16157105565071106","0.16157105565071106","0.16157105565071106"
"10955","0.10651607811450958","0.10651607811450958","0.10651607811450958"
"10958","0.14342784881591797","0.14342784881591797","0.14342784881591797"
"10963","0.12675131857395172","0.12675131857395172","0.12675131857395172"
"10972","0.1115584596991539","0.1115584596991539","0.1115584596991539"
"10975","0.08058452606201172","0.08058452606201172","0.08058452606201172"
"10980","0.10830041766166687","0.10830041766166687","0.10830041766166687"
"10982","0.09270726144313812","0.09270726144313812","0.09270726144313812"
"10984","0.10480999946594238","0.10480999946594238","0.10480999946594238"
"10985","0.09617997705936432","0.09617997705936432","0.09617997705936432"
"10992","0.10951163619756699","0.10951163619756699","0.10951163619756699"
"11004","0.08618508279323578","0.08618508279323578","0.08618508279323578"
"11009","0.09851980954408646","0.09851980954408646","0.09851980954408646"
"11013","0.18143722414970398","0.18143722414970398","0.18143722414970398"
"11014","0.12203767895698547","0.12203767895698547","0.12203767895698547"
"11015","0.08095035701990128","0.08095035701990128","0.08095035701990128"
"11016","0.15875819325447083","0.15875819325447083","0.15875819325447083"
"11019","0.10354839265346527","0.10354839265346527","0.10354839265346527"
"11031","0.11622196435928345","0.11622196435928345","0.11622196435928345"
"11035","0.09571897983551025","0.09571897983551025","0.09571897983551025"
"11036","0.16898363828659058","0.16898363828659058","0.16898363828659058"
"11039","0.11968141049146652","0.11968141049146652","0.11968141049146652"
"11040","0.04406394064426422","0.04406394064426422","0.04406394064426422"
"11051","0.04317750036716461","0.04317750036716461","0.04317750036716461"
"11053","0.07330625504255295","0.07330625504255295","0.07330625504255295"
"11056","0.10114316642284393","0.10114316642284393","0.10114316642284393"
"11058","0.1112063005566597","0.1112063005566597","0.1112063005566597"
"11067","0.12583109736442566","0.12583109736442566","0.12583109736442566"
"11072","0.08998199552297592","0.08998199552297592","0.08998199552297592"
"11075","0.11292679607868195","0.11292679607868195","0.11292679607868195"
"11088","0.1687670797109604","0.1687670797109604","0.1687670797109604"
"11089","0.10140733420848846","0.10140733420848846","0.10140733420848846"
"11091","0.13629990816116333","0.13629990816116333","0.13629990816116333"
"11094","0.11168421804904938","0.11168421804904938","0.11168421804904938"
"11098","0.07320854067802429","0.07320854067802429","0.07320854067802429"
"11101","0.1674904227256775","0.1674904227256775","0.1674904227256775"
"11114","0.08418296277523041","0.08418296277523041","0.08418296277523041"
"11115","0.1301051378250122","0.1301051378250122","0.1301051378250122"
"11118","0.14959704875946045","0.14959704875946045","0.14959704875946045"
"11124","0.13044637441635132","0.13044637441635132","0.13044637441635132"
"11127","0.11816409230232239","0.11816409230232239","0.11816409230232239"
"11134","0.14217700064182281","0.14217700064182281","0.14217700064182281"
"11136","0.11684760451316833","0.11684760451316833","0.11684760451316833"
"11137","0.09527991712093353","0.09527991712093353","0.09527991712093353"
"11145","0.12442632764577866","0.12442632764577866","0.12442632764577866"
"11147","0.16284894943237305","0.16284894943237305","0.16284894943237305"
"11161","0.05408895015716553","0.05408895015716553","0.05408895015716553"
"11162","0.13857580721378326","0.13857580721378326","0.13857580721378326"
"11165","0.146317720413208","0.146317720413208","0.146317720413208"
"11176","0.1447683572769165","0.1447683572769165","0.1447683572769165"
"11179","0.10648689419031143","0.10648689419031143","0.10648689419031143"
"11180","0.20677337050437927","0.20677337050437927","0.20677337050437927"
"11183","0.19712746143341064","0.19712746143341064","0.19712746143341064"
"11191","0.18022999167442322","0.18022999167442322","0.18022999167442322"
"11195","0.10477704554796219","0.10477704554796219","0.10477704554796219"
"11197","0.0904468446969986","0.0904468446969986","0.0904468446969986"
"11204","0.0880270004272461","0.0880270004272461","0.0880270004272461"
"11210","0.1005668193101883","0.1005668193101883","0.1005668193101883"
"11215","0.14904481172561646","0.14904481172561646","0.14904481172561646"
"11216","0.09479475021362305","0.09479475021362305","0.09479475021362305"
"11217","0.15100575983524323","0.15100575983524323","0.15100575983524323"
"11219","0.08079018443822861","0.08079018443822861","0.08079018443822861"
"11230","0.1307496577501297","0.1307496577501297","0.1307496577501297"
"11232","0.12430319935083389","0.12430319935083389","0.12430319935083389"
"11233","0.16957594454288483","0.16957594454288483","0.16957594454288483"
"11235","0.06233466789126396","0.06233466789126396","0.06233466789126396"
"11249","0.11914490163326263","0.11914490163326263","0.11914490163326263"
"11256","0.14046554267406464","0.14046554267406464","0.14046554267406464"
"11258","0.08999904990196228","0.08999904990196228","0.08999904990196228"
"11259","0.19155654311180115","0.19155654311180115","0.19155654311180115"
"11262","0.15843620896339417","0.15843620896339417","0.15843620896339417"
"11263","0.11264603585004807","0.11264603585004807","0.11264603585004807"
"11266","0.09154534339904785","0.09154534339904785","0.09154534339904785"
"11269","0.08838305622339249","0.08838305622339249","0.08838305622339249"
"11273","0.08107882738113403","0.08107882738113403","0.08107882738113403"
"11277","0.1604946255683899","0.1604946255683899","0.1604946255683899"
"11278","0.14429526031017303","0.14429526031017303","0.14429526031017303"
"11291","0.10779818892478943","0.10779818892478943","0.10779818892478943"
"11293","0.15368986129760742","0.15368986129760742","0.15368986129760742"
"11296","0.07035455107688904","0.07035455107688904","0.07035455107688904"
"11301","0.07079079002141953","0.07079079002141953","0.07079079002141953"
"11305","0.0841042548418045","0.0841042548418045","0.0841042548418045"
"11306","0.06402109563350677","0.06402109563350677","0.06402109563350677"
"11309","0.2309150993824005","0.2309150993824005","0.2309150993824005"
"11310","0.09204546362161636","0.09204546362161636","0.09204546362161636"
"11312","0.139300137758255","0.139300137758255","0.139300137758255"
"11315","0.0650513544678688","0.0650513544678688","0.0650513544678688"
"11316","0.09580065310001373","0.09580065310001373","0.09580065310001373"
"11328","0.07369422167539597","0.07369422167539597","0.07369422167539597"
"11329","0.08001206815242767","0.08001206815242767","0.08001206815242767"
"11330","0.09224899858236313","0.09224899858236313","0.09224899858236313"
"11338","0.15190109610557556","0.15190109610557556","0.15190109610557556"
"11340","0.1484217643737793","0.1484217643737793","0.1484217643737793"
"11346","0.1404419243335724","0.1404419243335724","0.1404419243335724"
"11348","0.08059830218553543","0.08059830218553543","0.08059830218553543"
"11350","0.0977199375629425","0.0977199375629425","0.0977199375629425"
"11354","0.141658753156662","0.141658753156662","0.141658753156662"
"11355","0.09434479475021362","0.09434479475021362","0.09434479475021362"
"11359","0.1434307098388672","0.1434307098388672","0.1434307098388672"
"11364","0.12926174700260162","0.12926174700260162","0.12926174700260162"
"11365","0.15432699024677277","0.15432699024677277","0.15432699024677277"
"11366","0.07327070087194443","0.07327070087194443","0.07327070087194443"
"11368","0.09817837178707123","0.09817837178707123","0.09817837178707123"
"11370","0.10997571051120758","0.10997571051120758","0.10997571051120758"
"11374","0.23358353972434998","0.23358353972434998","0.23358353972434998"
"11381","0.06433907151222229","0.06433907151222229","0.06433907151222229"
"11385","0.09684724360704422","0.09684724360704422","0.09684724360704422"
"11392","0.14990004897117615","0.14990004897117615","0.14990004897117615"
"11397","0.1630125492811203","0.1630125492811203","0.1630125492811203"
"11406","0.1283486783504486","0.1283486783504486","0.1283486783504486"
"11410","0.06924498081207275","0.06924498081207275","0.06924498081207275"
"11413","0.11059273779392242","0.11059273779392242","0.11059273779392242"
"11414","0.21105141937732697","0.21105141937732697","0.21105141937732697"
"11416","0.11424480378627777","0.11424480378627777","0.11424480378627777"
"11423","0.10044033825397491","0.10044033825397491","0.10044033825397491"
"11431","0.16570116579532623","0.16570116579532623","0.16570116579532623"
"11437","0.1394440233707428","0.1394440233707428","0.1394440233707428"
"11443","0.22347484529018402","0.22347484529018402","0.22347484529018402"
"11444","0.10921622812747955","0.10921622812747955","0.10921622812747955"
"11448","0.13071948289871216","0.13071948289871216","0.13071948289871216"
"11449","0.06143340840935707","0.06143340840935707","0.06143340840935707"
"11459","0.08274663239717484","0.08274663239717484","0.08274663239717484"
"11460","0.134107768535614","0.134107768535614","0.134107768535614"
"11462","0.135346457362175","0.135346457362175","0.135346457362175"
"11463","0.06540799885988235","0.06540799885988235","0.06540799885988235"
"11466","0.11721107363700867","0.11721107363700867","0.11721107363700867"
"11469","0.07793998718261719","0.07793998718261719","0.07793998718261719"
"11471","0.1333068311214447","0.1333068311214447","0.1333068311214447"
"11477","0.08746659755706787","0.08746659755706787","0.08746659755706787"
"11478","0.07307785749435425","0.07307785749435425","0.07307785749435425"
"11482","0.10304662585258484","0.10304662585258484","0.10304662585258484"
"11486","0.052613575011491776","0.052613575011491776","0.052613575011491776"
"11502","0.1371290683746338","0.1371290683746338","0.1371290683746338"
"11513","0.07494619488716125","0.07494619488716125","0.07494619488716125"
"11519","0.09411820769309998","0.09411820769309998","0.09411820769309998"
"11530","0.12320598214864731","0.12320598214864731","0.12320598214864731"
"11532","0.1059405505657196","0.1059405505657196","0.1059405505657196"
"11540","0.08268171548843384","0.08268171548843384","0.08268171548843384"
"11543","0.09601424634456635","0.09601424634456635","0.09601424634456635"
"11544","0.094795823097229","0.094795823097229","0.094795823097229"
"11551","0.07920219749212265","0.07920219749212265","0.07920219749212265"
"11552","0.1306658238172531","0.1306658238172531","0.1306658238172531"
"11557","0.11818844825029373","0.11818844825029373","0.11818844825029373"
"11560","0.04530542716383934","0.04530542716383934","0.04530542716383934"
"11562","0.10462576895952225","0.10462576895952225","0.10462576895952225"
"11565","0.19203665852546692","0.19203665852546692","0.19203665852546692"
"11568","0.11474503576755524","0.11474503576755524","0.11474503576755524"
"11570","0.06766070425510406","0.06766070425510406","0.06766070425510406"
"11584","0.12711194157600403","0.12711194157600403","0.12711194157600403"
"11587","0.12472488731145859","0.12472488731145859","0.12472488731145859"
"11588","0.07496823370456696","0.07496823370456696","0.07496823370456696"
"11591","0.0863577276468277","0.0863577276468277","0.0863577276468277"
"11594","0.2211940586566925","0.2211940586566925","0.2211940586566925"
"11595","0.15111130475997925","0.15111130475997925","0.15111130475997925"
"11606","0.07925750315189362","0.07925750315189362","0.07925750315189362"
"11607","0.08367807418107986","0.08367807418107986","0.08367807418107986"
"11608","0.09377897530794144","0.09377897530794144","0.09377897530794144"
"11616","0.18211907148361206","0.18211907148361206","0.18211907148361206"
"11617","0.12727585434913635","0.12727585434913635","0.12727585434913635"
"11619","0.0760665088891983","0.0760665088891983","0.0760665088891983"
"11620","0.12411940097808838","0.12411940097808838","0.12411940097808838"
"11624","0.14124198257923126","0.14124198257923126","0.14124198257923126"
"11626","0.07554863393306732","0.07554863393306732","0.07554863393306732"
"11628","0.09669969230890274","0.09669969230890274","0.09669969230890274"
"11630","0.13159406185150146","0.13159406185150146","0.13159406185150146"
"11633","0.11674658954143524","0.11674658954143524","0.11674658954143524"
"11635","0.09387277066707611","0.09387277066707611","0.09387277066707611"
"11638","0.158274307847023","0.158274307847023","0.158274307847023"
"11639","0.08769078552722931","0.08769078552722931","0.08769078552722931"
"11642","0.16615813970565796","0.16615813970565796","0.16615813970565796"
"11643","0.09049375355243683","0.09049375355243683","0.09049375355243683"
"11648","0.11012822389602661","0.11012822389602661","0.11012822389602661"
"11652","0.10413117706775665","0.10413117706775665","0.10413117706775665"
"11657","0.07920585572719574","0.07920585572719574","0.07920585572719574"
"11660","0.12114362418651581","0.12114362418651581","0.12114362418651581"
"11662","0.10982081294059753","0.10982081294059753","0.10982081294059753"
"11666","0.12440666556358337","0.12440666556358337","0.12440666556358337"
"11667","0.1587241291999817","0.1587241291999817","0.1587241291999817"
"11668","0.17066556215286255","0.17066556215286255","0.17066556215286255"
"11670","0.09264546632766724","0.09264546632766724","0.09264546632766724"
"11672","0.03339629992842674","0.03339629992842674","0.03339629992842674"
"11673","0.12669402360916138","0.12669402360916138","0.12669402360916138"
"11676","0.10762223601341248","0.10762223601341248","0.10762223601341248"
"11706","0.15362519025802612","0.15362519025802612","0.15362519025802612"
"11713","0.11602967977523804","0.11602967977523804","0.11602967977523804"
"11718","0.10605363547801971","0.10605363547801971","0.10605363547801971"
"11722","0.11930298805236816","0.11930298805236816","0.11930298805236816"
"11728","0.0805450826883316","0.0805450826883316","0.0805450826883316"
"11733","0.07265952974557877","0.07265952974557877","0.07265952974557877"
"11743","0.14758028090000153","0.14758028090000153","0.14758028090000153"
"11745","0.11701609194278717","0.11701609194278717","0.11701609194278717"
"11746","0.1326352208852768","0.1326352208852768","0.1326352208852768"
"11748","0.07445096969604492","0.07445096969604492","0.07445096969604492"
"11754","0.10480421781539917","0.10480421781539917","0.10480421781539917"
"11757","0.13384488224983215","0.13384488224983215","0.13384488224983215"
"11768","0.13100455701351166","0.13100455701351166","0.13100455701351166"
"11773","0.12057120352983475","0.12057120352983475","0.12057120352983475"
"11783","0.13553382456302643","0.13553382456302643","0.13553382456302643"
"11789","0.07564729452133179","0.07564729452133179","0.07564729452133179"
"11790","0.11604110896587372","0.11604110896587372","0.11604110896587372"
"11795","0.130793035030365","0.130793035030365","0.130793035030365"
"11798","0.14903271198272705","0.14903271198272705","0.14903271198272705"
"11800","0.20174679160118103","0.20174679160118103","0.20174679160118103"
"11801","0.097172811627388","0.097172811627388","0.097172811627388"
"11810","0.14792713522911072","0.14792713522911072","0.14792713522911072"
"11814","0.12685364484786987","0.12685364484786987","0.12685364484786987"
"11815","0.10020244121551514","0.10020244121551514","0.10020244121551514"
"11816","0.06812319159507751","0.06812319159507751","0.06812319159507751"
"11817","0.11622808128595352","0.11622808128595352","0.11622808128595352"
"11835","0.16200202703475952","0.16200202703475952","0.16200202703475952"
"11839","0.08334164321422577","0.08334164321422577","0.08334164321422577"
"11849","0.15705426037311554","0.15705426037311554","0.15705426037311554"
"11862","0.09495288878679276","0.09495288878679276","0.09495288878679276"
"11863","0.056327611207962036","0.056327611207962036","0.056327611207962036"
"11864","0.0988973006606102","0.0988973006606102","0.0988973006606102"
"11869","0.16299627721309662","0.16299627721309662","0.16299627721309662"
"11874","0.1239980161190033","0.1239980161190033","0.1239980161190033"
"11875","0.08264866471290588","0.08264866471290588","0.08264866471290588"
"11877","0.09034129977226257","0.09034129977226257","0.09034129977226257"
"11880","0.10873910784721375","0.10873910784721375","0.10873910784721375"
"11890","0.12038730084896088","0.12038730084896088","0.12038730084896088"
"11891","0.1133793443441391","0.1133793443441391","0.1133793443441391"
"11906","0.09672495722770691","0.09672495722770691","0.09672495722770691"
"11909","0.1250716745853424","0.1250716745853424","0.1250716745853424"
"11920","0.07082058489322662","0.07082058489322662","0.07082058489322662"
"11921","0.08385687321424484","0.08385687321424484","0.08385687321424484"
"11933","0.10962657630443573","0.10962657630443573","0.10962657630443573"
"11934","0.09258565306663513","0.09258565306663513","0.09258565306663513"
"11939","0.09509901702404022","0.09509901702404022","0.09509901702404022"
"11940","0.05609198659658432","0.05609198659658432","0.05609198659658432"
"11951","0.1800430417060852","0.1800430417060852","0.1800430417060852"
"11953","0.16086667776107788","0.16086667776107788","0.16086667776107788"
"11954","0.09947024285793304","0.09947024285793304","0.09947024285793304"
"11956","0.22016015648841858","0.22016015648841858","0.22016015648841858"
"11969","0.0662824735045433","0.0662824735045433","0.0662824735045433"
"11971","0.11529041826725006","0.11529041826725006","0.11529041826725006"
"11975","0.1324692666530609","0.1324692666530609","0.1324692666530609"
"11983","0.15029053390026093","0.15029053390026093","0.15029053390026093"
"11986","0.13385626673698425","0.13385626673698425","0.13385626673698425"
"11989","0.10498183965682983","0.10498183965682983","0.10498183965682983"
"11990","0.08531375229358673","0.08531375229358673","0.08531375229358673"
"11991","0.16469807922840118","0.16469807922840118","0.16469807922840118"
"11992","0.08377780020236969","0.08377780020236969","0.08377780020236969"
"11993","0.07231108844280243","0.07231108844280243","0.07231108844280243"
"11995","0.08406476676464081","0.08406476676464081","0.08406476676464081"
"11996","0.09621065109968185","0.09621065109968185","0.09621065109968185"
"11997","0.1394927203655243","0.1394927203655243","0.1394927203655243"
"12018","0.149847611784935","0.149847611784935","0.149847611784935"
"12019","0.14427508413791656","0.14427508413791656","0.14427508413791656"
"12023","0.05689704418182373","0.05689704418182373","0.05689704418182373"
"12025","0.0925128161907196","0.0925128161907196","0.0925128161907196"
"12039","0.11985427141189575","0.11985427141189575","0.11985427141189575"
"12044","0.10724413394927979","0.10724413394927979","0.10724413394927979"
"12047","0.05859839916229248","0.05859839916229248","0.05859839916229248"
"12048","0.12881255149841309","0.12881255149841309","0.12881255149841309"
"12049","0.20955224335193634","0.20955224335193634","0.20955224335193634"
"12057","0.08861029893159866","0.08861029893159866","0.08861029893159866"
"12059","0.1730126142501831","0.1730126142501831","0.1730126142501831"
"12065","0.1945885717868805","0.1945885717868805","0.1945885717868805"
"12070","0.0815306156873703","0.0815306156873703","0.0815306156873703"
"12079","0.06665033102035522","0.06665033102035522","0.06665033102035522"
"12085","0.1812528669834137","0.1812528669834137","0.1812528669834137"
"12086","0.1026555597782135","0.1026555597782135","0.1026555597782135"
"12087","0.15492995083332062","0.15492995083332062","0.15492995083332062"
"12091","0.08890585601329803","0.08890585601329803","0.08890585601329803"
"12096","0.11855711787939072","0.11855711787939072","0.11855711787939072"
"12099","0.10284160077571869","0.10284160077571869","0.10284160077571869"
"12102","0.14563581347465515","0.14563581347465515","0.14563581347465515"
"12108","0.10538418591022491","0.10538418591022491","0.10538418591022491"
"12111","0.10634800791740417","0.10634800791740417","0.10634800791740417"
"12112","0.0756310224533081","0.0756310224533081","0.0756310224533081"
"12115","0.1126338392496109","0.1126338392496109","0.1126338392496109"
"12120","0.12302915751934052","0.12302915751934052","0.12302915751934052"
"12124","0.15308964252471924","0.15308964252471924","0.15308964252471924"
"12128","0.10676707327365875","0.10676707327365875","0.10676707327365875"
"12132","0.06835158914327621","0.06835158914327621","0.06835158914327621"
"12140","0.12690189480781555","0.12690189480781555","0.12690189480781555"
"12141","0.09106817841529846","0.09106817841529846","0.09106817841529846"
"12144","0.13397225737571716","0.13397225737571716","0.13397225737571716"
"12145","0.15315571427345276","0.15315571427345276","0.15315571427345276"
"12152","0.09834793955087662","0.09834793955087662","0.09834793955087662"
"12154","0.16550320386886597","0.16550320386886597","0.16550320386886597"
"12157","0.08279687166213989","0.08279687166213989","0.08279687166213989"
"12161","0.10285351425409317","0.10285351425409317","0.10285351425409317"
"12171","0.10104043781757355","0.10104043781757355","0.10104043781757355"
"12172","0.14361965656280518","0.14361965656280518","0.14361965656280518"
"12173","0.12623870372772217","0.12623870372772217","0.12623870372772217"
"12177","0.1096646711230278","0.1096646711230278","0.1096646711230278"
"12187","0.11189714074134827","0.11189714074134827","0.11189714074134827"
"12189","0.08084908127784729","0.08084908127784729","0.08084908127784729"
"12190","0.10569244623184204","0.10569244623184204","0.10569244623184204"
"12197","0.13076946139335632","0.13076946139335632","0.13076946139335632"
"12215","0.09984089434146881","0.09984089434146881","0.09984089434146881"
"12220","0.10092434287071228","0.10092434287071228","0.10092434287071228"
"12226","0.11789651215076447","0.11789651215076447","0.11789651215076447"
"12227","0.13587382435798645","0.13587382435798645","0.13587382435798645"
"12228","0.07510348409414291","0.07510348409414291","0.07510348409414291"
"12239","0.13117001950740814","0.13117001950740814","0.13117001950740814"
"12240","0.10174886137247086","0.10174886137247086","0.10174886137247086"
"12241","0.06483494490385056","0.06483494490385056","0.06483494490385056"
"12243","0.1026826873421669","0.1026826873421669","0.1026826873421669"
"12257","0.08244363218545914","0.08244363218545914","0.08244363218545914"
"12275","0.09299324452877045","0.09299324452877045","0.09299324452877045"
"12277","0.11705020070075989","0.11705020070075989","0.11705020070075989"
"12279","0.06550898402929306","0.06550898402929306","0.06550898402929306"
"12280","0.06954550743103027","0.06954550743103027","0.06954550743103027"
"12293","0.14988753199577332","0.14988753199577332","0.14988753199577332"
"12295","0.12650609016418457","0.12650609016418457","0.12650609016418457"
"12297","0.13785992562770844","0.13785992562770844","0.13785992562770844"
"12305","0.08656415343284607","0.08656415343284607","0.08656415343284607"
"12312","0.1169404685497284","0.1169404685497284","0.1169404685497284"
"12313","0.11632271111011505","0.11632271111011505","0.11632271111011505"
"12317","0.10555587708950043","0.10555587708950043","0.10555587708950043"
"12319","0.09729699045419693","0.09729699045419693","0.09729699045419693"
"12329","0.11608755588531494","0.11608755588531494","0.11608755588531494"
"12330","0.1531505584716797","0.1531505584716797","0.1531505584716797"
"12331","0.09563316404819489","0.09563316404819489","0.09563316404819489"
"12337","0.13891065120697021","0.13891065120697021","0.13891065120697021"
"12340","0.05903356522321701","0.05903356522321701","0.05903356522321701"
"12342","0.04819874465465546","0.04819874465465546","0.04819874465465546"
"12345","0.07923740148544312","0.07923740148544312","0.07923740148544312"
"12346","0.2134006768465042","0.2134006768465042","0.2134006768465042"
"12349","0.0910477489233017","0.0910477489233017","0.0910477489233017"
"12353","0.08864066004753113","0.08864066004753113","0.08864066004753113"
"12356","0.16524925827980042","0.16524925827980042","0.16524925827980042"
"12367","0.10456258803606033","0.10456258803606033","0.10456258803606033"
"12373","0.14010074734687805","0.14010074734687805","0.14010074734687805"
"12378","0.12813422083854675","0.12813422083854675","0.12813422083854675"
"12380","0.06550905108451843","0.06550905108451843","0.06550905108451843"
"12389","0.09997422993183136","0.09997422993183136","0.09997422993183136"
"12397","0.08117146790027618","0.08117146790027618","0.08117146790027618"
"12400","0.16612276434898376","0.16612276434898376","0.16612276434898376"
"12402","0.12003044784069061","0.12003044784069061","0.12003044784069061"
"12411","0.15065263211727142","0.15065263211727142","0.15065263211727142"
"12415","0.08328039199113846","0.08328039199113846","0.08328039199113846"
"12435","0.08552141487598419","0.08552141487598419","0.08552141487598419"
"12437","0.11716563999652863","0.11716563999652863","0.11716563999652863"
"12453","0.08421389758586884","0.08421389758586884","0.08421389758586884"
"12466","0.08150558918714523","0.08150558918714523","0.08150558918714523"
"12472","0.1852521300315857","0.1852521300315857","0.1852521300315857"
"12477","0.1697625368833542","0.1697625368833542","0.1697625368833542"
"12479","0.10749717801809311","0.10749717801809311","0.10749717801809311"
"12498","0.16704510152339935","0.16704510152339935","0.16704510152339935"
"12499","0.0966145470738411","0.0966145470738411","0.0966145470738411"
"12502","0.09318382292985916","0.09318382292985916","0.09318382292985916"
"12503","0.10106542706489563","0.10106542706489563","0.10106542706489563"
"12512","0.11525145173072815","0.11525145173072815","0.11525145173072815"
"12514","0.12220433354377747","0.12220433354377747","0.12220433354377747"
"12524","0.1614377200603485","0.1614377200603485","0.1614377200603485"
"12526","0.08348354697227478","0.08348354697227478","0.08348354697227478"
"12527","0.12724041938781738","0.12724041938781738","0.12724041938781738"
"12533","0.13093078136444092","0.13093078136444092","0.13093078136444092"
"12535","0.14146369695663452","0.14146369695663452","0.14146369695663452"
"12540","0.1784290075302124","0.1784290075302124","0.1784290075302124"
"12547","0.10181552171707153","0.10181552171707153","0.10181552171707153"
"12550","0.11637906730175018","0.11637906730175018","0.11637906730175018"
"12560","0.15508881211280823","0.15508881211280823","0.15508881211280823"
"12567","0.10499243438243866","0.10499243438243866","0.10499243438243866"
"12573","0.1516532003879547","0.1516532003879547","0.1516532003879547"
"12574","0.08291429281234741","0.08291429281234741","0.08291429281234741"
"12575","0.099589504301548","0.099589504301548","0.099589504301548"
"12576","0.11999332904815674","0.11999332904815674","0.11999332904815674"
"12582","0.0787021666765213","0.0787021666765213","0.0787021666765213"
"12587","0.0491790771484375","0.0491790771484375","0.0491790771484375"
"12599","0.06993269920349121","0.06993269920349121","0.06993269920349121"
"12602","0.1158706545829773","0.1158706545829773","0.1158706545829773"
"12609","0.1399223357439041","0.1399223357439041","0.1399223357439041"
"12610","0.0757475346326828","0.0757475346326828","0.0757475346326828"
"12617","0.06693039834499359","0.06693039834499359","0.06693039834499359"
"12620","0.09584231674671173","0.09584231674671173","0.09584231674671173"
"12631","0.10522808134555817","0.10522808134555817","0.10522808134555817"
"12633","0.09128685295581818","0.09128685295581818","0.09128685295581818"
"12639","0.08712704479694366","0.08712704479694366","0.08712704479694366"
"12642","0.1650337427854538","0.1650337427854538","0.1650337427854538"
"12643","0.06714426726102829","0.06714426726102829","0.06714426726102829"
"12644","0.18534548580646515","0.18534548580646515","0.18534548580646515"
"12653","0.06697966903448105","0.06697966903448105","0.06697966903448105"
"12657","0.0835765153169632","0.0835765153169632","0.0835765153169632"
"12663","0.12710022926330566","0.12710022926330566","0.12710022926330566"
"12667","0.09230323135852814","0.09230323135852814","0.09230323135852814"
"12672","0.05257683992385864","0.05257683992385864","0.05257683992385864"
"12676","0.08783413469791412","0.08783413469791412","0.08783413469791412"
"12703","0.12779809534549713","0.12779809534549713","0.12779809534549713"
"12708","0.1378278136253357","0.1378278136253357","0.1378278136253357"
"12713","0.1129060685634613","0.1129060685634613","0.1129060685634613"
"12714","0.10104187577962875","0.10104187577962875","0.10104187577962875"
"12723","0.1799236536026001","0.1799236536026001","0.1799236536026001"
"12725","0.11508374661207199","0.11508374661207199","0.11508374661207199"
"12731","0.1133015975356102","0.1133015975356102","0.1133015975356102"
"12732","0.1104002594947815","0.1104002594947815","0.1104002594947815"
"12735","0.12034069001674652","0.12034069001674652","0.12034069001674652"
"12736","0.13481241464614868","0.13481241464614868","0.13481241464614868"
"12737","0.16701103746891022","0.16701103746891022","0.16701103746891022"
"12743","0.09692041575908661","0.09692041575908661","0.09692041575908661"
"12749","0.1358160823583603","0.1358160823583603","0.1358160823583603"
"12758","0.08250261843204498","0.08250261843204498","0.08250261843204498"
"12759","0.12750592827796936","0.12750592827796936","0.12750592827796936"
"12766","0.12081612646579742","0.12081612646579742","0.12081612646579742"
"12767","0.13879114389419556","0.13879114389419556","0.13879114389419556"
"12772","0.13159602880477905","0.13159602880477905","0.13159602880477905"
"12773","0.12874804437160492","0.12874804437160492","0.12874804437160492"
"12778","0.15850239992141724","0.15850239992141724","0.15850239992141724"
"12790","0.04402792453765869","0.04402792453765869","0.04402792453765869"
"12798","0.12112487852573395","0.12112487852573395","0.12112487852573395"
"12807","0.08688037097454071","0.08688037097454071","0.08688037097454071"
"12809","0.08933570235967636","0.08933570235967636","0.08933570235967636"
"12815","0.08203011751174927","0.08203011751174927","0.08203011751174927"
"12816","0.10151240229606628","0.10151240229606628","0.10151240229606628"
"12820","0.12746329605579376","0.12746329605579376","0.12746329605579376"
"12826","0.10425570607185364","0.10425570607185364","0.10425570607185364"
"12829","0.11441754549741745","0.11441754549741745","0.11441754549741745"
"12833","0.11699824035167694","0.11699824035167694","0.11699824035167694"
"12834","0.10522948205471039","0.10522948205471039","0.10522948205471039"
"12838","0.11680552363395691","0.11680552363395691","0.11680552363395691"
"12842","0.05810650438070297","0.05810650438070297","0.05810650438070297"
"12850","0.11116506159305573","0.11116506159305573","0.11116506159305573"
"12851","0.08175645023584366","0.08175645023584366","0.08175645023584366"
"12858","0.11395473778247833","0.11395473778247833","0.11395473778247833"
"12865","0.12619605660438538","0.12619605660438538","0.12619605660438538"
"12867","0.14694833755493164","0.14694833755493164","0.14694833755493164"
"12871","0.15440937876701355","0.15440937876701355","0.15440937876701355"
"12877","0.08373211324214935","0.08373211324214935","0.08373211324214935"
"12881","0.09702277928590775","0.09702277928590775","0.09702277928590775"
"12882","0.0865066796541214","0.0865066796541214","0.0865066796541214"
"12883","0.059053849428892136","0.059053849428892136","0.059053849428892136"
"12885","0.1377773880958557","0.1377773880958557","0.1377773880958557"
"12889","0.1685277819633484","0.1685277819633484","0.1685277819633484"
"12894","0.09975945949554443","0.09975945949554443","0.09975945949554443"
"12898","0.08024102449417114","0.08024102449417114","0.08024102449417114"
"12904","0.07308675348758698","0.07308675348758698","0.07308675348758698"
"12908","0.12214898318052292","0.12214898318052292","0.12214898318052292"
"12924","0.1306796818971634","0.1306796818971634","0.1306796818971634"
"12930","0.11441771686077118","0.11441771686077118","0.11441771686077118"
"12931","0.08842292428016663","0.08842292428016663","0.08842292428016663"
"12932","0.1393459439277649","0.1393459439277649","0.1393459439277649"
"12934","0.11082137376070023","0.11082137376070023","0.11082137376070023"
"12935","0.1639336347579956","0.1639336347579956","0.1639336347579956"
"12941","0.07498256862163544","0.07498256862163544","0.07498256862163544"
"12942","0.14332933723926544","0.14332933723926544","0.14332933723926544"
"12957","0.10277394950389862","0.10277394950389862","0.10277394950389862"
"12958","0.18083283305168152","0.18083283305168152","0.18083283305168152"
"12960","0.22561055421829224","0.22561055421829224","0.22561055421829224"
"12966","0.0679972916841507","0.0679972916841507","0.0679972916841507"
"12971","0.09710197895765305","0.09710197895765305","0.09710197895765305"
"12972","0.08501830697059631","0.08501830697059631","0.08501830697059631"
"12973","0.1460639238357544","0.1460639238357544","0.1460639238357544"
"12976","0.10128448158502579","0.10128448158502579","0.10128448158502579"
"12982","0.14724314212799072","0.14724314212799072","0.14724314212799072"
"12991","0.09208004176616669","0.09208004176616669","0.09208004176616669"
"12993","0.2305784821510315","0.2305784821510315","0.2305784821510315"
"12994","0.08475010097026825","0.08475010097026825","0.08475010097026825"
"12997","0.11907214671373367","0.11907214671373367","0.11907214671373367"
"12998","0.12769143283367157","0.12769143283367157","0.12769143283367157"
"12999","0.08244641125202179","0.08244641125202179","0.08244641125202179"
"13002","0.07844795286655426","0.07844795286655426","0.07844795286655426"
"13010","0.12875103950500488","0.12875103950500488","0.12875103950500488"
"13012","0.09692469984292984","0.09692469984292984","0.09692469984292984"
"13013","0.10121557116508484","0.10121557116508484","0.10121557116508484"
"13016","0.11384405195713043","0.11384405195713043","0.11384405195713043"
"13020","0.07955670356750488","0.07955670356750488","0.07955670356750488"
"13021","0.15237152576446533","0.15237152576446533","0.15237152576446533"
"13026","0.12273472547531128","0.12273472547531128","0.12273472547531128"
"13028","0.08511197566986084","0.08511197566986084","0.08511197566986084"
"13032","0.18897497653961182","0.18897497653961182","0.18897497653961182"
"13035","0.04521525651216507","0.04521525651216507","0.04521525651216507"
"13036","0.11730429530143738","0.11730429530143738","0.11730429530143738"
"13039","0.07133227586746216","0.07133227586746216","0.07133227586746216"
"13040","0.10990606248378754","0.10990606248378754","0.10990606248378754"
"13043","0.049051105976104736","0.049051105976104736","0.049051105976104736"
"13045","0.09910683333873749","0.09910683333873749","0.09910683333873749"
"13047","0.20908847451210022","0.20908847451210022","0.20908847451210022"
"13051","0.09909772127866745","0.09909772127866745","0.09909772127866745"
"13057","0.10323348641395569","0.10323348641395569","0.10323348641395569"
"13062","0.0942564532160759","0.0942564532160759","0.0942564532160759"
"13066","0.1535360962152481","0.1535360962152481","0.1535360962152481"
"13068","0.11465106904506683","0.11465106904506683","0.11465106904506683"
"13073","0.10870996117591858","0.10870996117591858","0.10870996117591858"
"13082","0.09132649749517441","0.09132649749517441","0.09132649749517441"
"13090","0.18227529525756836","0.18227529525756836","0.18227529525756836"
"13091","0.15286117792129517","0.15286117792129517","0.15286117792129517"
"13098","0.07103145122528076","0.07103145122528076","0.07103145122528076"
"13101","0.1056746393442154","0.1056746393442154","0.1056746393442154"
"13105","0.1550087034702301","0.1550087034702301","0.1550087034702301"
"13107","0.06342664361000061","0.06342664361000061","0.06342664361000061"
"13110","0.09458953142166138","0.09458953142166138","0.09458953142166138"
"13111","0.07660897076129913","0.07660897076129913","0.07660897076129913"
"13112","0.1620090901851654","0.1620090901851654","0.1620090901851654"
"13114","0.13987627625465393","0.13987627625465393","0.13987627625465393"
"13116","0.07093831151723862","0.07093831151723862","0.07093831151723862"
"13129","0.11070676147937775","0.11070676147937775","0.11070676147937775"
"13130","0.06552380323410034","0.06552380323410034","0.06552380323410034"
"13137","0.15288293361663818","0.15288293361663818","0.15288293361663818"
"13139","0.17866398394107819","0.17866398394107819","0.17866398394107819"
"13143","0.07444658130407333","0.07444658130407333","0.07444658130407333"
"13150","0.07893186062574387","0.07893186062574387","0.07893186062574387"
"13152","0.10531460493803024","0.10531460493803024","0.10531460493803024"
"13157","0.09780962765216827","0.09780962765216827","0.09780962765216827"
"13159","0.06422240287065506","0.06422240287065506","0.06422240287065506"
"13161","0.13832804560661316","0.13832804560661316","0.13832804560661316"
"13167","0.1260269731283188","0.1260269731283188","0.1260269731283188"
"13173","0.07004497945308685","0.07004497945308685","0.07004497945308685"
"13174","0.11560405045747757","0.11560405045747757","0.11560405045747757"
"13175","0.10573515295982361","0.10573515295982361","0.10573515295982361"
"13177","0.14144428074359894","0.14144428074359894","0.14144428074359894"
"13178","0.10879412293434143","0.10879412293434143","0.10879412293434143"
"13180","0.11800914257764816","0.11800914257764816","0.11800914257764816"
"13183","0.13489049673080444","0.13489049673080444","0.13489049673080444"
"13186","0.11991413682699203","0.11991413682699203","0.11991413682699203"
"13191","0.10874488949775696","0.10874488949775696","0.10874488949775696"
"13199","0.09268391877412796","0.09268391877412796","0.09268391877412796"
"13202","0.1189124658703804","0.1189124658703804","0.1189124658703804"
"13205","0.11979205906391144","0.11979205906391144","0.11979205906391144"
"13209","0.07361743599176407","0.07361743599176407","0.07361743599176407"
"13210","0.1331413835287094","0.1331413835287094","0.1331413835287094"
"13223","0.0843849629163742","0.0843849629163742","0.0843849629163742"
"13233","0.23525570333003998","0.23525570333003998","0.23525570333003998"
"13237","0.11784971505403519","0.11784971505403519","0.11784971505403519"
"13238","0.10370884835720062","0.10370884835720062","0.10370884835720062"
"13239","0.12470674514770508","0.12470674514770508","0.12470674514770508"
"13242","0.11114893853664398","0.11114893853664398","0.11114893853664398"
"13253","0.06130128726363182","0.06130128726363182","0.06130128726363182"
"13254","0.15842679142951965","0.15842679142951965","0.15842679142951965"
"13259","0.1333954632282257","0.1333954632282257","0.1333954632282257"
"13261","0.12455090135335922","0.12455090135335922","0.12455090135335922"
"13268","0.12406447529792786","0.12406447529792786","0.12406447529792786"
"13274","0.15212929248809814","0.15212929248809814","0.15212929248809814"
"13279","0.09699717164039612","0.09699717164039612","0.09699717164039612"
"13290","0.11686451733112335","0.11686451733112335","0.11686451733112335"
"13294","0.15098625421524048","0.15098625421524048","0.15098625421524048"
"13296","0.08468250930309296","0.08468250930309296","0.08468250930309296"
"13300","0.11304784566164017","0.11304784566164017","0.11304784566164017"
"13304","0.12414835393428802","0.12414835393428802","0.12414835393428802"
"13305","0.10700158029794693","0.10700158029794693","0.10700158029794693"
"13307","0.11220227926969528","0.11220227926969528","0.11220227926969528"
"13308","0.09222885221242905","0.09222885221242905","0.09222885221242905"
"13310","0.09678643196821213","0.09678643196821213","0.09678643196821213"
"13311","0.08944373577833176","0.08944373577833176","0.08944373577833176"
"13312","0.07662513852119446","0.07662513852119446","0.07662513852119446"
"13316","0.10422195494174957","0.10422195494174957","0.10422195494174957"
"13318","0.12938891351222992","0.12938891351222992","0.12938891351222992"
"13319","0.1223771795630455","0.1223771795630455","0.1223771795630455"
"13322","0.12167093902826309","0.12167093902826309","0.12167093902826309"
"13324","0.15771298110485077","0.15771298110485077","0.15771298110485077"
"13325","0.15143296122550964","0.15143296122550964","0.15143296122550964"
"13329","0.07190584391355515","0.07190584391355515","0.07190584391355515"
"13333","0.1599304974079132","0.1599304974079132","0.1599304974079132"
"13336","0.10353943705558777","0.10353943705558777","0.10353943705558777"
"13337","0.09644734859466553","0.09644734859466553","0.09644734859466553"
"13339","0.08247792720794678","0.08247792720794678","0.08247792720794678"
"13341","0.07011788338422775","0.07011788338422775","0.07011788338422775"
"13348","0.09220890700817108","0.09220890700817108","0.09220890700817108"
"13350","0.15774264931678772","0.15774264931678772","0.15774264931678772"
"13353","0.10726895928382874","0.10726895928382874","0.10726895928382874"
"13355","0.16757819056510925","0.16757819056510925","0.16757819056510925"
"13358","0.1633763611316681","0.1633763611316681","0.1633763611316681"
"13366","0.11990612745285034","0.11990612745285034","0.11990612745285034"
"13372","0.16062217950820923","0.16062217950820923","0.16062217950820923"
"13376","0.17067496478557587","0.17067496478557587","0.17067496478557587"
"13380","0.10407853126525879","0.10407853126525879","0.10407853126525879"
"13382","0.10345718264579773","0.10345718264579773","0.10345718264579773"
"13389","0.07896959036588669","0.07896959036588669","0.07896959036588669"
"13394","0.20104287564754486","0.20104287564754486","0.20104287564754486"
"13399","0.1655486822128296","0.1655486822128296","0.1655486822128296"
"13400","0.15173061192035675","0.15173061192035675","0.15173061192035675"
"13401","0.1082804799079895","0.1082804799079895","0.1082804799079895"
"13403","0.09385006129741669","0.09385006129741669","0.09385006129741669"
"13406","0.15413305163383484","0.15413305163383484","0.15413305163383484"
"13423","0.15133753418922424","0.15133753418922424","0.15133753418922424"
"13430","0.09602104127407074","0.09602104127407074","0.09602104127407074"
"13453","0.08511821925640106","0.08511821925640106","0.08511821925640106"
"13454","0.15447339415550232","0.15447339415550232","0.15447339415550232"
"13457","0.1199047788977623","0.1199047788977623","0.1199047788977623"
"13460","0.06188739463686943","0.06188739463686943","0.06188739463686943"
"13464","0.07291190326213837","0.07291190326213837","0.07291190326213837"
"13466","0.06323626637458801","0.06323626637458801","0.06323626637458801"
"13468","0.1183856874704361","0.1183856874704361","0.1183856874704361"
"13470","0.1419396996498108","0.1419396996498108","0.1419396996498108"
"13473","0.16661980748176575","0.16661980748176575","0.16661980748176575"
"13476","0.1467779278755188","0.1467779278755188","0.1467779278755188"
"13478","0.11741612106561661","0.11741612106561661","0.11741612106561661"
"13480","0.136265367269516","0.136265367269516","0.136265367269516"
"13481","0.18797367811203003","0.18797367811203003","0.18797367811203003"
"13482","0.10509118437767029","0.10509118437767029","0.10509118437767029"
"13489","0.04503735899925232","0.04503735899925232","0.04503735899925232"
"13494","0.15227866172790527","0.15227866172790527","0.15227866172790527"
"13497","0.1403578370809555","0.1403578370809555","0.1403578370809555"
"13499","0.12027067691087723","0.12027067691087723","0.12027067691087723"
"13501","0.09497079998254776","0.09497079998254776","0.09497079998254776"
"13505","0.09451770037412643","0.09451770037412643","0.09451770037412643"
"13512","0.07924740016460419","0.07924740016460419","0.07924740016460419"
"13513","0.17920784652233124","0.17920784652233124","0.17920784652233124"
"13514","0.10343979299068451","0.10343979299068451","0.10343979299068451"
"13515","0.12882710993289948","0.12882710993289948","0.12882710993289948"
"13519","0.12308906763792038","0.12308906763792038","0.12308906763792038"
"13520","0.18597489595413208","0.18597489595413208","0.18597489595413208"
"13523","0.15617014467716217","0.15617014467716217","0.15617014467716217"
"13533","0.08708840608596802","0.08708840608596802","0.08708840608596802"
"13538","0.1247926577925682","0.1247926577925682","0.1247926577925682"
"13540","0.1713537573814392","0.1713537573814392","0.1713537573814392"
"13543","0.15433044731616974","0.15433044731616974","0.15433044731616974"
"13547","0.08237119764089584","0.08237119764089584","0.08237119764089584"
"13548","0.14523807168006897","0.14523807168006897","0.14523807168006897"
"13551","0.10116708278656006","0.10116708278656006","0.10116708278656006"
"13554","0.08689390867948532","0.08689390867948532","0.08689390867948532"
"13563","0.13199235498905182","0.13199235498905182","0.13199235498905182"
"13564","0.11314214766025543","0.11314214766025543","0.11314214766025543"
"13565","0.13323572278022766","0.13323572278022766","0.13323572278022766"
"13567","0.19480463862419128","0.19480463862419128","0.19480463862419128"
"13569","0.12735086679458618","0.12735086679458618","0.12735086679458618"
"13570","0.05367740988731384","0.05367740988731384","0.05367740988731384"
"13574","0.18322846293449402","0.18322846293449402","0.18322846293449402"
"13582","0.09339255839586258","0.09339255839586258","0.09339255839586258"
"13587","0.09465824067592621","0.09465824067592621","0.09465824067592621"
"13591","0.11971940845251083","0.11971940845251083","0.11971940845251083"
"13594","0.13501812517642975","0.13501812517642975","0.13501812517642975"
"13597","0.09881604462862015","0.09881604462862015","0.09881604462862015"
"13598","0.15443134307861328","0.15443134307861328","0.15443134307861328"
"13604","0.0904136449098587","0.0904136449098587","0.0904136449098587"
"13605","0.15740105509757996","0.15740105509757996","0.15740105509757996"
"13607","0.10673936456441879","0.10673936456441879","0.10673936456441879"
"13615","0.0808255672454834","0.0808255672454834","0.0808255672454834"
"13617","0.13247546553611755","0.13247546553611755","0.13247546553611755"
"13618","0.13482999801635742","0.13482999801635742","0.13482999801635742"
"13621","0.10887815058231354","0.10887815058231354","0.10887815058231354"
"13625","0.12035462260246277","0.12035462260246277","0.12035462260246277"
"13627","0.16611365973949432","0.16611365973949432","0.16611365973949432"
"13629","0.12968221306800842","0.12968221306800842","0.12968221306800842"
"13632","0.13144835829734802","0.13144835829734802","0.13144835829734802"
"13637","0.07065058499574661","0.07065058499574661","0.07065058499574661"
"13638","0.10486620664596558","0.10486620664596558","0.10486620664596558"
"13648","0.11700926721096039","0.11700926721096039","0.11700926721096039"
"13652","0.06503069400787354","0.06503069400787354","0.06503069400787354"
"13660","0.090850830078125","0.090850830078125","0.090850830078125"
"13662","0.05863703042268753","0.05863703042268753","0.05863703042268753"
"13668","0.16995097696781158","0.16995097696781158","0.16995097696781158"
"13670","0.11530940234661102","0.11530940234661102","0.11530940234661102"
"13689","0.09716379642486572","0.09716379642486572","0.09716379642486572"
"13693","0.08126053214073181","0.08126053214073181","0.08126053214073181"
"13698","0.2057945430278778","0.2057945430278778","0.2057945430278778"
"13699","0.08939676731824875","0.08939676731824875","0.08939676731824875"
"13709","0.0768011212348938","0.0768011212348938","0.0768011212348938"
"13716","0.1432264745235443","0.1432264745235443","0.1432264745235443"
"13727","0.08270040899515152","0.08270040899515152","0.08270040899515152"
"13728","0.1412995159626007","0.1412995159626007","0.1412995159626007"
"13742","0.09108652174472809","0.09108652174472809","0.09108652174472809"
"13743","0.12771451473236084","0.12771451473236084","0.12771451473236084"
"13747","0.18211676180362701","0.18211676180362701","0.18211676180362701"
"13749","0.18063324689865112","0.18063324689865112","0.18063324689865112"
"13768","0.12202329933643341","0.12202329933643341","0.12202329933643341"
"13776","0.10332900285720825","0.10332900285720825","0.10332900285720825"
"13777","0.15553709864616394","0.15553709864616394","0.15553709864616394"
"13783","0.08142133802175522","0.08142133802175522","0.08142133802175522"
"13801","0.12190502882003784","0.12190502882003784","0.12190502882003784"
"13803","0.11728909611701965","0.11728909611701965","0.11728909611701965"
"13805","0.13045494258403778","0.13045494258403778","0.13045494258403778"
"13813","0.08707856386899948","0.08707856386899948","0.08707856386899948"
"13817","0.10741578787565231","0.10741578787565231","0.10741578787565231"
"13822","0.1149807795882225","0.1149807795882225","0.1149807795882225"
"13823","0.12131738662719727","0.12131738662719727","0.12131738662719727"
"13835","0.1347041130065918","0.1347041130065918","0.1347041130065918"
"13842","0.10433421283960342","0.10433421283960342","0.10433421283960342"
"13843","0.12965884804725647","0.12965884804725647","0.12965884804725647"
"13845","0.11524558067321777","0.11524558067321777","0.11524558067321777"
"13846","0.16502022743225098","0.16502022743225098","0.16502022743225098"
"13849","0.10670067369937897","0.10670067369937897","0.10670067369937897"
"13850","0.18692292273044586","0.18692292273044586","0.18692292273044586"
"13854","0.0740654319524765","0.0740654319524765","0.0740654319524765"
"13856","0.1234239935874939","0.1234239935874939","0.1234239935874939"
"13862","0.1200387105345726","0.1200387105345726","0.1200387105345726"
"13867","0.11185500770807266","0.11185500770807266","0.11185500770807266"
"13882","0.15028487145900726","0.15028487145900726","0.15028487145900726"
"13888","0.14968332648277283","0.14968332648277283","0.14968332648277283"
"13889","0.11079242825508118","0.11079242825508118","0.11079242825508118"
"13891","0.09718842804431915","0.09718842804431915","0.09718842804431915"
"13901","0.15084680914878845","0.15084680914878845","0.15084680914878845"
"13909","0.15760177373886108","0.15760177373886108","0.15760177373886108"
"13928","0.08940587937831879","0.08940587937831879","0.08940587937831879"
"13933","0.08625693619251251","0.08625693619251251","0.08625693619251251"
"13935","0.17592188715934753","0.17592188715934753","0.17592188715934753"
"13944","0.09640005230903625","0.09640005230903625","0.09640005230903625"
"13948","0.14771278202533722","0.14771278202533722","0.14771278202533722"
"13949","0.1647026687860489","0.1647026687860489","0.1647026687860489"
"13952","0.10098089277744293","0.10098089277744293","0.10098089277744293"
"13958","0.11954730749130249","0.11954730749130249","0.11954730749130249"
"13963","0.12766927480697632","0.12766927480697632","0.12766927480697632"
"13973","0.17543375492095947","0.17543375492095947","0.17543375492095947"
"13975","0.12415888160467148","0.12415888160467148","0.12415888160467148"
"13977","0.13763763010501862","0.13763763010501862","0.13763763010501862"
"13980","0.10517312586307526","0.10517312586307526","0.10517312586307526"
"13985","0.1977875828742981","0.1977875828742981","0.1977875828742981"
"13986","0.09600406885147095","0.09600406885147095","0.09600406885147095"
"13994","0.08611015975475311","0.08611015975475311","0.08611015975475311"
"13996","0.10957933962345123","0.10957933962345123","0.10957933962345123"
"14000","0.15879230201244354","0.15879230201244354","0.15879230201244354"
"14001","0.08486108481884003","0.08486108481884003","0.08486108481884003"
"14007","0.0804247260093689","0.0804247260093689","0.0804247260093689"
"14008","0.10793627053499222","0.10793627053499222","0.10793627053499222"
"14009","0.1767951101064682","0.1767951101064682","0.1767951101064682"
"14019","0.1470959186553955","0.1470959186553955","0.1470959186553955"
"14026","0.14914366602897644","0.14914366602897644","0.14914366602897644"
"14029","0.2088664025068283","0.2088664025068283","0.2088664025068283"
"14050","0.08994883298873901","0.08994883298873901","0.08994883298873901"
"14059","0.17146223783493042","0.17146223783493042","0.17146223783493042"
"14066","0.13754603266716003","0.13754603266716003","0.13754603266716003"
"14067","0.08186949789524078","0.08186949789524078","0.08186949789524078"
"14068","0.11228702962398529","0.11228702962398529","0.11228702962398529"
"14079","0.14763781428337097","0.14763781428337097","0.14763781428337097"
"14080","0.11999515444040298","0.11999515444040298","0.11999515444040298"
"14081","0.09702861309051514","0.09702861309051514","0.09702861309051514"
"14083","0.10233458131551743","0.10233458131551743","0.10233458131551743"
"14091","0.10216128826141357","0.10216128826141357","0.10216128826141357"
"14093","0.11773635447025299","0.11773635447025299","0.11773635447025299"
"14094","0.12651419639587402","0.12651419639587402","0.12651419639587402"
"14097","0.102251335978508","0.102251335978508","0.102251335978508"
"14112","0.07916178554296494","0.07916178554296494","0.07916178554296494"
"14113","0.12009572982788086","0.12009572982788086","0.12009572982788086"
"14115","0.12092776596546173","0.12092776596546173","0.12092776596546173"
"14117","0.11117491126060486","0.11117491126060486","0.11117491126060486"
"14120","0.13560155034065247","0.13560155034065247","0.13560155034065247"
"14131","0.15472793579101562","0.15472793579101562","0.15472793579101562"
"14137","0.0795019194483757","0.0795019194483757","0.0795019194483757"
"14138","0.07522153854370117","0.07522153854370117","0.07522153854370117"
"14139","0.07557210326194763","0.07557210326194763","0.07557210326194763"
"14142","0.10564333945512772","0.10564333945512772","0.10564333945512772"
"14144","0.11771663278341293","0.11771663278341293","0.11771663278341293"
"14146","0.15184128284454346","0.15184128284454346","0.15184128284454346"
"14149","0.09503984451293945","0.09503984451293945","0.09503984451293945"
"14153","0.1233162134885788","0.1233162134885788","0.1233162134885788"
"14154","0.12033894658088684","0.12033894658088684","0.12033894658088684"
"14162","0.09862340241670609","0.09862340241670609","0.09862340241670609"
"14170","0.07164902985095978","0.07164902985095978","0.07164902985095978"
"14171","0.1031065583229065","0.1031065583229065","0.1031065583229065"
"14178","0.16048195958137512","0.16048195958137512","0.16048195958137512"
"14182","0.11691319197416306","0.11691319197416306","0.11691319197416306"
"14186","0.23150312900543213","0.23150312900543213","0.23150312900543213"
"14192","0.11815635859966278","0.11815635859966278","0.11815635859966278"
"14195","0.14206184446811676","0.14206184446811676","0.14206184446811676"
"14207","0.1371176391839981","0.1371176391839981","0.1371176391839981"
"14208","0.21129238605499268","0.21129238605499268","0.21129238605499268"
"14214","0.1001138836145401","0.1001138836145401","0.1001138836145401"
"14220","0.1162189394235611","0.1162189394235611","0.1162189394235611"
"14223","0.08033742755651474","0.08033742755651474","0.08033742755651474"
"14228","0.1171872615814209","0.1171872615814209","0.1171872615814209"
"14230","0.09674256294965744","0.09674256294965744","0.09674256294965744"
"14233","0.1403503119945526","0.1403503119945526","0.1403503119945526"
"14246","0.10182563215494156","0.10182563215494156","0.10182563215494156"
"14247","0.11611028760671616","0.11611028760671616","0.11611028760671616"
"14251","0.11364848166704178","0.11364848166704178","0.11364848166704178"
"14253","0.13806936144828796","0.13806936144828796","0.13806936144828796"
"14254","0.12236364185810089","0.12236364185810089","0.12236364185810089"
"14256","0.09456120431423187","0.09456120431423187","0.09456120431423187"
"14276","0.0544767826795578","0.0544767826795578","0.0544767826795578"
"14277","0.10844843089580536","0.10844843089580536","0.10844843089580536"
"14279","0.15957245230674744","0.15957245230674744","0.15957245230674744"
"14281","0.16247262060642242","0.16247262060642242","0.16247262060642242"
"14282","0.14775410294532776","0.14775410294532776","0.14775410294532776"
"14292","0.1529873162508011","0.1529873162508011","0.1529873162508011"
"14298","0.09931967407464981","0.09931967407464981","0.09931967407464981"
"14299","0.12408144026994705","0.12408144026994705","0.12408144026994705"
"14303","0.18395140767097473","0.18395140767097473","0.18395140767097473"
"14307","0.11344113200902939","0.11344113200902939","0.11344113200902939"
"14319","0.1658429503440857","0.1658429503440857","0.1658429503440857"
"14322","0.21980617940425873","0.21980617940425873","0.21980617940425873"
"14337","0.1261521577835083","0.1261521577835083","0.1261521577835083"
"14338","0.12936407327651978","0.12936407327651978","0.12936407327651978"
"14340","0.18383261561393738","0.18383261561393738","0.18383261561393738"
"14343","0.12617380917072296","0.12617380917072296","0.12617380917072296"
"14344","0.11718056350946426","0.11718056350946426","0.11718056350946426"
"14345","0.09077944606542587","0.09077944606542587","0.09077944606542587"
"14349","0.14231830835342407","0.14231830835342407","0.14231830835342407"
"14359","0.1020037829875946","0.1020037829875946","0.1020037829875946"
"14360","0.0997912585735321","0.0997912585735321","0.0997912585735321"
"14367","0.13478943705558777","0.13478943705558777","0.13478943705558777"
"14378","0.07889313995838165","0.07889313995838165","0.07889313995838165"
"14380","0.09872831404209137","0.09872831404209137","0.09872831404209137"
"14383","0.10263800621032715","0.10263800621032715","0.10263800621032715"
"14390","0.09501848369836807","0.09501848369836807","0.09501848369836807"
"14392","0.11065185070037842","0.11065185070037842","0.11065185070037842"
"14419","0.0933276042342186","0.0933276042342186","0.0933276042342186"
"14423","0.15836822986602783","0.15836822986602783","0.15836822986602783"
"14437","0.12831611931324005","0.12831611931324005","0.12831611931324005"
"14440","0.07949401438236237","0.07949401438236237","0.07949401438236237"
"14443","0.15443608164787292","0.15443608164787292","0.15443608164787292"
"14449","0.10743166506290436","0.10743166506290436","0.10743166506290436"
"14452","0.13606631755828857","0.13606631755828857","0.13606631755828857"
"14457","0.09363356232643127","0.09363356232643127","0.09363356232643127"
"14458","0.17852678894996643","0.17852678894996643","0.17852678894996643"
"14462","0.08848007768392563","0.08848007768392563","0.08848007768392563"
"14472","0.12252183258533478","0.12252183258533478","0.12252183258533478"
"14479","0.06835778057575226","0.06835778057575226","0.06835778057575226"
"14482","0.14610767364501953","0.14610767364501953","0.14610767364501953"
"14483","0.09248989820480347","0.09248989820480347","0.09248989820480347"
"14484","0.0746692642569542","0.0746692642569542","0.0746692642569542"
"14485","0.0706559419631958","0.0706559419631958","0.0706559419631958"
"14486","0.12584227323532104","0.12584227323532104","0.12584227323532104"
"14495","0.05691064894199371","0.05691064894199371","0.05691064894199371"
"14508","0.11163433641195297","0.11163433641195297","0.11163433641195297"
"14510","0.11331377923488617","0.11331377923488617","0.11331377923488617"
"14512","0.10672049224376678","0.10672049224376678","0.10672049224376678"
"14513","0.10700361430644989","0.10700361430644989","0.10700361430644989"
"14516","0.06284365803003311","0.06284365803003311","0.06284365803003311"
"14518","0.15467190742492676","0.15467190742492676","0.15467190742492676"
"14528","0.09969349205493927","0.09969349205493927","0.09969349205493927"
"14530","0.2140488624572754","0.2140488624572754","0.2140488624572754"
"14540","0.1506129503250122","0.1506129503250122","0.1506129503250122"
"14541","0.21749059855937958","0.21749059855937958","0.21749059855937958"
"14553","0.14956359565258026","0.14956359565258026","0.14956359565258026"
"14559","0.13350488245487213","0.13350488245487213","0.13350488245487213"
"14563","0.09484758973121643","0.09484758973121643","0.09484758973121643"
"14566","0.09148284792900085","0.09148284792900085","0.09148284792900085"
"14567","0.10962174832820892","0.10962174832820892","0.10962174832820892"
"14568","0.08935365080833435","0.08935365080833435","0.08935365080833435"
"14571","0.09290696680545807","0.09290696680545807","0.09290696680545807"
"14576","0.1451597809791565","0.1451597809791565","0.1451597809791565"
"14581","0.11656034737825394","0.11656034737825394","0.11656034737825394"
"14590","0.10004119575023651","0.10004119575023651","0.10004119575023651"
"14594","0.10375717282295227","0.10375717282295227","0.10375717282295227"
"14607","0.09709437936544418","0.09709437936544418","0.09709437936544418"
"14611","0.1452440619468689","0.1452440619468689","0.1452440619468689"
"14612","0.10225825011730194","0.10225825011730194","0.10225825011730194"
"14613","0.15297278761863708","0.15297278761863708","0.15297278761863708"
"14616","0.16055506467819214","0.16055506467819214","0.16055506467819214"
"14627","0.1589834988117218","0.1589834988117218","0.1589834988117218"
"14630","0.11931323260068893","0.11931323260068893","0.11931323260068893"
"14631","0.15771272778511047","0.15771272778511047","0.15771272778511047"
"14635","0.11177507787942886","0.11177507787942886","0.11177507787942886"
"14639","0.11226654797792435","0.11226654797792435","0.11226654797792435"
"14641","0.09599213302135468","0.09599213302135468","0.09599213302135468"
"14647","0.06744910776615143","0.06744910776615143","0.06744910776615143"
"14653","0.04521133750677109","0.04521133750677109","0.04521133750677109"
"14654","0.23987171053886414","0.23987171053886414","0.23987171053886414"
"14655","0.13601835072040558","0.13601835072040558","0.13601835072040558"
"14656","0.1596928983926773","0.1596928983926773","0.1596928983926773"
"14664","0.13568252325057983","0.13568252325057983","0.13568252325057983"
"14666","0.11691246926784515","0.11691246926784515","0.11691246926784515"
"14668","0.14223596453666687","0.14223596453666687","0.14223596453666687"
"14672","0.15428294241428375","0.15428294241428375","0.15428294241428375"
"14673","0.09563665091991425","0.09563665091991425","0.09563665091991425"
"14678","0.09333008527755737","0.09333008527755737","0.09333008527755737"
"14679","0.16502229869365692","0.16502229869365692","0.16502229869365692"
"14688","0.10854093730449677","0.10854093730449677","0.10854093730449677"
"14690","0.08909264951944351","0.08909264951944351","0.08909264951944351"
"14693","0.18303722143173218","0.18303722143173218","0.18303722143173218"
"14698","0.19651830196380615","0.19651830196380615","0.19651830196380615"
"14709","0.11848972737789154","0.11848972737789154","0.11848972737789154"
"14710","0.20115184783935547","0.20115184783935547","0.20115184783935547"
"14711","0.09831420332193375","0.09831420332193375","0.09831420332193375"
"14716","0.08786209672689438","0.08786209672689438","0.08786209672689438"
"14718","0.12795597314834595","0.12795597314834595","0.12795597314834595"
"14719","0.16202232241630554","0.16202232241630554","0.16202232241630554"
"14724","0.08899078518152237","0.08899078518152237","0.08899078518152237"
"14725","0.09377514570951462","0.09377514570951462","0.09377514570951462"
"14734","0.11456303298473358","0.11456303298473358","0.11456303298473358"
"14737","0.0904223844408989","0.0904223844408989","0.0904223844408989"
"14738","0.15607468783855438","0.15607468783855438","0.15607468783855438"
"14747","0.1384991854429245","0.1384991854429245","0.1384991854429245"
"14748","0.06644750386476517","0.06644750386476517","0.06644750386476517"
"14750","0.12963788211345673","0.12963788211345673","0.12963788211345673"
"14753","0.21185079216957092","0.21185079216957092","0.21185079216957092"
"14754","0.08338119089603424","0.08338119089603424","0.08338119089603424"
"14757","0.15227113664150238","0.15227113664150238","0.15227113664150238"
"14758","0.13629567623138428","0.13629567623138428","0.13629567623138428"
"14763","0.12148058414459229","0.12148058414459229","0.12148058414459229"
"14772","0.1484374701976776","0.1484374701976776","0.1484374701976776"
"14777","0.07448948919773102","0.07448948919773102","0.07448948919773102"
"14779","0.1611132025718689","0.1611132025718689","0.1611132025718689"
"14783","0.10588827729225159","0.10588827729225159","0.10588827729225159"
"14785","0.0853460282087326","0.0853460282087326","0.0853460282087326"
"14788","0.12632468342781067","0.12632468342781067","0.12632468342781067"
"14793","0.11382963508367538","0.11382963508367538","0.11382963508367538"
"14798","0.09321282058954239","0.09321282058954239","0.09321282058954239"
"14799","0.09121116995811462","0.09121116995811462","0.09121116995811462"
"14801","0.13963313400745392","0.13963313400745392","0.13963313400745392"
"14805","0.16086281836032867","0.16086281836032867","0.16086281836032867"
"14806","0.17302198708057404","0.17302198708057404","0.17302198708057404"
"14826","0.07014606893062592","0.07014606893062592","0.07014606893062592"
"14831","0.1419934332370758","0.1419934332370758","0.1419934332370758"
"14850","0.1518048793077469","0.1518048793077469","0.1518048793077469"
"14862","0.13737624883651733","0.13737624883651733","0.13737624883651733"
"14864","0.10523101687431335","0.10523101687431335","0.10523101687431335"
"14870","0.14524202048778534","0.14524202048778534","0.14524202048778534"
"14875","0.1307850331068039","0.1307850331068039","0.1307850331068039"
"14876","0.14390043914318085","0.14390043914318085","0.14390043914318085"
"14877","0.07180774211883545","0.07180774211883545","0.07180774211883545"
"14879","0.09938815236091614","0.09938815236091614","0.09938815236091614"
"14885","0.09547668695449829","0.09547668695449829","0.09547668695449829"
"14887","0.07518138736486435","0.07518138736486435","0.07518138736486435"
"14889","0.11672001332044601","0.11672001332044601","0.11672001332044601"
"14895","0.10782788693904877","0.10782788693904877","0.10782788693904877"
"14900","0.11774344742298126","0.11774344742298126","0.11774344742298126"
"14903","0.12166036665439606","0.12166036665439606","0.12166036665439606"
"14906","0.13164827227592468","0.13164827227592468","0.13164827227592468"
"14907","0.10206472873687744","0.10206472873687744","0.10206472873687744"
"14908","0.13036228716373444","0.13036228716373444","0.13036228716373444"
"14910","0.06709282845258713","0.06709282845258713","0.06709282845258713"
"14912","0.14112982153892517","0.14112982153892517","0.14112982153892517"
"14917","0.06417618691921234","0.06417618691921234","0.06417618691921234"
"14925","0.08507803827524185","0.08507803827524185","0.08507803827524185"
"14929","0.13455915451049805","0.13455915451049805","0.13455915451049805"
"14932","0.14841367304325104","0.14841367304325104","0.14841367304325104"
"14935","0.1336139440536499","0.1336139440536499","0.1336139440536499"
"14940","0.14976048469543457","0.14976048469543457","0.14976048469543457"
"14955","0.06792410463094711","0.06792410463094711","0.06792410463094711"
"14956","0.143515944480896","0.143515944480896","0.143515944480896"
"14960","0.0778186023235321","0.0778186023235321","0.0778186023235321"
"14968","0.12373467534780502","0.12373467534780502","0.12373467534780502"
"14978","0.11496369540691376","0.11496369540691376","0.11496369540691376"
"14981","0.13605503737926483","0.13605503737926483","0.13605503737926483"
"14983","0.15674170851707458","0.15674170851707458","0.15674170851707458"
"14985","0.11170867830514908","0.11170867830514908","0.11170867830514908"
"14989","0.10031147301197052","0.10031147301197052","0.10031147301197052"
"15003","0.059514157474040985","0.059514157474040985","0.059514157474040985"
"15004","0.04980504512786865","0.04980504512786865","0.04980504512786865"
"15008","0.11964724212884903","0.11964724212884903","0.11964724212884903"
"15012","0.14058160781860352","0.14058160781860352","0.14058160781860352"
"15014","0.1477021425962448","0.1477021425962448","0.1477021425962448"
"15017","0.13456562161445618","0.13456562161445618","0.13456562161445618"
"15021","0.09735870361328125","0.09735870361328125","0.09735870361328125"
"15033","0.09987914562225342","0.09987914562225342","0.09987914562225342"
"15034","0.09213666617870331","0.09213666617870331","0.09213666617870331"
"15037","0.13430532813072205","0.13430532813072205","0.13430532813072205"
"15042","0.07202338427305222","0.07202338427305222","0.07202338427305222"
"15044","0.1357417106628418","0.1357417106628418","0.1357417106628418"
"15048","0.11177010834217072","0.11177010834217072","0.11177010834217072"
"15055","0.12870335578918457","0.12870335578918457","0.12870335578918457"
"15064","0.10676309466362","0.10676309466362","0.10676309466362"
"15077","0.1440870612859726","0.1440870612859726","0.1440870612859726"
"15078","0.10838790237903595","0.10838790237903595","0.10838790237903595"
"15084","0.08476439118385315","0.08476439118385315","0.08476439118385315"
"15086","0.11307376623153687","0.11307376623153687","0.11307376623153687"
"15088","0.13259020447731018","0.13259020447731018","0.13259020447731018"
"15089","0.12106750905513763","0.12106750905513763","0.12106750905513763"
"15092","0.054386403411626816","0.054386403411626816","0.054386403411626816"
"15099","0.0873992070555687","0.0873992070555687","0.0873992070555687"
"15100","0.16854949295520782","0.16854949295520782","0.16854949295520782"
"15108","0.12019859254360199","0.12019859254360199","0.12019859254360199"
"15111","0.1424323320388794","0.1424323320388794","0.1424323320388794"
"15114","0.09921161830425262","0.09921161830425262","0.09921161830425262"
"15124","0.09632239490747452","0.09632239490747452","0.09632239490747452"
"15132","0.14227867126464844","0.14227867126464844","0.14227867126464844"
"15140","0.17654211819171906","0.17654211819171906","0.17654211819171906"
"15150","0.05829177796840668","0.05829177796840668","0.05829177796840668"
"15151","0.21271851658821106","0.21271851658821106","0.21271851658821106"
"15154","0.1339235007762909","0.1339235007762909","0.1339235007762909"
"15157","0.12106359750032425","0.12106359750032425","0.12106359750032425"
"15158","0.1347510665655136","0.1347510665655136","0.1347510665655136"
"15159","0.12435614317655563","0.12435614317655563","0.12435614317655563"
"15165","0.07253925502300262","0.07253925502300262","0.07253925502300262"
"15177","0.09238643944263458","0.09238643944263458","0.09238643944263458"
"15179","0.10127991437911987","0.10127991437911987","0.10127991437911987"
"15182","0.0933384895324707","0.0933384895324707","0.0933384895324707"
"15183","0.06997432559728622","0.06997432559728622","0.06997432559728622"
"15186","0.10051383078098297","0.10051383078098297","0.10051383078098297"
"15187","0.1261327564716339","0.1261327564716339","0.1261327564716339"
"15198","0.10313522070646286","0.10313522070646286","0.10313522070646286"
"15207","0.13629235327243805","0.13629235327243805","0.13629235327243805"
"15219","0.13548386096954346","0.13548386096954346","0.13548386096954346"
"15223","0.03731671720743179","0.03731671720743179","0.03731671720743179"
"15226","0.10064929723739624","0.10064929723739624","0.10064929723739624"
"15227","0.10795622318983078","0.10795622318983078","0.10795622318983078"
"15228","0.10861088335514069","0.10861088335514069","0.10861088335514069"
"15230","0.1472204625606537","0.1472204625606537","0.1472204625606537"
"15234","0.12046540528535843","0.12046540528535843","0.12046540528535843"
"15235","0.0832829475402832","0.0832829475402832","0.0832829475402832"
"15236","0.16675922274589539","0.16675922274589539","0.16675922274589539"
"15240","0.1265416443347931","0.1265416443347931","0.1265416443347931"
"15241","0.10485134273767471","0.10485134273767471","0.10485134273767471"
"15243","0.15529076755046844","0.15529076755046844","0.15529076755046844"
"15245","0.05557627975940704","0.05557627975940704","0.05557627975940704"
"15249","0.09501298516988754","0.09501298516988754","0.09501298516988754"
"15261","0.08878172188997269","0.08878172188997269","0.08878172188997269"
"15283","0.0573335662484169","0.0573335662484169","0.0573335662484169"
"15285","0.12411786615848541","0.12411786615848541","0.12411786615848541"
"15290","0.18394044041633606","0.18394044041633606","0.18394044041633606"
"15294","0.10315978527069092","0.10315978527069092","0.10315978527069092"
"15303","0.10841934382915497","0.10841934382915497","0.10841934382915497"
"15307","0.09443444013595581","0.09443444013595581","0.09443444013595581"
"15308","0.089757539331913","0.089757539331913","0.089757539331913"
"15310","0.10042064636945724","0.10042064636945724","0.10042064636945724"
"15314","0.08700573444366455","0.08700573444366455","0.08700573444366455"
"15323","0.13471263647079468","0.13471263647079468","0.13471263647079468"
"15330","0.16276879608631134","0.16276879608631134","0.16276879608631134"
"15333","0.1178361177444458","0.1178361177444458","0.1178361177444458"
"15336","0.107001394033432","0.107001394033432","0.107001394033432"
"15347","0.09933190047740936","0.09933190047740936","0.09933190047740936"
"15350","0.1511327028274536","0.1511327028274536","0.1511327028274536"
"15354","0.06125466525554657","0.06125466525554657","0.06125466525554657"
"15363","0.09961184859275818","0.09961184859275818","0.09961184859275818"
"15367","0.03544311970472336","0.03544311970472336","0.03544311970472336"
"15386","0.13422507047653198","0.13422507047653198","0.13422507047653198"
"15390","0.0807301253080368","0.0807301253080368","0.0807301253080368"
"15405","0.1225108727812767","0.1225108727812767","0.1225108727812767"
"15410","0.08445101976394653","0.08445101976394653","0.08445101976394653"
"15417","0.10965223610401154","0.10965223610401154","0.10965223610401154"
"15422","0.1392701417207718","0.1392701417207718","0.1392701417207718"
"15424","0.0786154493689537","0.0786154493689537","0.0786154493689537"
"15429","0.140560120344162","0.140560120344162","0.140560120344162"
"15435","0.13324187695980072","0.13324187695980072","0.13324187695980072"
"15442","0.12799160182476044","0.12799160182476044","0.12799160182476044"
"15444","0.18988561630249023","0.18988561630249023","0.18988561630249023"
"15445","0.06968691945075989","0.06968691945075989","0.06968691945075989"
"15447","0.10012015700340271","0.10012015700340271","0.10012015700340271"
"15449","0.14424332976341248","0.14424332976341248","0.14424332976341248"
"15451","0.12101512402296066","0.12101512402296066","0.12101512402296066"
"15455","0.10300423204898834","0.10300423204898834","0.10300423204898834"
"15460","0.16350549459457397","0.16350549459457397","0.16350549459457397"
"15465","0.11962547898292542","0.11962547898292542","0.11962547898292542"
"15468","0.09125201404094696","0.09125201404094696","0.09125201404094696"
"15469","0.15218095481395721","0.15218095481395721","0.15218095481395721"
"15470","0.11949164420366287","0.11949164420366287","0.11949164420366287"
"15472","0.15162384510040283","0.15162384510040283","0.15162384510040283"
"15475","0.11486107110977173","0.11486107110977173","0.11486107110977173"
"15476","0.08943641185760498","0.08943641185760498","0.08943641185760498"
"15477","0.10026513040065765","0.10026513040065765","0.10026513040065765"
"15482","0.12958911061286926","0.12958911061286926","0.12958911061286926"
"15491","0.09985950589179993","0.09985950589179993","0.09985950589179993"
"15492","0.16714617609977722","0.16714617609977722","0.16714617609977722"
"15498","0.15995153784751892","0.15995153784751892","0.15995153784751892"
"15505","0.12462369352579117","0.12462369352579117","0.12462369352579117"
"15507","0.10106956213712692","0.10106956213712692","0.10106956213712692"
"15513","0.11613495647907257","0.11613495647907257","0.11613495647907257"
"15517","0.10319901257753372","0.10319901257753372","0.10319901257753372"
"15536","0.11733700335025787","0.11733700335025787","0.11733700335025787"
"15546","0.16325578093528748","0.16325578093528748","0.16325578093528748"
"15550","0.11564841866493225","0.11564841866493225","0.11564841866493225"
"15553","0.16591230034828186","0.16591230034828186","0.16591230034828186"
"15559","0.1668475717306137","0.1668475717306137","0.1668475717306137"
"15567","0.1012607142329216","0.1012607142329216","0.1012607142329216"
"15568","0.1259724497795105","0.1259724497795105","0.1259724497795105"
"15571","0.15964823961257935","0.15964823961257935","0.15964823961257935"
"15574","0.15346607565879822","0.15346607565879822","0.15346607565879822"
"15582","0.20775559544563293","0.20775559544563293","0.20775559544563293"
"15584","0.08879934996366501","0.08879934996366501","0.08879934996366501"
"15594","0.12503749132156372","0.12503749132156372","0.12503749132156372"
"15595","0.13181127607822418","0.13181127607822418","0.13181127607822418"
"15606","0.11407457292079926","0.11407457292079926","0.11407457292079926"
"15607","0.10976872593164444","0.10976872593164444","0.10976872593164444"
"15613","0.11237215995788574","0.11237215995788574","0.11237215995788574"
"15620","0.14572636783123016","0.14572636783123016","0.14572636783123016"
"15631","0.09280141443014145","0.09280141443014145","0.09280141443014145"
"15639","0.08075124025344849","0.08075124025344849","0.08075124025344849"
"15641","0.11525097489356995","0.11525097489356995","0.11525097489356995"
"15644","0.05855401232838631","0.05855401232838631","0.05855401232838631"
"15646","0.19779960811138153","0.19779960811138153","0.19779960811138153"
"15656","0.09405641257762909","0.09405641257762909","0.09405641257762909"
"15657","0.09438902139663696","0.09438902139663696","0.09438902139663696"
"15662","0.13754034042358398","0.13754034042358398","0.13754034042358398"
"15663","0.15535898506641388","0.15535898506641388","0.15535898506641388"
"15667","0.15344253182411194","0.15344253182411194","0.15344253182411194"
"15674","0.06646152585744858","0.06646152585744858","0.06646152585744858"
"15682","0.16084328293800354","0.16084328293800354","0.16084328293800354"
"15684","0.06340664625167847","0.06340664625167847","0.06340664625167847"
"15685","0.1495549976825714","0.1495549976825714","0.1495549976825714"
"15687","0.1605062484741211","0.1605062484741211","0.1605062484741211"
"15688","0.1733483523130417","0.1733483523130417","0.1733483523130417"
"15692","0.17667758464813232","0.17667758464813232","0.17667758464813232"
"15693","0.10254736244678497","0.10254736244678497","0.10254736244678497"
"15700","0.161439910531044","0.161439910531044","0.161439910531044"
"15701","0.119906947016716","0.119906947016716","0.119906947016716"
"15707","0.08630810678005219","0.08630810678005219","0.08630810678005219"
"15711","0.043670546263456345","0.043670546263456345","0.043670546263456345"
"15712","0.11533956974744797","0.11533956974744797","0.11533956974744797"
"15713","0.08362641930580139","0.08362641930580139","0.08362641930580139"
"15714","0.07047448307275772","0.07047448307275772","0.07047448307275772"
"15716","0.10076369345188141","0.10076369345188141","0.10076369345188141"
"15717","0.07941806316375732","0.07941806316375732","0.07941806316375732"
"15736","0.15698890388011932","0.15698890388011932","0.15698890388011932"
"15741","0.16139236092567444","0.16139236092567444","0.16139236092567444"
"15747","0.11568740010261536","0.11568740010261536","0.11568740010261536"
"15748","0.16112267971038818","0.16112267971038818","0.16112267971038818"
"15749","0.12048174440860748","0.12048174440860748","0.12048174440860748"
"15750","0.12181312590837479","0.12181312590837479","0.12181312590837479"
"15761","0.1272633820772171","0.1272633820772171","0.1272633820772171"
"15764","0.1488085836172104","0.1488085836172104","0.1488085836172104"
"15774","0.06638932973146439","0.06638932973146439","0.06638932973146439"
"15777","0.0666852742433548","0.0666852742433548","0.0666852742433548"
"15780","0.19690877199172974","0.19690877199172974","0.19690877199172974"
"15788","0.06163346394896507","0.06163346394896507","0.06163346394896507"
"15789","0.127113938331604","0.127113938331604","0.127113938331604"
"15801","0.1280444860458374","0.1280444860458374","0.1280444860458374"
"15803","0.17612561583518982","0.17612561583518982","0.17612561583518982"
"15805","0.08696335554122925","0.08696335554122925","0.08696335554122925"
"15806","0.0711994543671608","0.0711994543671608","0.0711994543671608"
"15808","0.09569612145423889","0.09569612145423889","0.09569612145423889"
"15816","0.11117766052484512","0.11117766052484512","0.11117766052484512"
"15817","0.13504470884799957","0.13504470884799957","0.13504470884799957"
"15819","0.07687146961688995","0.07687146961688995","0.07687146961688995"
"15827","0.11360333114862442","0.11360333114862442","0.11360333114862442"
"15829","0.0960572212934494","0.0960572212934494","0.0960572212934494"
"15832","0.16020576655864716","0.16020576655864716","0.16020576655864716"
"15838","0.10625418275594711","0.10625418275594711","0.10625418275594711"
"15845","0.15757200121879578","0.15757200121879578","0.15757200121879578"
"15846","0.1240391731262207","0.1240391731262207","0.1240391731262207"
"15849","0.2032141387462616","0.2032141387462616","0.2032141387462616"
"15857","0.12321873009204865","0.12321873009204865","0.12321873009204865"
"15861","0.10569357872009277","0.10569357872009277","0.10569357872009277"
"15868","0.13281261920928955","0.13281261920928955","0.13281261920928955"
"15879","0.13103213906288147","0.13103213906288147","0.13103213906288147"
"15889","0.0772983580827713","0.0772983580827713","0.0772983580827713"
"15890","0.09282486140727997","0.09282486140727997","0.09282486140727997"
"15891","0.09674034267663956","0.09674034267663956","0.09674034267663956"
"15898","0.10519347339868546","0.10519347339868546","0.10519347339868546"
"15899","0.11290493607521057","0.11290493607521057","0.11290493607521057"
"15900","0.04421292245388031","0.04421292245388031","0.04421292245388031"
"15901","0.08576447516679764","0.08576447516679764","0.08576447516679764"
"15904","0.09757613390684128","0.09757613390684128","0.09757613390684128"
"15912","0.13130781054496765","0.13130781054496765","0.13130781054496765"
"15913","0.1750621199607849","0.1750621199607849","0.1750621199607849"
"15917","0.09724140167236328","0.09724140167236328","0.09724140167236328"
"15919","0.223638117313385","0.223638117313385","0.223638117313385"
"15923","0.07161007076501846","0.07161007076501846","0.07161007076501846"
"15924","0.166253000497818","0.166253000497818","0.166253000497818"
"15926","0.16089053452014923","0.16089053452014923","0.16089053452014923"
"15927","0.09654898196458817","0.09654898196458817","0.09654898196458817"
"15928","0.12923023104667664","0.12923023104667664","0.12923023104667664"
"15942","0.14488951861858368","0.14488951861858368","0.14488951861858368"
"15953","0.07909171283245087","0.07909171283245087","0.07909171283245087"
"15955","0.07876476645469666","0.07876476645469666","0.07876476645469666"
"15956","0.16429771482944489","0.16429771482944489","0.16429771482944489"
"15957","0.09412629902362823","0.09412629902362823","0.09412629902362823"
"15961","0.13265147805213928","0.13265147805213928","0.13265147805213928"
"15966","0.10221400856971741","0.10221400856971741","0.10221400856971741"
"15976","0.10691583156585693","0.10691583156585693","0.10691583156585693"
"15987","0.12950542569160461","0.12950542569160461","0.12950542569160461"
"15992","0.122115358710289","0.122115358710289","0.122115358710289"
"15997","0.1214466542005539","0.1214466542005539","0.1214466542005539"
"16000","0.155124694108963","0.155124694108963","0.155124694108963"
"16001","0.13641369342803955","0.13641369342803955","0.13641369342803955"
"16008","0.1917351484298706","0.1917351484298706","0.1917351484298706"
"16012","0.12758857011795044","0.12758857011795044","0.12758857011795044"
"16020","0.0818844586610794","0.0818844586610794","0.0818844586610794"
"16023","0.20060908794403076","0.20060908794403076","0.20060908794403076"
"16032","0.11482314765453339","0.11482314765453339","0.11482314765453339"
"16036","0.12020662426948547","0.12020662426948547","0.12020662426948547"
"16044","0.11064748466014862","0.11064748466014862","0.11064748466014862"
"16052","0.08474284410476685","0.08474284410476685","0.08474284410476685"
"16053","0.0773986428976059","0.0773986428976059","0.0773986428976059"
"16056","0.06837506592273712","0.06837506592273712","0.06837506592273712"
"16059","0.12438846379518509","0.12438846379518509","0.12438846379518509"
"16071","0.08941034227609634","0.08941034227609634","0.08941034227609634"
"16074","0.06275531649589539","0.06275531649589539","0.06275531649589539"
"16076","0.08669789135456085","0.08669789135456085","0.08669789135456085"
"16078","0.0875338464975357","0.0875338464975357","0.0875338464975357"
"16079","0.1277698129415512","0.1277698129415512","0.1277698129415512"
"16082","0.1439148485660553","0.1439148485660553","0.1439148485660553"
"16087","0.1305757462978363","0.1305757462978363","0.1305757462978363"
"16089","0.12223704159259796","0.12223704159259796","0.12223704159259796"
"16092","0.11697245389223099","0.11697245389223099","0.11697245389223099"
"16093","0.09929672628641129","0.09929672628641129","0.09929672628641129"
"16096","0.13724353909492493","0.13724353909492493","0.13724353909492493"
"16101","0.04507380351424217","0.04507380351424217","0.04507380351424217"
"16104","0.1276502013206482","0.1276502013206482","0.1276502013206482"
"16118","0.11172358691692352","0.11172358691692352","0.11172358691692352"
"16136","0.1336737871170044","0.1336737871170044","0.1336737871170044"
"16138","0.16369426250457764","0.16369426250457764","0.16369426250457764"
"16143","0.14661461114883423","0.14661461114883423","0.14661461114883423"
"16146","0.09141041338443756","0.09141041338443756","0.09141041338443756"
"16148","0.14774538576602936","0.14774538576602936","0.14774538576602936"
"16149","0.09141537547111511","0.09141537547111511","0.09141537547111511"
"16155","0.1540220081806183","0.1540220081806183","0.1540220081806183"
"16164","0.06197875738143921","0.06197875738143921","0.06197875738143921"
"16165","0.06733356416225433","0.06733356416225433","0.06733356416225433"
"16182","0.13972589373588562","0.13972589373588562","0.13972589373588562"
"16184","0.09109358489513397","0.09109358489513397","0.09109358489513397"
"16190","0.08194130659103394","0.08194130659103394","0.08194130659103394"
"16194","0.08362814784049988","0.08362814784049988","0.08362814784049988"
"16195","0.10238067060709","0.10238067060709","0.10238067060709"
"16198","0.12370320409536362","0.12370320409536362","0.12370320409536362"
"16200","0.1456453800201416","0.1456453800201416","0.1456453800201416"
"16203","0.11583971977233887","0.11583971977233887","0.11583971977233887"
"16204","0.19779297709465027","0.19779297709465027","0.19779297709465027"
"16206","0.08731001615524292","0.08731001615524292","0.08731001615524292"
"16208","0.08733656257390976","0.08733656257390976","0.08733656257390976"
"16215","0.16072943806648254","0.16072943806648254","0.16072943806648254"
"16216","0.1308710277080536","0.1308710277080536","0.1308710277080536"
"16224","0.11630870401859283","0.11630870401859283","0.11630870401859283"
"16226","0.09615332633256912","0.09615332633256912","0.09615332633256912"
"16230","0.13825523853302002","0.13825523853302002","0.13825523853302002"
"16239","0.11376823484897614","0.11376823484897614","0.11376823484897614"
"16241","0.15181362628936768","0.15181362628936768","0.15181362628936768"
"16243","0.11317175626754761","0.11317175626754761","0.11317175626754761"
"16250","0.09271610528230667","0.09271610528230667","0.09271610528230667"
"16255","0.08736970275640488","0.08736970275640488","0.08736970275640488"
"16261","0.10909935086965561","0.10909935086965561","0.10909935086965561"
"16266","0.1264953762292862","0.1264953762292862","0.1264953762292862"
"16269","0.11022631078958511","0.11022631078958511","0.11022631078958511"
"16273","0.15130510926246643","0.15130510926246643","0.15130510926246643"
"16274","0.12241479754447937","0.12241479754447937","0.12241479754447937"
"16279","0.1101924479007721","0.1101924479007721","0.1101924479007721"
"16281","0.1667240858078003","0.1667240858078003","0.1667240858078003"
"16283","0.08211880922317505","0.08211880922317505","0.08211880922317505"
"16285","0.12769371271133423","0.12769371271133423","0.12769371271133423"
"16288","0.12250053137540817","0.12250053137540817","0.12250053137540817"
"16291","0.1334322690963745","0.1334322690963745","0.1334322690963745"
"16295","0.08863325417041779","0.08863325417041779","0.08863325417041779"
"16299","0.13812601566314697","0.13812601566314697","0.13812601566314697"
"16300","0.09943409264087677","0.09943409264087677","0.09943409264087677"
"16307","0.17778539657592773","0.17778539657592773","0.17778539657592773"
"16309","0.13389763236045837","0.13389763236045837","0.13389763236045837"
"16313","0.11239373683929443","0.11239373683929443","0.11239373683929443"
"16315","0.12864361703395844","0.12864361703395844","0.12864361703395844"
"16317","0.08916930109262466","0.08916930109262466","0.08916930109262466"
"16319","0.08205833286046982","0.08205833286046982","0.08205833286046982"
"16320","0.07282809913158417","0.07282809913158417","0.07282809913158417"
"16330","0.12637123465538025","0.12637123465538025","0.12637123465538025"
"16334","0.1673106998205185","0.1673106998205185","0.1673106998205185"
"16337","0.07128115743398666","0.07128115743398666","0.07128115743398666"
"16340","0.0978291779756546","0.0978291779756546","0.0978291779756546"
"16342","0.12888720631599426","0.12888720631599426","0.12888720631599426"
"16343","0.06353961676359177","0.06353961676359177","0.06353961676359177"
"16349","0.10549481213092804","0.10549481213092804","0.10549481213092804"
"16351","0.10014592111110687","0.10014592111110687","0.10014592111110687"
"16353","0.09074242413043976","0.09074242413043976","0.09074242413043976"
"16358","0.12395836412906647","0.12395836412906647","0.12395836412906647"
"16363","0.13803178071975708","0.13803178071975708","0.13803178071975708"
"16370","0.12037990987300873","0.12037990987300873","0.12037990987300873"
"16382","0.08158478140830994","0.08158478140830994","0.08158478140830994"
"16390","0.10956797003746033","0.10956797003746033","0.10956797003746033"
"16391","0.08247843384742737","0.08247843384742737","0.08247843384742737"
"16396","0.19165341556072235","0.19165341556072235","0.19165341556072235"
"16400","0.17275221645832062","0.17275221645832062","0.17275221645832062"
"16411","0.13199615478515625","0.13199615478515625","0.13199615478515625"
"16412","0.11376731842756271","0.11376731842756271","0.11376731842756271"
"16425","0.08092223852872849","0.08092223852872849","0.08092223852872849"
"16431","0.06916177272796631","0.06916177272796631","0.06916177272796631"
"16435","0.05782940611243248","0.05782940611243248","0.05782940611243248"
"16436","0.11074598133563995","0.11074598133563995","0.11074598133563995"
"16453","0.11125712841749191","0.11125712841749191","0.11125712841749191"
"16458","0.16845089197158813","0.16845089197158813","0.16845089197158813"
"16462","0.06552821397781372","0.06552821397781372","0.06552821397781372"
"16467","0.11093001067638397","0.11093001067638397","0.11093001067638397"
"16470","0.12710079550743103","0.12710079550743103","0.12710079550743103"
"16474","0.09282791614532471","0.09282791614532471","0.09282791614532471"
"16484","0.138042151927948","0.138042151927948","0.138042151927948"
"16486","0.06262055039405823","0.06262055039405823","0.06262055039405823"
"16488","0.12786677479743958","0.12786677479743958","0.12786677479743958"
"16489","0.13765740394592285","0.13765740394592285","0.13765740394592285"
"16490","0.09742094576358795","0.09742094576358795","0.09742094576358795"
"16491","0.12342876195907593","0.12342876195907593","0.12342876195907593"
"16492","0.08437274396419525","0.08437274396419525","0.08437274396419525"
"16498","0.09724016487598419","0.09724016487598419","0.09724016487598419"
"16502","0.1292853057384491","0.1292853057384491","0.1292853057384491"
"16503","0.13715392351150513","0.13715392351150513","0.13715392351150513"
"16506","0.0938759446144104","0.0938759446144104","0.0938759446144104"
"16507","0.1392614096403122","0.1392614096403122","0.1392614096403122"
"16511","0.0888950526714325","0.0888950526714325","0.0888950526714325"
"16517","0.16180358827114105","0.16180358827114105","0.16180358827114105"
"16519","0.13842515647411346","0.13842515647411346","0.13842515647411346"
"16523","0.05601928383111954","0.05601928383111954","0.05601928383111954"
"16528","0.09306617826223373","0.09306617826223373","0.09306617826223373"
"16530","0.10063526034355164","0.10063526034355164","0.10063526034355164"
"16531","0.1185218021273613","0.1185218021273613","0.1185218021273613"
"16535","0.14314043521881104","0.14314043521881104","0.14314043521881104"
"16541","0.13989952206611633","0.13989952206611633","0.13989952206611633"
"16542","0.10367299616336823","0.10367299616336823","0.10367299616336823"
"16545","0.12944647669792175","0.12944647669792175","0.12944647669792175"
"16555","0.10184478759765625","0.10184478759765625","0.10184478759765625"
"16557","0.08430048078298569","0.08430048078298569","0.08430048078298569"
"16570","0.10107043385505676","0.10107043385505676","0.10107043385505676"
"16572","0.09440478682518005","0.09440478682518005","0.09440478682518005"
"16582","0.10822154581546783","0.10822154581546783","0.10822154581546783"
"16583","0.08396243304014206","0.08396243304014206","0.08396243304014206"
"16586","0.15350791811943054","0.15350791811943054","0.15350791811943054"
"16587","0.1054108589887619","0.1054108589887619","0.1054108589887619"
"16588","0.12897899746894836","0.12897899746894836","0.12897899746894836"
"16595","0.17321082949638367","0.17321082949638367","0.17321082949638367"
"16597","0.09282739460468292","0.09282739460468292","0.09282739460468292"
"16613","0.15113940834999084","0.15113940834999084","0.15113940834999084"
"16614","0.18397684395313263","0.18397684395313263","0.18397684395313263"
"16616","0.14183305203914642","0.14183305203914642","0.14183305203914642"
"16617","0.11980023235082626","0.11980023235082626","0.11980023235082626"
"16618","0.0648631602525711","0.0648631602525711","0.0648631602525711"
"16622","0.11524175107479095","0.11524175107479095","0.11524175107479095"
"16624","0.05240636691451073","0.05240636691451073","0.05240636691451073"
"16626","0.11337519437074661","0.11337519437074661","0.11337519437074661"
"16629","0.09860936552286148","0.09860936552286148","0.09860936552286148"
"16631","0.09274826943874359","0.09274826943874359","0.09274826943874359"
"16635","0.1428658366203308","0.1428658366203308","0.1428658366203308"
"16637","0.08049358427524567","0.08049358427524567","0.08049358427524567"
"16640","0.172076016664505","0.172076016664505","0.172076016664505"
"16642","0.08763886988162994","0.08763886988162994","0.08763886988162994"
"16649","0.12106715142726898","0.12106715142726898","0.12106715142726898"
"16650","0.17163820564746857","0.17163820564746857","0.17163820564746857"
"16655","0.10085996985435486","0.10085996985435486","0.10085996985435486"
"16656","0.13077202439308167","0.13077202439308167","0.13077202439308167"
"16657","0.12763364613056183","0.12763364613056183","0.12763364613056183"
"16660","0.17589867115020752","0.17589867115020752","0.17589867115020752"
"16671","0.07821477949619293","0.07821477949619293","0.07821477949619293"
"16673","0.09447138011455536","0.09447138011455536","0.09447138011455536"
"16686","0.06541776657104492","0.06541776657104492","0.06541776657104492"
"16687","0.10089447349309921","0.10089447349309921","0.10089447349309921"
"16690","0.11584466695785522","0.11584466695785522","0.11584466695785522"
"16692","0.19127997756004333","0.19127997756004333","0.19127997756004333"
"16694","0.16530105471611023","0.16530105471611023","0.16530105471611023"
"16696","0.13489042222499847","0.13489042222499847","0.13489042222499847"
"16705","0.14989595115184784","0.14989595115184784","0.14989595115184784"
"16706","0.11206613481044769","0.11206613481044769","0.11206613481044769"
"16719","0.14466562867164612","0.14466562867164612","0.14466562867164612"
"16722","0.15021146833896637","0.15021146833896637","0.15021146833896637"
"16725","0.10149428248405457","0.10149428248405457","0.10149428248405457"
"16726","0.14148330688476562","0.14148330688476562","0.14148330688476562"
"16732","0.1064077764749527","0.1064077764749527","0.1064077764749527"
"16735","0.10390645265579224","0.10390645265579224","0.10390645265579224"
"16737","0.13029341399669647","0.13029341399669647","0.13029341399669647"
"16740","0.13078439235687256","0.13078439235687256","0.13078439235687256"
"16746","0.14345212280750275","0.14345212280750275","0.14345212280750275"
"16748","0.05442312732338905","0.05442312732338905","0.05442312732338905"
"16753","0.08377419412136078","0.08377419412136078","0.08377419412136078"
"16759","0.14015421271324158","0.14015421271324158","0.14015421271324158"
"16760","0.11122633516788483","0.11122633516788483","0.11122633516788483"
"16763","0.11891935765743256","0.11891935765743256","0.11891935765743256"
"16765","0.08377020061016083","0.08377020061016083","0.08377020061016083"
"16768","0.12303267419338226","0.12303267419338226","0.12303267419338226"
"16781","0.09285764396190643","0.09285764396190643","0.09285764396190643"
"16784","0.20717042684555054","0.20717042684555054","0.20717042684555054"
"16786","0.18540260195732117","0.18540260195732117","0.18540260195732117"
"16787","0.06849208474159241","0.06849208474159241","0.06849208474159241"
"16788","0.13204729557037354","0.13204729557037354","0.13204729557037354"
"16793","0.09998560696840286","0.09998560696840286","0.09998560696840286"
"16795","0.14934438467025757","0.14934438467025757","0.14934438467025757"
"16796","0.06944074481725693","0.06944074481725693","0.06944074481725693"
"16799","0.138749361038208","0.138749361038208","0.138749361038208"
"16802","0.130274698138237","0.130274698138237","0.130274698138237"
"16805","0.12767243385314941","0.12767243385314941","0.12767243385314941"
"16815","0.12116220593452454","0.12116220593452454","0.12116220593452454"
"16817","0.10726985335350037","0.10726985335350037","0.10726985335350037"
"16819","0.155095636844635","0.155095636844635","0.155095636844635"
"16820","0.1983819603919983","0.1983819603919983","0.1983819603919983"
"16821","0.09974217414855957","0.09974217414855957","0.09974217414855957"
"16823","0.11210285872220993","0.11210285872220993","0.11210285872220993"
"16824","0.13680487871170044","0.13680487871170044","0.13680487871170044"
"16826","0.12331868708133698","0.12331868708133698","0.12331868708133698"
"16833","0.12175910174846649","0.12175910174846649","0.12175910174846649"
"16837","0.09427087754011154","0.09427087754011154","0.09427087754011154"
"16848","0.0773051306605339","0.0773051306605339","0.0773051306605339"
"16854","0.05664082616567612","0.05664082616567612","0.05664082616567612"
"16859","0.1364264190196991","0.1364264190196991","0.1364264190196991"
"16861","0.11706684529781342","0.11706684529781342","0.11706684529781342"
"16862","0.09190331399440765","0.09190331399440765","0.09190331399440765"
"16867","0.10973070561885834","0.10973070561885834","0.10973070561885834"
"16877","0.10969918966293335","0.10969918966293335","0.10969918966293335"
"16878","0.1911899298429489","0.1911899298429489","0.1911899298429489"
"16881","0.12416091561317444","0.12416091561317444","0.12416091561317444"
"16883","0.15640830993652344","0.15640830993652344","0.15640830993652344"
"16885","0.17912109196186066","0.17912109196186066","0.17912109196186066"
"16893","0.0719701275229454","0.0719701275229454","0.0719701275229454"
"16894","0.12472984194755554","0.12472984194755554","0.12472984194755554"
"16900","0.14412251114845276","0.14412251114845276","0.14412251114845276"
"16902","0.1443546563386917","0.1443546563386917","0.1443546563386917"
"16905","0.10999878495931625","0.10999878495931625","0.10999878495931625"
"16909","0.12599098682403564","0.12599098682403564","0.12599098682403564"
"16914","0.1024823933839798","0.1024823933839798","0.1024823933839798"
"16917","0.12421606481075287","0.12421606481075287","0.12421606481075287"
"16919","0.11661502718925476","0.11661502718925476","0.11661502718925476"
"16921","0.1528891772031784","0.1528891772031784","0.1528891772031784"
"16924","0.14012449979782104","0.14012449979782104","0.14012449979782104"
"16928","0.11704865097999573","0.11704865097999573","0.11704865097999573"
"16932","0.17241403460502625","0.17241403460502625","0.17241403460502625"
"16933","0.08855102211236954","0.08855102211236954","0.08855102211236954"
"16936","0.1037006825208664","0.1037006825208664","0.1037006825208664"
"16941","0.12297701835632324","0.12297701835632324","0.12297701835632324"
"16945","0.08944680541753769","0.08944680541753769","0.08944680541753769"
"16952","0.17958591878414154","0.17958591878414154","0.17958591878414154"
"16955","0.1117512658238411","0.1117512658238411","0.1117512658238411"
"16971","0.10469438880681992","0.10469438880681992","0.10469438880681992"
"16973","0.07878517359495163","0.07878517359495163","0.07878517359495163"
"16981","0.14562438428401947","0.14562438428401947","0.14562438428401947"
"16982","0.13795560598373413","0.13795560598373413","0.13795560598373413"
"16983","0.22797128558158875","0.22797128558158875","0.22797128558158875"
"16991","0.14637619256973267","0.14637619256973267","0.14637619256973267"
"16994","0.18949955701828003","0.18949955701828003","0.18949955701828003"
"17007","0.11365211009979248","0.11365211009979248","0.11365211009979248"
"17014","0.12695351243019104","0.12695351243019104","0.12695351243019104"
"17026","0.14603795111179352","0.14603795111179352","0.14603795111179352"
"17031","0.08720596134662628","0.08720596134662628","0.08720596134662628"
"17034","0.097052663564682","0.097052663564682","0.097052663564682"
"17038","0.07435332238674164","0.07435332238674164","0.07435332238674164"
"17042","0.1821848452091217","0.1821848452091217","0.1821848452091217"
"17063","0.09183178842067719","0.09183178842067719","0.09183178842067719"
"17064","0.15412762761116028","0.15412762761116028","0.15412762761116028"
"17065","0.09916020929813385","0.09916020929813385","0.09916020929813385"
"17068","0.1526062786579132","0.1526062786579132","0.1526062786579132"
"17078","0.14215436577796936","0.14215436577796936","0.14215436577796936"
"17083","0.0845765620470047","0.0845765620470047","0.0845765620470047"
"17084","0.09816628694534302","0.09816628694534302","0.09816628694534302"
"17086","0.13185718655586243","0.13185718655586243","0.13185718655586243"
"17102","0.0952877551317215","0.0952877551317215","0.0952877551317215"
"17104","0.09795664250850677","0.09795664250850677","0.09795664250850677"
"17112","0.131487637758255","0.131487637758255","0.131487637758255"
"17113","0.10014490783214569","0.10014490783214569","0.10014490783214569"
"17114","0.10635975003242493","0.10635975003242493","0.10635975003242493"
"17133","0.06901292502880096","0.06901292502880096","0.06901292502880096"
"17140","0.1181512400507927","0.1181512400507927","0.1181512400507927"
"17143","0.13038448989391327","0.13038448989391327","0.13038448989391327"
"17157","0.1062384769320488","0.1062384769320488","0.1062384769320488"
"17160","0.08739444613456726","0.08739444613456726","0.08739444613456726"
"17161","0.07708440721035004","0.07708440721035004","0.07708440721035004"
"17163","0.09630165994167328","0.09630165994167328","0.09630165994167328"
"17169","0.13243356347084045","0.13243356347084045","0.13243356347084045"
"17179","0.10338980704545975","0.10338980704545975","0.10338980704545975"
"17192","0.07142054289579391","0.07142054289579391","0.07142054289579391"
"17193","0.09447582811117172","0.09447582811117172","0.09447582811117172"
"17199","0.0924716666340828","0.0924716666340828","0.0924716666340828"
"17206","0.1588464379310608","0.1588464379310608","0.1588464379310608"
"17207","0.14750376343727112","0.14750376343727112","0.14750376343727112"
"17224","0.12030799686908722","0.12030799686908722","0.12030799686908722"
"17226","0.14852958917617798","0.14852958917617798","0.14852958917617798"
"17229","0.18048828840255737","0.18048828840255737","0.18048828840255737"
"17230","0.14539211988449097","0.14539211988449097","0.14539211988449097"
"17236","0.1339692771434784","0.1339692771434784","0.1339692771434784"
"17246","0.14574593305587769","0.14574593305587769","0.14574593305587769"
"17248","0.19352850317955017","0.19352850317955017","0.19352850317955017"
"17249","0.10569676011800766","0.10569676011800766","0.10569676011800766"
"17257","0.11021155118942261","0.11021155118942261","0.11021155118942261"
"17258","0.1352730691432953","0.1352730691432953","0.1352730691432953"
"17260","0.11843043565750122","0.11843043565750122","0.11843043565750122"
"17268","0.12012438476085663","0.12012438476085663","0.12012438476085663"
"17286","0.08924416452646255","0.08924416452646255","0.08924416452646255"
"17292","0.10261808335781097","0.10261808335781097","0.10261808335781097"
"17299","0.18018552660942078","0.18018552660942078","0.18018552660942078"
"17302","0.14036807417869568","0.14036807417869568","0.14036807417869568"
"17307","0.08857391774654388","0.08857391774654388","0.08857391774654388"
"17313","0.09097519516944885","0.09097519516944885","0.09097519516944885"
"17317","0.07003839313983917","0.07003839313983917","0.07003839313983917"
"17320","0.09134328365325928","0.09134328365325928","0.09134328365325928"
"17323","0.12623190879821777","0.12623190879821777","0.12623190879821777"
"17324","0.13166217505931854","0.13166217505931854","0.13166217505931854"
"17329","0.03218264505267143","0.03218264505267143","0.03218264505267143"
"17332","0.06627047061920166","0.06627047061920166","0.06627047061920166"
"17337","0.08039557933807373","0.08039557933807373","0.08039557933807373"
"17345","0.10126332938671112","0.10126332938671112","0.10126332938671112"
"17346","0.12276390194892883","0.12276390194892883","0.12276390194892883"
"17349","0.11050960421562195","0.11050960421562195","0.11050960421562195"
"17354","0.12903796136379242","0.12903796136379242","0.12903796136379242"
"17357","0.1120557188987732","0.1120557188987732","0.1120557188987732"
"17358","0.055861905217170715","0.055861905217170715","0.055861905217170715"
"17361","0.12680703401565552","0.12680703401565552","0.12680703401565552"
"17364","0.17975902557373047","0.17975902557373047","0.17975902557373047"
"17369","0.0537363737821579","0.0537363737821579","0.0537363737821579"
"17370","0.07868614792823792","0.07868614792823792","0.07868614792823792"
"17373","0.13886605203151703","0.13886605203151703","0.13886605203151703"
"17377","0.13064950704574585","0.13064950704574585","0.13064950704574585"
"17382","0.09331484138965607","0.09331484138965607","0.09331484138965607"
"17384","0.16718319058418274","0.16718319058418274","0.16718319058418274"
"17387","0.10104110091924667","0.10104110091924667","0.10104110091924667"
"17390","0.06921826303005219","0.06921826303005219","0.06921826303005219"
"17393","0.08740982413291931","0.08740982413291931","0.08740982413291931"
"17400","0.07244054973125458","0.07244054973125458","0.07244054973125458"
"17404","0.14728301763534546","0.14728301763534546","0.14728301763534546"
"17406","0.13789725303649902","0.13789725303649902","0.13789725303649902"
"17409","0.1581284999847412","0.1581284999847412","0.1581284999847412"
"17411","0.14965718984603882","0.14965718984603882","0.14965718984603882"
"17418","0.06702281534671783","0.06702281534671783","0.06702281534671783"
"17431","0.1349472999572754","0.1349472999572754","0.1349472999572754"
"17438","0.08532430231571198","0.08532430231571198","0.08532430231571198"
"17444","0.09551819413900375","0.09551819413900375","0.09551819413900375"
"17445","0.09780772030353546","0.09780772030353546","0.09780772030353546"
"17449","0.10979415476322174","0.10979415476322174","0.10979415476322174"
"17451","0.1293795108795166","0.1293795108795166","0.1293795108795166"
"17453","0.08287760615348816","0.08287760615348816","0.08287760615348816"
"17459","0.10118010640144348","0.10118010640144348","0.10118010640144348"
"17462","0.10792617499828339","0.10792617499828339","0.10792617499828339"
"17467","0.10429327934980392","0.10429327934980392","0.10429327934980392"
"17475","0.12508445978164673","0.12508445978164673","0.12508445978164673"
"17483","0.14921081066131592","0.14921081066131592","0.14921081066131592"
"17485","0.14638355374336243","0.14638355374336243","0.14638355374336243"
"17489","0.14469558000564575","0.14469558000564575","0.14469558000564575"
"17490","0.05464776232838631","0.05464776232838631","0.05464776232838631"
"17500","0.07705209404230118","0.07705209404230118","0.07705209404230118"
"17515","0.08958873152732849","0.08958873152732849","0.08958873152732849"
"17516","0.18820421397686005","0.18820421397686005","0.18820421397686005"
"17518","0.16055938601493835","0.16055938601493835","0.16055938601493835"
"17522","0.09766556322574615","0.09766556322574615","0.09766556322574615"
"17523","0.06675650179386139","0.06675650179386139","0.06675650179386139"
"17528","0.13874012231826782","0.13874012231826782","0.13874012231826782"
"17536","0.05730137228965759","0.05730137228965759","0.05730137228965759"
"17541","0.08877652883529663","0.08877652883529663","0.08877652883529663"
"17544","0.04930783808231354","0.04930783808231354","0.04930783808231354"
"17546","0.10016836225986481","0.10016836225986481","0.10016836225986481"
"17549","0.1587243676185608","0.1587243676185608","0.1587243676185608"
"17553","0.11782748997211456","0.11782748997211456","0.11782748997211456"
"17554","0.06587053835391998","0.06587053835391998","0.06587053835391998"
"17566","0.1136317104101181","0.1136317104101181","0.1136317104101181"
"17568","0.07014507055282593","0.07014507055282593","0.07014507055282593"
"17571","0.20719864964485168","0.20719864964485168","0.20719864964485168"
"17572","0.09590233117341995","0.09590233117341995","0.09590233117341995"
"17582","0.07793895900249481","0.07793895900249481","0.07793895900249481"
"17584","0.10978318750858307","0.10978318750858307","0.10978318750858307"
"17587","0.1361437439918518","0.1361437439918518","0.1361437439918518"
"17595","0.1387314349412918","0.1387314349412918","0.1387314349412918"
"17600","0.07855838537216187","0.07855838537216187","0.07855838537216187"
"17601","0.12174583226442337","0.12174583226442337","0.12174583226442337"
"17605","0.0869760513305664","0.0869760513305664","0.0869760513305664"
"17609","0.12379370629787445","0.12379370629787445","0.12379370629787445"
"17618","0.05374744534492493","0.05374744534492493","0.05374744534492493"
"17621","0.06275679171085358","0.06275679171085358","0.06275679171085358"
"17634","0.11555925756692886","0.11555925756692886","0.11555925756692886"
"17639","0.14284610748291016","0.14284610748291016","0.14284610748291016"
"17647","0.1110682338476181","0.1110682338476181","0.1110682338476181"
"17650","0.12769749760627747","0.12769749760627747","0.12769749760627747"
"17652","0.18637382984161377","0.18637382984161377","0.18637382984161377"
"17654","0.17296293377876282","0.17296293377876282","0.17296293377876282"
"17658","0.1330130249261856","0.1330130249261856","0.1330130249261856"
"17660","0.11654011160135269","0.11654011160135269","0.11654011160135269"
"17662","0.0984838604927063","0.0984838604927063","0.0984838604927063"
"17665","0.1591619849205017","0.1591619849205017","0.1591619849205017"
"17668","0.1576201617717743","0.1576201617717743","0.1576201617717743"
"17673","0.15498042106628418","0.15498042106628418","0.15498042106628418"
"17678","0.08229437470436096","0.08229437470436096","0.08229437470436096"
"17683","0.09295684099197388","0.09295684099197388","0.09295684099197388"
"17685","0.10510499775409698","0.10510499775409698","0.10510499775409698"
"17689","0.07968579977750778","0.07968579977750778","0.07968579977750778"
"17690","0.08026373386383057","0.08026373386383057","0.08026373386383057"
"17695","0.07217030972242355","0.07217030972242355","0.07217030972242355"
"17699","0.1499473601579666","0.1499473601579666","0.1499473601579666"
"17702","0.15469248592853546","0.15469248592853546","0.15469248592853546"
"17707","0.14440616965293884","0.14440616965293884","0.14440616965293884"
"17715","0.19658507406711578","0.19658507406711578","0.19658507406711578"
"17719","0.10212941467761993","0.10212941467761993","0.10212941467761993"
"17724","0.1456117033958435","0.1456117033958435","0.1456117033958435"
"17727","0.15697768330574036","0.15697768330574036","0.15697768330574036"
"17734","0.1411179006099701","0.1411179006099701","0.1411179006099701"
"17735","0.10722450911998749","0.10722450911998749","0.10722450911998749"
"17738","0.19054338335990906","0.19054338335990906","0.19054338335990906"
"17742","0.145674929022789","0.145674929022789","0.145674929022789"
"17749","0.15485894680023193","0.15485894680023193","0.15485894680023193"
"17750","0.13214918971061707","0.13214918971061707","0.13214918971061707"
"17757","0.1408863663673401","0.1408863663673401","0.1408863663673401"
"17761","0.08619752526283264","0.08619752526283264","0.08619752526283264"
"17763","0.14190280437469482","0.14190280437469482","0.14190280437469482"
"17765","0.1848866045475006","0.1848866045475006","0.1848866045475006"
"17766","0.12986138463020325","0.12986138463020325","0.12986138463020325"
"17768","0.0835256576538086","0.0835256576538086","0.0835256576538086"
"17769","0.061469994485378265","0.061469994485378265","0.061469994485378265"
"17777","0.07692153751850128","0.07692153751850128","0.07692153751850128"
"17779","0.07666090130805969","0.07666090130805969","0.07666090130805969"
"17782","0.12883302569389343","0.12883302569389343","0.12883302569389343"
"17785","0.13902142643928528","0.13902142643928528","0.13902142643928528"
"17786","0.1498090922832489","0.1498090922832489","0.1498090922832489"
"17790","0.06837694346904755","0.06837694346904755","0.06837694346904755"
"17792","0.12485656142234802","0.12485656142234802","0.12485656142234802"
"17796","0.09937544167041779","0.09937544167041779","0.09937544167041779"
"17798","0.11349429190158844","0.11349429190158844","0.11349429190158844"
"17799","0.1328466236591339","0.1328466236591339","0.1328466236591339"
"17807","0.14448176324367523","0.14448176324367523","0.14448176324367523"
"17810","0.0903303474187851","0.0903303474187851","0.0903303474187851"
"17820","0.10660238564014435","0.10660238564014435","0.10660238564014435"
"17825","0.1224740743637085","0.1224740743637085","0.1224740743637085"
"17834","0.11683816462755203","0.11683816462755203","0.11683816462755203"
"17836","0.142893984913826","0.142893984913826","0.142893984913826"
"17841","0.08511468023061752","0.08511468023061752","0.08511468023061752"
"17845","0.0971083790063858","0.0971083790063858","0.0971083790063858"
"17848","0.14750203490257263","0.14750203490257263","0.14750203490257263"
"17855","0.10541332513093948","0.10541332513093948","0.10541332513093948"
"17858","0.15258106589317322","0.15258106589317322","0.15258106589317322"
"17862","0.09529365599155426","0.09529365599155426","0.09529365599155426"
"17866","0.09300974756479263","0.09300974756479263","0.09300974756479263"
"17871","0.13730370998382568","0.13730370998382568","0.13730370998382568"
"17874","0.11687971651554108","0.11687971651554108","0.11687971651554108"
"17878","0.06639454513788223","0.06639454513788223","0.06639454513788223"
"17884","0.0816074013710022","0.0816074013710022","0.0816074013710022"
"17888","0.16835878789424896","0.16835878789424896","0.16835878789424896"
"17899","0.055333059281110764","0.055333059281110764","0.055333059281110764"
"17904","0.09720748662948608","0.09720748662948608","0.09720748662948608"
"17916","0.13458815217018127","0.13458815217018127","0.13458815217018127"
"17926","0.11056355386972427","0.11056355386972427","0.11056355386972427"
"17934","0.04197581857442856","0.04197581857442856","0.04197581857442856"
"17945","0.09181736409664154","0.09181736409664154","0.09181736409664154"
"17950","0.10278351604938507","0.10278351604938507","0.10278351604938507"
"17953","0.15494856238365173","0.15494856238365173","0.15494856238365173"
"17954","0.07740118354558945","0.07740118354558945","0.07740118354558945"
"17962","0.18440061807632446","0.18440061807632446","0.18440061807632446"
"17963","0.07554757595062256","0.07554757595062256","0.07554757595062256"
"17966","0.08316786587238312","0.08316786587238312","0.08316786587238312"
"17975","0.14505665004253387","0.14505665004253387","0.14505665004253387"
"17976","0.14569388329982758","0.14569388329982758","0.14569388329982758"
"17982","0.1170438677072525","0.1170438677072525","0.1170438677072525"
"17986","0.07775551080703735","0.07775551080703735","0.07775551080703735"
"17988","0.08440233021974564","0.08440233021974564","0.08440233021974564"
"17991","0.12940704822540283","0.12940704822540283","0.12940704822540283"
"17995","0.10306857526302338","0.10306857526302338","0.10306857526302338"
"17999","0.12958958745002747","0.12958958745002747","0.12958958745002747"
"18001","0.16023492813110352","0.16023492813110352","0.16023492813110352"
"18007","0.06837225705385208","0.06837225705385208","0.06837225705385208"
"18013","0.21893206238746643","0.21893206238746643","0.21893206238746643"
"18023","0.11819534003734589","0.11819534003734589","0.11819534003734589"
"18027","0.1273256540298462","0.1273256540298462","0.1273256540298462"
"18034","0.09514130651950836","0.09514130651950836","0.09514130651950836"
"18037","0.11875208467245102","0.11875208467245102","0.11875208467245102"
"18046","0.15117540955543518","0.15117540955543518","0.15117540955543518"
"18051","0.10293436050415039","0.10293436050415039","0.10293436050415039"
"18054","0.1569463312625885","0.1569463312625885","0.1569463312625885"
"18055","0.11458328366279602","0.11458328366279602","0.11458328366279602"
"18060","0.12442612648010254","0.12442612648010254","0.12442612648010254"
"18062","0.15875238180160522","0.15875238180160522","0.15875238180160522"
"18068","0.11438389122486115","0.11438389122486115","0.11438389122486115"
"18069","0.11845250427722931","0.11845250427722931","0.11845250427722931"
"18076","0.08758801221847534","0.08758801221847534","0.08758801221847534"
"18086","0.183269202709198","0.183269202709198","0.183269202709198"
"18091","0.1357569694519043","0.1357569694519043","0.1357569694519043"
"18092","0.12363027036190033","0.12363027036190033","0.12363027036190033"
"18094","0.11213857680559158","0.11213857680559158","0.11213857680559158"
"18102","0.14433585107326508","0.14433585107326508","0.14433585107326508"
"18103","0.08876793086528778","0.08876793086528778","0.08876793086528778"
"18108","0.14367195963859558","0.14367195963859558","0.14367195963859558"
"18109","0.07869336009025574","0.07869336009025574","0.07869336009025574"
"18117","0.09555606544017792","0.09555606544017792","0.09555606544017792"
"18118","0.09262675046920776","0.09262675046920776","0.09262675046920776"
"18119","0.1594150811433792","0.1594150811433792","0.1594150811433792"
"18121","0.17974382638931274","0.17974382638931274","0.17974382638931274"
"18122","0.06807594001293182","0.06807594001293182","0.06807594001293182"
"18126","0.19876796007156372","0.19876796007156372","0.19876796007156372"
"18136","0.10734919458627701","0.10734919458627701","0.10734919458627701"
"18137","0.12189629673957825","0.12189629673957825","0.12189629673957825"
"18141","0.09449589252471924","0.09449589252471924","0.09449589252471924"
"18144","0.10717116296291351","0.10717116296291351","0.10717116296291351"
"18145","0.09162481129169464","0.09162481129169464","0.09162481129169464"
"18159","0.125873863697052","0.125873863697052","0.125873863697052"
"18161","0.10031768679618835","0.10031768679618835","0.10031768679618835"
"18162","0.10029043257236481","0.10029043257236481","0.10029043257236481"
"18163","0.08781678974628448","0.08781678974628448","0.08781678974628448"
"18171","0.12087254226207733","0.12087254226207733","0.12087254226207733"
"18173","0.10581463575363159","0.10581463575363159","0.10581463575363159"
"18177","0.08822345733642578","0.08822345733642578","0.08822345733642578"
"18181","0.18207287788391113","0.18207287788391113","0.18207287788391113"
"18182","0.10062441229820251","0.10062441229820251","0.10062441229820251"
"18185","0.1675015240907669","0.1675015240907669","0.1675015240907669"
"18192","0.14101624488830566","0.14101624488830566","0.14101624488830566"
"18193","0.06336665898561478","0.06336665898561478","0.06336665898561478"
"18203","0.13918347656726837","0.13918347656726837","0.13918347656726837"
"18205","0.07500657439231873","0.07500657439231873","0.07500657439231873"
"18217","0.1268347203731537","0.1268347203731537","0.1268347203731537"
"18218","0.07362892478704453","0.07362892478704453","0.07362892478704453"
"18236","0.09426018595695496","0.09426018595695496","0.09426018595695496"
"18247","0.13793158531188965","0.13793158531188965","0.13793158531188965"
"18254","0.12040205299854279","0.12040205299854279","0.12040205299854279"
"18260","0.1062958836555481","0.1062958836555481","0.1062958836555481"
"18262","0.08406935632228851","0.08406935632228851","0.08406935632228851"
"18265","0.09876333922147751","0.09876333922147751","0.09876333922147751"
"18275","0.11362190544605255","0.11362190544605255","0.11362190544605255"
"18277","0.1357259452342987","0.1357259452342987","0.1357259452342987"
"18279","0.05479530245065689","0.05479530245065689","0.05479530245065689"
"18281","0.10322875529527664","0.10322875529527664","0.10322875529527664"
"18294","0.13963523507118225","0.13963523507118225","0.13963523507118225"
"18308","0.06232256814837456","0.06232256814837456","0.06232256814837456"
"18312","0.07476446777582169","0.07476446777582169","0.07476446777582169"
"18319","0.19060230255126953","0.19060230255126953","0.19060230255126953"
"18322","0.1286323070526123","0.1286323070526123","0.1286323070526123"
"18329","0.13790085911750793","0.13790085911750793","0.13790085911750793"
"18330","0.09988147765398026","0.09988147765398026","0.09988147765398026"
"18332","0.13813108205795288","0.13813108205795288","0.13813108205795288"
"18334","0.03897826746106148","0.03897826746106148","0.03897826746106148"
"18337","0.1108311265707016","0.1108311265707016","0.1108311265707016"
"18347","0.12784916162490845","0.12784916162490845","0.12784916162490845"
"18351","0.18145495653152466","0.18145495653152466","0.18145495653152466"
"18363","0.1755891740322113","0.1755891740322113","0.1755891740322113"
"18364","0.13908599317073822","0.13908599317073822","0.13908599317073822"
"18365","0.11999709159135818","0.11999709159135818","0.11999709159135818"
"18370","0.11182204633951187","0.11182204633951187","0.11182204633951187"
"18373","0.14629462361335754","0.14629462361335754","0.14629462361335754"
"18385","0.0899522453546524","0.0899522453546524","0.0899522453546524"
"18388","0.08535580337047577","0.08535580337047577","0.08535580337047577"
"18391","0.16907432675361633","0.16907432675361633","0.16907432675361633"
"18397","0.09196823090314865","0.09196823090314865","0.09196823090314865"
"18405","0.11522600054740906","0.11522600054740906","0.11522600054740906"
"18409","0.1626461148262024","0.1626461148262024","0.1626461148262024"
"18413","0.1307295262813568","0.1307295262813568","0.1307295262813568"
"18415","0.17359045147895813","0.17359045147895813","0.17359045147895813"
"18416","0.08914913237094879","0.08914913237094879","0.08914913237094879"
"18418","0.07641953974962234","0.07641953974962234","0.07641953974962234"
"18423","0.1374298334121704","0.1374298334121704","0.1374298334121704"
"18431","0.09519773721694946","0.09519773721694946","0.09519773721694946"
"18432","0.13239401578903198","0.13239401578903198","0.13239401578903198"
"18436","0.0989498496055603","0.0989498496055603","0.0989498496055603"
"18437","0.06174434348940849","0.06174434348940849","0.06174434348940849"
"18438","0.10361924767494202","0.10361924767494202","0.10361924767494202"
"18442","0.08408654481172562","0.08408654481172562","0.08408654481172562"
"18447","0.16163119673728943","0.16163119673728943","0.16163119673728943"
"18450","0.08919467031955719","0.08919467031955719","0.08919467031955719"
"18451","0.1236710250377655","0.1236710250377655","0.1236710250377655"
"18452","0.1258525401353836","0.1258525401353836","0.1258525401353836"
"18453","0.06859420239925385","0.06859420239925385","0.06859420239925385"
"18454","0.08729642629623413","0.08729642629623413","0.08729642629623413"
"18456","0.1590292900800705","0.1590292900800705","0.1590292900800705"
"18459","0.1100417822599411","0.1100417822599411","0.1100417822599411"
"18466","0.0680914968252182","0.0680914968252182","0.0680914968252182"
"18471","0.10443811118602753","0.10443811118602753","0.10443811118602753"
"18477","0.13529032468795776","0.13529032468795776","0.13529032468795776"
"18479","0.16978740692138672","0.16978740692138672","0.16978740692138672"
"18483","0.10724041610956192","0.10724041610956192","0.10724041610956192"
"18487","0.1308024674654007","0.1308024674654007","0.1308024674654007"
"18489","0.07411186397075653","0.07411186397075653","0.07411186397075653"
"18494","0.1541820466518402","0.1541820466518402","0.1541820466518402"
"18500","0.12759113311767578","0.12759113311767578","0.12759113311767578"
"18503","0.14601615071296692","0.14601615071296692","0.14601615071296692"
"18507","0.06655850261449814","0.06655850261449814","0.06655850261449814"
"18521","0.10998226702213287","0.10998226702213287","0.10998226702213287"
"18522","0.11608804017305374","0.11608804017305374","0.11608804017305374"
"18531","0.12157899141311646","0.12157899141311646","0.12157899141311646"
"18532","0.2106650471687317","0.2106650471687317","0.2106650471687317"
"18533","0.08490905910730362","0.08490905910730362","0.08490905910730362"
"18536","0.09229448437690735","0.09229448437690735","0.09229448437690735"
"18542","0.14619281888008118","0.14619281888008118","0.14619281888008118"
"18550","0.14735788106918335","0.14735788106918335","0.14735788106918335"
"18551","0.14905250072479248","0.14905250072479248","0.14905250072479248"
"18571","0.11327874660491943","0.11327874660491943","0.11327874660491943"
"18577","0.17667193710803986","0.17667193710803986","0.17667193710803986"
"18581","0.09983979165554047","0.09983979165554047","0.09983979165554047"
"18584","0.08347289264202118","0.08347289264202118","0.08347289264202118"
"18585","0.128714919090271","0.128714919090271","0.128714919090271"
"18588","0.1469554305076599","0.1469554305076599","0.1469554305076599"
"18590","0.05489542335271835","0.05489542335271835","0.05489542335271835"
"18594","0.1769716590642929","0.1769716590642929","0.1769716590642929"
"18606","0.07225155830383301","0.07225155830383301","0.07225155830383301"
"18611","0.21916180849075317","0.21916180849075317","0.21916180849075317"
"18613","0.1482081115245819","0.1482081115245819","0.1482081115245819"
"18620","0.10861089080572128","0.10861089080572128","0.10861089080572128"
"18635","0.09876799583435059","0.09876799583435059","0.09876799583435059"
"18637","0.06934221088886261","0.06934221088886261","0.06934221088886261"
"18648","0.10725846141576767","0.10725846141576767","0.10725846141576767"
"18651","0.11737678200006485","0.11737678200006485","0.11737678200006485"
"18653","0.10461384057998657","0.10461384057998657","0.10461384057998657"
"18657","0.11723077297210693","0.11723077297210693","0.11723077297210693"
"18664","0.04494243860244751","0.04494243860244751","0.04494243860244751"
"18667","0.08634981513023376","0.08634981513023376","0.08634981513023376"
"18668","0.1558602750301361","0.1558602750301361","0.1558602750301361"
"18669","0.16540326178073883","0.16540326178073883","0.16540326178073883"
"18670","0.10635644197463989","0.10635644197463989","0.10635644197463989"
"18672","0.09039748460054398","0.09039748460054398","0.09039748460054398"
"18673","0.1206822469830513","0.1206822469830513","0.1206822469830513"
"18678","0.11075977981090546","0.11075977981090546","0.11075977981090546"
"18685","0.11195254325866699","0.11195254325866699","0.11195254325866699"
"18689","0.1050570160150528","0.1050570160150528","0.1050570160150528"
"18692","0.13505487143993378","0.13505487143993378","0.13505487143993378"
"18705","0.12883427739143372","0.12883427739143372","0.12883427739143372"
"18711","0.1458907574415207","0.1458907574415207","0.1458907574415207"
"18717","0.060381751507520676","0.060381751507520676","0.060381751507520676"
"18722","0.06657856702804565","0.06657856702804565","0.06657856702804565"
"18734","0.11157263815402985","0.11157263815402985","0.11157263815402985"
"18740","0.12633313238620758","0.12633313238620758","0.12633313238620758"
"18743","0.08832874894142151","0.08832874894142151","0.08832874894142151"
"18755","0.16764071583747864","0.16764071583747864","0.16764071583747864"
"18763","0.17690573632717133","0.17690573632717133","0.17690573632717133"
"18769","0.10897005349397659","0.10897005349397659","0.10897005349397659"
"18776","0.12385569512844086","0.12385569512844086","0.12385569512844086"
"18780","0.13741444051265717","0.13741444051265717","0.13741444051265717"
"18781","0.160287007689476","0.160287007689476","0.160287007689476"
"18793","0.057489216327667236","0.057489216327667236","0.057489216327667236"
"18796","0.16290117800235748","0.16290117800235748","0.16290117800235748"
"18799","0.17417356371879578","0.17417356371879578","0.17417356371879578"
"18800","0.08499012887477875","0.08499012887477875","0.08499012887477875"
"18803","0.1315169632434845","0.1315169632434845","0.1315169632434845"
"18806","0.0708208903670311","0.0708208903670311","0.0708208903670311"
"18811","0.1478377878665924","0.1478377878665924","0.1478377878665924"
"18818","0.11389163881540298","0.11389163881540298","0.11389163881540298"
"18820","0.06504538655281067","0.06504538655281067","0.06504538655281067"
"18821","0.08672825247049332","0.08672825247049332","0.08672825247049332"
"18825","0.09037913382053375","0.09037913382053375","0.09037913382053375"
"18826","0.10760237276554108","0.10760237276554108","0.10760237276554108"
"18841","0.15942910313606262","0.15942910313606262","0.15942910313606262"
"18844","0.1382964551448822","0.1382964551448822","0.1382964551448822"
"18849","0.168235182762146","0.168235182762146","0.168235182762146"
"18864","0.1567925363779068","0.1567925363779068","0.1567925363779068"
"18865","0.12781816720962524","0.12781816720962524","0.12781816720962524"
"18870","0.19024991989135742","0.19024991989135742","0.19024991989135742"
"18872","0.11642677336931229","0.11642677336931229","0.11642677336931229"
"18874","0.13899663090705872","0.13899663090705872","0.13899663090705872"
"18876","0.11215372383594513","0.11215372383594513","0.11215372383594513"
"18878","0.08840993791818619","0.08840993791818619","0.08840993791818619"
"18879","0.12894383072853088","0.12894383072853088","0.12894383072853088"
"18883","0.15275534987449646","0.15275534987449646","0.15275534987449646"
"18888","0.09670034795999527","0.09670034795999527","0.09670034795999527"
"18891","0.0544852688908577","0.0544852688908577","0.0544852688908577"
"18894","0.056164152920246124","0.056164152920246124","0.056164152920246124"
"18898","0.15149183571338654","0.15149183571338654","0.15149183571338654"
"18904","0.12044507265090942","0.12044507265090942","0.12044507265090942"
"18909","0.10127314925193787","0.10127314925193787","0.10127314925193787"
"18913","0.0972985029220581","0.0972985029220581","0.0972985029220581"
"18918","0.14538773894309998","0.14538773894309998","0.14538773894309998"
"18920","0.06638778746128082","0.06638778746128082","0.06638778746128082"
"18923","0.1038234680891037","0.1038234680891037","0.1038234680891037"
"18925","0.10139667987823486","0.10139667987823486","0.10139667987823486"
"18926","0.07206901162862778","0.07206901162862778","0.07206901162862778"
"18934","0.17985205352306366","0.17985205352306366","0.17985205352306366"
"18935","0.10569681227207184","0.10569681227207184","0.10569681227207184"
"18938","0.08294858783483505","0.08294858783483505","0.08294858783483505"
"18946","0.05889426916837692","0.05889426916837692","0.05889426916837692"
"18949","0.1223122775554657","0.1223122775554657","0.1223122775554657"
"18950","0.08573751151561737","0.08573751151561737","0.08573751151561737"
"18951","0.1360170841217041","0.1360170841217041","0.1360170841217041"
"18975","0.12097369134426117","0.12097369134426117","0.12097369134426117"
"18976","0.0640464648604393","0.0640464648604393","0.0640464648604393"
"18983","0.10881926119327545","0.10881926119327545","0.10881926119327545"
"18984","0.14174295961856842","0.14174295961856842","0.14174295961856842"
"18985","0.114873968064785","0.114873968064785","0.114873968064785"
"18987","0.10619490593671799","0.10619490593671799","0.10619490593671799"
"18990","0.1382552534341812","0.1382552534341812","0.1382552534341812"
"18996","0.1168801486492157","0.1168801486492157","0.1168801486492157"
"19003","0.14423950016498566","0.14423950016498566","0.14423950016498566"
"19006","0.11211033165454865","0.11211033165454865","0.11211033165454865"
"19007","0.09781010448932648","0.09781010448932648","0.09781010448932648"
"19010","0.14050105214118958","0.14050105214118958","0.14050105214118958"
"19026","0.21206961572170258","0.21206961572170258","0.21206961572170258"
"19027","0.08911590278148651","0.08911590278148651","0.08911590278148651"
"19032","0.16127291321754456","0.16127291321754456","0.16127291321754456"
"19040","0.12481318414211273","0.12481318414211273","0.12481318414211273"
"19042","0.1011890172958374","0.1011890172958374","0.1011890172958374"
"19044","0.08977968990802765","0.08977968990802765","0.08977968990802765"
"19046","0.09411247819662094","0.09411247819662094","0.09411247819662094"
"19051","0.0519513338804245","0.0519513338804245","0.0519513338804245"
"19062","0.1473105400800705","0.1473105400800705","0.1473105400800705"
"19069","0.12891918420791626","0.12891918420791626","0.12891918420791626"
"19073","0.16129237413406372","0.16129237413406372","0.16129237413406372"
"19076","0.11176261305809021","0.11176261305809021","0.11176261305809021"
"19080","0.09518688917160034","0.09518688917160034","0.09518688917160034"
"19087","0.0935262143611908","0.0935262143611908","0.0935262143611908"
"19093","0.10689684748649597","0.10689684748649597","0.10689684748649597"
"19095","0.11990512907505035","0.11990512907505035","0.11990512907505035"
"19109","0.12540088593959808","0.12540088593959808","0.12540088593959808"
"19111","0.14436455070972443","0.14436455070972443","0.14436455070972443"
"19115","0.14510351419448853","0.14510351419448853","0.14510351419448853"
"19116","0.1292627602815628","0.1292627602815628","0.1292627602815628"
"19125","0.13456568121910095","0.13456568121910095","0.13456568121910095"
"19126","0.1462210714817047","0.1462210714817047","0.1462210714817047"
"19136","0.06942233443260193","0.06942233443260193","0.06942233443260193"
"19139","0.1237902045249939","0.1237902045249939","0.1237902045249939"
"19140","0.05682770907878876","0.05682770907878876","0.05682770907878876"
"19145","0.1412028968334198","0.1412028968334198","0.1412028968334198"
"19148","0.09012429416179657","0.09012429416179657","0.09012429416179657"
"19167","0.1422271728515625","0.1422271728515625","0.1422271728515625"
"19168","0.0781007781624794","0.0781007781624794","0.0781007781624794"
"19170","0.07011793553829193","0.07011793553829193","0.07011793553829193"
"19176","0.15626047551631927","0.15626047551631927","0.15626047551631927"
"19177","0.12153831869363785","0.12153831869363785","0.12153831869363785"
"19180","0.1305931657552719","0.1305931657552719","0.1305931657552719"
"19197","0.09043262898921967","0.09043262898921967","0.09043262898921967"
"19199","0.16163426637649536","0.16163426637649536","0.16163426637649536"
"19201","0.1379130482673645","0.1379130482673645","0.1379130482673645"
"19208","0.20045031607151031","0.20045031607151031","0.20045031607151031"
"19210","0.11980344355106354","0.11980344355106354","0.11980344355106354"
"19216","0.18194442987442017","0.18194442987442017","0.18194442987442017"
"19222","0.13200977444648743","0.13200977444648743","0.13200977444648743"
"19225","0.0819588452577591","0.0819588452577591","0.0819588452577591"
"19230","0.06992626190185547","0.06992626190185547","0.06992626190185547"
"19234","0.1094912737607956","0.1094912737607956","0.1094912737607956"
"19236","0.16437190771102905","0.16437190771102905","0.16437190771102905"
"19251","0.10304112732410431","0.10304112732410431","0.10304112732410431"
"19256","0.15196801722049713","0.15196801722049713","0.15196801722049713"
"19258","0.09096277505159378","0.09096277505159378","0.09096277505159378"
"19261","0.197762593626976","0.197762593626976","0.197762593626976"
"19263","0.055864058434963226","0.055864058434963226","0.055864058434963226"
"19266","0.09943011403083801","0.09943011403083801","0.09943011403083801"
"19269","0.11410927772521973","0.11410927772521973","0.11410927772521973"
"19281","0.10994623601436615","0.10994623601436615","0.10994623601436615"
"19289","0.13164012134075165","0.13164012134075165","0.13164012134075165"
"19290","0.17866438627243042","0.17866438627243042","0.17866438627243042"
"19296","0.10209476947784424","0.10209476947784424","0.10209476947784424"
"19297","0.1628677397966385","0.1628677397966385","0.1628677397966385"
"19300","0.16754615306854248","0.16754615306854248","0.16754615306854248"
"19313","0.05891140550374985","0.05891140550374985","0.05891140550374985"
"19315","0.07834139466285706","0.07834139466285706","0.07834139466285706"
"19320","0.08922141790390015","0.08922141790390015","0.08922141790390015"
"19326","0.1645510345697403","0.1645510345697403","0.1645510345697403"
"19350","0.13166527450084686","0.13166527450084686","0.13166527450084686"
"19359","0.07031361758708954","0.07031361758708954","0.07031361758708954"
"19371","0.10528858006000519","0.10528858006000519","0.10528858006000519"
"19377","0.1369074136018753","0.1369074136018753","0.1369074136018753"
"19381","0.13086259365081787","0.13086259365081787","0.13086259365081787"
"19388","0.1230272427201271","0.1230272427201271","0.1230272427201271"
"19389","0.0928703248500824","0.0928703248500824","0.0928703248500824"
"19396","0.11954009532928467","0.11954009532928467","0.11954009532928467"
"19402","0.1073392853140831","0.1073392853140831","0.1073392853140831"
"19405","0.20864972472190857","0.20864972472190857","0.20864972472190857"
"19408","0.05475123971700668","0.05475123971700668","0.05475123971700668"
"19411","0.12703818082809448","0.12703818082809448","0.12703818082809448"
"19414","0.1113966703414917","0.1113966703414917","0.1113966703414917"
"19416","0.19353064894676208","0.19353064894676208","0.19353064894676208"
"19423","0.14724376797676086","0.14724376797676086","0.14724376797676086"
"19435","0.11688666045665741","0.11688666045665741","0.11688666045665741"
"19436","0.11465324461460114","0.11465324461460114","0.11465324461460114"
"19446","0.06743456423282623","0.06743456423282623","0.06743456423282623"
"19450","0.09043297171592712","0.09043297171592712","0.09043297171592712"
"19460","0.10005427896976471","0.10005427896976471","0.10005427896976471"
"19464","0.06853647530078888","0.06853647530078888","0.06853647530078888"
"19471","0.06045685335993767","0.06045685335993767","0.06045685335993767"
"19478","0.13011032342910767","0.13011032342910767","0.13011032342910767"
"19481","0.10493512451648712","0.10493512451648712","0.10493512451648712"
"19485","0.1723480522632599","0.1723480522632599","0.1723480522632599"
"19486","0.12909330427646637","0.12909330427646637","0.12909330427646637"
"19489","0.07092193514108658","0.07092193514108658","0.07092193514108658"
"19494","0.14776408672332764","0.14776408672332764","0.14776408672332764"
"19499","0.1296270340681076","0.1296270340681076","0.1296270340681076"
"19500","0.14804211258888245","0.14804211258888245","0.14804211258888245"
"19502","0.1293197125196457","0.1293197125196457","0.1293197125196457"
"19507","0.15154068171977997","0.15154068171977997","0.15154068171977997"
"19510","0.1402025818824768","0.1402025818824768","0.1402025818824768"
"19511","0.1323229968547821","0.1323229968547821","0.1323229968547821"
"19516","0.14886319637298584","0.14886319637298584","0.14886319637298584"
"19518","0.1540813148021698","0.1540813148021698","0.1540813148021698"
"19521","0.1659228503704071","0.1659228503704071","0.1659228503704071"
"19525","0.09369194507598877","0.09369194507598877","0.09369194507598877"
"19529","0.16853117942810059","0.16853117942810059","0.16853117942810059"
"19534","0.09508848935365677","0.09508848935365677","0.09508848935365677"
"19545","0.052902188152074814","0.052902188152074814","0.052902188152074814"
"19546","0.10044094175100327","0.10044094175100327","0.10044094175100327"
"19548","0.09956642985343933","0.09956642985343933","0.09956642985343933"
"19557","0.08803614974021912","0.08803614974021912","0.08803614974021912"
"19564","0.23104184865951538","0.23104184865951538","0.23104184865951538"
"19565","0.16856931149959564","0.16856931149959564","0.16856931149959564"
"19567","0.08610662072896957","0.08610662072896957","0.08610662072896957"
"19570","0.16232478618621826","0.16232478618621826","0.16232478618621826"
"19572","0.11799466609954834","0.11799466609954834","0.11799466609954834"
"19573","0.10217121988534927","0.10217121988534927","0.10217121988534927"
"19581","0.11058606952428818","0.11058606952428818","0.11058606952428818"
"19582","0.1028505265712738","0.1028505265712738","0.1028505265712738"
"19585","0.19362908601760864","0.19362908601760864","0.19362908601760864"
"19592","0.1603204905986786","0.1603204905986786","0.1603204905986786"
"19594","0.10879600793123245","0.10879600793123245","0.10879600793123245"
"19595","0.10827228426933289","0.10827228426933289","0.10827228426933289"
"19602","0.1621241718530655","0.1621241718530655","0.1621241718530655"
"19603","0.11907774955034256","0.11907774955034256","0.11907774955034256"
"19604","0.20274370908737183","0.20274370908737183","0.20274370908737183"
"19618","0.20292790234088898","0.20292790234088898","0.20292790234088898"
"19620","0.10326501727104187","0.10326501727104187","0.10326501727104187"
"19627","0.0861150473356247","0.0861150473356247","0.0861150473356247"
"19634","0.11749003082513809","0.11749003082513809","0.11749003082513809"
"19650","0.07581129670143127","0.07581129670143127","0.07581129670143127"
"19653","0.11917717754840851","0.11917717754840851","0.11917717754840851"
"19654","0.13712382316589355","0.13712382316589355","0.13712382316589355"
"19659","0.10503487288951874","0.10503487288951874","0.10503487288951874"
"19660","0.12309150397777557","0.12309150397777557","0.12309150397777557"
"19664","0.1014714241027832","0.1014714241027832","0.1014714241027832"
"19673","0.10793793946504593","0.10793793946504593","0.10793793946504593"
"19676","0.1352595090866089","0.1352595090866089","0.1352595090866089"
"19680","0.07289592921733856","0.07289592921733856","0.07289592921733856"
"19681","0.11212345957756042","0.11212345957756042","0.11212345957756042"
"19683","0.14317911863327026","0.14317911863327026","0.14317911863327026"
"19686","0.13834258913993835","0.13834258913993835","0.13834258913993835"
"19695","0.14887556433677673","0.14887556433677673","0.14887556433677673"
"19696","0.11289563775062561","0.11289563775062561","0.11289563775062561"
"19704","0.16867166757583618","0.16867166757583618","0.16867166757583618"
"19709","0.1295100450515747","0.1295100450515747","0.1295100450515747"
"19711","0.16978496313095093","0.16978496313095093","0.16978496313095093"
"19712","0.08047518134117126","0.08047518134117126","0.08047518134117126"
"19715","0.06066393107175827","0.06066393107175827","0.06066393107175827"
"19716","0.11303454637527466","0.11303454637527466","0.11303454637527466"
"19718","0.11370211094617844","0.11370211094617844","0.11370211094617844"
"19719","0.15031638741493225","0.15031638741493225","0.15031638741493225"
"19725","0.17765581607818604","0.17765581607818604","0.17765581607818604"
"19740","0.1506584882736206","0.1506584882736206","0.1506584882736206"
"19752","0.09621496498584747","0.09621496498584747","0.09621496498584747"
"19758","0.0862593874335289","0.0862593874335289","0.0862593874335289"
"19761","0.04311442747712135","0.04311442747712135","0.04311442747712135"
"19763","0.10566948354244232","0.10566948354244232","0.10566948354244232"
"19768","0.09482422471046448","0.09482422471046448","0.09482422471046448"
"19771","0.11604547500610352","0.11604547500610352","0.11604547500610352"
"19774","0.10743517428636551","0.10743517428636551","0.10743517428636551"
"19777","0.15484270453453064","0.15484270453453064","0.15484270453453064"
"19784","0.08760645240545273","0.08760645240545273","0.08760645240545273"
"19787","0.05920284613966942","0.05920284613966942","0.05920284613966942"
"19789","0.1614464521408081","0.1614464521408081","0.1614464521408081"
"19805","0.13151267170906067","0.13151267170906067","0.13151267170906067"
"19809","0.13590455055236816","0.13590455055236816","0.13590455055236816"
"19836","0.06385881453752518","0.06385881453752518","0.06385881453752518"
"19838","0.13632063567638397","0.13632063567638397","0.13632063567638397"
"19839","0.13160081207752228","0.13160081207752228","0.13160081207752228"
"19841","0.1278141438961029","0.1278141438961029","0.1278141438961029"
"19843","0.09277123212814331","0.09277123212814331","0.09277123212814331"
"19864","0.0912458524107933","0.0912458524107933","0.0912458524107933"
"19865","0.0925690084695816","0.0925690084695816","0.0925690084695816"
"19867","0.12702630460262299","0.12702630460262299","0.12702630460262299"
"19868","0.1276579648256302","0.1276579648256302","0.1276579648256302"
"19878","0.1386970430612564","0.1386970430612564","0.1386970430612564"
"19879","0.12473350763320923","0.12473350763320923","0.12473350763320923"
"19880","0.0783618688583374","0.0783618688583374","0.0783618688583374"
"19883","0.12611493468284607","0.12611493468284607","0.12611493468284607"
"19888","0.08859807252883911","0.08859807252883911","0.08859807252883911"
"19891","0.1354234516620636","0.1354234516620636","0.1354234516620636"
"19899","0.08935730904340744","0.08935730904340744","0.08935730904340744"
"19900","0.1010865643620491","0.1010865643620491","0.1010865643620491"
"19901","0.15129327774047852","0.15129327774047852","0.15129327774047852"
"19906","0.09812071919441223","0.09812071919441223","0.09812071919441223"
"19909","0.1477392613887787","0.1477392613887787","0.1477392613887787"
"19911","0.12261919677257538","0.12261919677257538","0.12261919677257538"
"19912","0.07381203770637512","0.07381203770637512","0.07381203770637512"
"19916","0.09905354678630829","0.09905354678630829","0.09905354678630829"
"19918","0.06600427627563477","0.06600427627563477","0.06600427627563477"
"19921","0.19149696826934814","0.19149696826934814","0.19149696826934814"
"19924","0.11870008707046509","0.11870008707046509","0.11870008707046509"
"19929","0.10607187449932098","0.10607187449932098","0.10607187449932098"
"19931","0.11414825916290283","0.11414825916290283","0.11414825916290283"
"19934","0.15152931213378906","0.15152931213378906","0.15152931213378906"
"19935","0.10814924538135529","0.10814924538135529","0.10814924538135529"
"19937","0.15375272929668427","0.15375272929668427","0.15375272929668427"
"19938","0.12951067090034485","0.12951067090034485","0.12951067090034485"
"19939","0.13205207884311676","0.13205207884311676","0.13205207884311676"
"19943","0.13303999602794647","0.13303999602794647","0.13303999602794647"
"19946","0.09142854064702988","0.09142854064702988","0.09142854064702988"
"19950","0.10753031075000763","0.10753031075000763","0.10753031075000763"
"19973","0.17930032312870026","0.17930032312870026","0.17930032312870026"
"19981","0.12379572540521622","0.12379572540521622","0.12379572540521622"
"19986","0.16755826771259308","0.16755826771259308","0.16755826771259308"
"19988","0.07853865623474121","0.07853865623474121","0.07853865623474121"
"19992","0.13394790887832642","0.13394790887832642","0.13394790887832642"
"20001","0.09662608802318573","0.09662608802318573","0.09662608802318573"
"20010","0.12235547602176666","0.12235547602176666","0.12235547602176666"
"20011","0.10939231514930725","0.10939231514930725","0.10939231514930725"
"20014","0.10664926469326019","0.10664926469326019","0.10664926469326019"
"20018","0.13312770426273346","0.13312770426273346","0.13312770426273346"
"20019","0.0695057064294815","0.0695057064294815","0.0695057064294815"
"20026","0.19846615195274353","0.19846615195274353","0.19846615195274353"
"20027","0.06916786730289459","0.06916786730289459","0.06916786730289459"
"20029","0.05967412143945694","0.05967412143945694","0.05967412143945694"
"20032","0.12129442393779755","0.12129442393779755","0.12129442393779755"
"20033","0.08559199422597885","0.08559199422597885","0.08559199422597885"
"20041","0.1031627506017685","0.1031627506017685","0.1031627506017685"
"20043","0.06919071078300476","0.06919071078300476","0.06919071078300476"
"20044","0.06772163510322571","0.06772163510322571","0.06772163510322571"
"20046","0.1666121631860733","0.1666121631860733","0.1666121631860733"
"20054","0.13709238171577454","0.13709238171577454","0.13709238171577454"
"20062","0.056620337069034576","0.056620337069034576","0.056620337069034576"
"20066","0.10425115376710892","0.10425115376710892","0.10425115376710892"
"20069","0.076759934425354","0.076759934425354","0.076759934425354"
"20072","0.1321907937526703","0.1321907937526703","0.1321907937526703"
"20079","0.18469008803367615","0.18469008803367615","0.18469008803367615"
"20088","0.15017087757587433","0.15017087757587433","0.15017087757587433"
"20092","0.08839133381843567","0.08839133381843567","0.08839133381843567"
"20101","0.0975077897310257","0.0975077897310257","0.0975077897310257"
"20115","0.08719862997531891","0.08719862997531891","0.08719862997531891"
"20118","0.09524412453174591","0.09524412453174591","0.09524412453174591"
"20120","0.11588509380817413","0.11588509380817413","0.11588509380817413"
"20122","0.13868650794029236","0.13868650794029236","0.13868650794029236"
"20129","0.1168438196182251","0.1168438196182251","0.1168438196182251"
"20130","0.05927755683660507","0.05927755683660507","0.05927755683660507"
"20131","0.09301789104938507","0.09301789104938507","0.09301789104938507"
"20135","0.08968393504619598","0.08968393504619598","0.08968393504619598"
"20137","0.10217759758234024","0.10217759758234024","0.10217759758234024"
"20153","0.08530501276254654","0.08530501276254654","0.08530501276254654"
"20156","0.08607874065637589","0.08607874065637589","0.08607874065637589"
"20157","0.10402138531208038","0.10402138531208038","0.10402138531208038"
"20166","0.10010795295238495","0.10010795295238495","0.10010795295238495"
"20169","0.16175970435142517","0.16175970435142517","0.16175970435142517"
"20170","0.13930299878120422","0.13930299878120422","0.13930299878120422"
"20171","0.14126721024513245","0.14126721024513245","0.14126721024513245"
"20178","0.13469544053077698","0.13469544053077698","0.13469544053077698"
"20179","0.1447121948003769","0.1447121948003769","0.1447121948003769"
"20184","0.1319166123867035","0.1319166123867035","0.1319166123867035"
"20192","0.17119050025939941","0.17119050025939941","0.17119050025939941"
"20199","0.1143735721707344","0.1143735721707344","0.1143735721707344"
"20205","0.13456685841083527","0.13456685841083527","0.13456685841083527"
"20208","0.08741429448127747","0.08741429448127747","0.08741429448127747"
"20209","0.13912811875343323","0.13912811875343323","0.13912811875343323"
"20213","0.11265179514884949","0.11265179514884949","0.11265179514884949"
"20231","0.10631050914525986","0.10631050914525986","0.10631050914525986"
"20232","0.08119308948516846","0.08119308948516846","0.08119308948516846"
"20233","0.11328363418579102","0.11328363418579102","0.11328363418579102"
"20239","0.1106937974691391","0.1106937974691391","0.1106937974691391"
"20241","0.12132247537374496","0.12132247537374496","0.12132247537374496"
"20249","0.1304389387369156","0.1304389387369156","0.1304389387369156"
"20252","0.16186296939849854","0.16186296939849854","0.16186296939849854"
"20253","0.10393105447292328","0.10393105447292328","0.10393105447292328"
"20257","0.10504613816738129","0.10504613816738129","0.10504613816738129"
"20259","0.06631830334663391","0.06631830334663391","0.06631830334663391"
"20265","0.16496895253658295","0.16496895253658295","0.16496895253658295"
"20266","0.10504023730754852","0.10504023730754852","0.10504023730754852"
"20271","0.03733303025364876","0.03733303025364876","0.03733303025364876"
"20273","0.12807045876979828","0.12807045876979828","0.12807045876979828"
"20277","0.1453694999217987","0.1453694999217987","0.1453694999217987"
"20278","0.12555281817913055","0.12555281817913055","0.12555281817913055"
"20280","0.09321458637714386","0.09321458637714386","0.09321458637714386"
"20285","0.13556280732154846","0.13556280732154846","0.13556280732154846"
"20288","0.15768370032310486","0.15768370032310486","0.15768370032310486"
"20290","0.08826301991939545","0.08826301991939545","0.08826301991939545"
"20292","0.07084441184997559","0.07084441184997559","0.07084441184997559"
"20297","0.09744028747081757","0.09744028747081757","0.09744028747081757"
"20302","0.07806035876274109","0.07806035876274109","0.07806035876274109"
"20305","0.17519909143447876","0.17519909143447876","0.17519909143447876"
"20311","0.09887606650590897","0.09887606650590897","0.09887606650590897"
"20315","0.08518166840076447","0.08518166840076447","0.08518166840076447"
"20317","0.14490143954753876","0.14490143954753876","0.14490143954753876"
"20337","0.12393179535865784","0.12393179535865784","0.12393179535865784"
"20338","0.24343250691890717","0.24343250691890717","0.24343250691890717"
"20345","0.10776693373918533","0.10776693373918533","0.10776693373918533"
"20349","0.07698304206132889","0.07698304206132889","0.07698304206132889"
"20350","0.14481307566165924","0.14481307566165924","0.14481307566165924"
"20355","0.100664883852005","0.100664883852005","0.100664883852005"
"20372","0.1568942666053772","0.1568942666053772","0.1568942666053772"
"20373","0.16896981000900269","0.16896981000900269","0.16896981000900269"
"20381","0.13074076175689697","0.13074076175689697","0.13074076175689697"
"20384","0.0758073627948761","0.0758073627948761","0.0758073627948761"
"20385","0.08585549890995026","0.08585549890995026","0.08585549890995026"
"20386","0.11500498652458191","0.11500498652458191","0.11500498652458191"
"20387","0.11287252604961395","0.11287252604961395","0.11287252604961395"
"20390","0.1037062555551529","0.1037062555551529","0.1037062555551529"
"20392","0.1550256460905075","0.1550256460905075","0.1550256460905075"
"20393","0.199183851480484","0.199183851480484","0.199183851480484"
"20397","0.09922623634338379","0.09922623634338379","0.09922623634338379"
"20399","0.06965470314025879","0.06965470314025879","0.06965470314025879"
"20401","0.095152348279953","0.095152348279953","0.095152348279953"
"20407","0.11212486773729324","0.11212486773729324","0.11212486773729324"
"20411","0.12547819316387177","0.12547819316387177","0.12547819316387177"
"20416","0.18943971395492554","0.18943971395492554","0.18943971395492554"
"20421","0.12807704508304596","0.12807704508304596","0.12807704508304596"
"20423","0.09705555438995361","0.09705555438995361","0.09705555438995361"
"20425","0.08021833002567291","0.08021833002567291","0.08021833002567291"
"20431","0.1768949329853058","0.1768949329853058","0.1768949329853058"
"20434","0.11284388601779938","0.11284388601779938","0.11284388601779938"
"20435","0.15332747995853424","0.15332747995853424","0.15332747995853424"
"20437","0.2012632191181183","0.2012632191181183","0.2012632191181183"
"20442","0.10447884351015091","0.10447884351015091","0.10447884351015091"
"20448","0.154312863945961","0.154312863945961","0.154312863945961"
"20452","0.08617863059043884","0.08617863059043884","0.08617863059043884"
"20454","0.16411049664020538","0.16411049664020538","0.16411049664020538"
"20459","0.1339614987373352","0.1339614987373352","0.1339614987373352"
"20462","0.09373602271080017","0.09373602271080017","0.09373602271080017"
"20463","0.08788168430328369","0.08788168430328369","0.08788168430328369"
"20484","0.10640370100736618","0.10640370100736618","0.10640370100736618"
"20491","0.14653944969177246","0.14653944969177246","0.14653944969177246"
"20494","0.08223703503608704","0.08223703503608704","0.08223703503608704"
"20511","0.22636038064956665","0.22636038064956665","0.22636038064956665"
"20515","0.1018608808517456","0.1018608808517456","0.1018608808517456"
"20525","0.1553933322429657","0.1553933322429657","0.1553933322429657"
"20535","0.12081290036439896","0.12081290036439896","0.12081290036439896"
"20538","0.22343628108501434","0.22343628108501434","0.22343628108501434"
"20539","0.12619797885417938","0.12619797885417938","0.12619797885417938"
"20548","0.14276622235774994","0.14276622235774994","0.14276622235774994"
"20554","0.06605909764766693","0.06605909764766693","0.06605909764766693"
"20557","0.13266324996948242","0.13266324996948242","0.13266324996948242"
"20564","0.09412810206413269","0.09412810206413269","0.09412810206413269"
"20568","0.10048777610063553","0.10048777610063553","0.10048777610063553"
"20569","0.057639554142951965","0.057639554142951965","0.057639554142951965"
"20574","0.13337388634681702","0.13337388634681702","0.13337388634681702"
"20577","0.15006417036056519","0.15006417036056519","0.15006417036056519"
"20579","0.17041334509849548","0.17041334509849548","0.17041334509849548"
"20586","0.10707283765077591","0.10707283765077591","0.10707283765077591"
"20587","0.15362399816513062","0.15362399816513062","0.15362399816513062"
"20588","0.1802978813648224","0.1802978813648224","0.1802978813648224"
"20596","0.11611868441104889","0.11611868441104889","0.11611868441104889"
"20597","0.11959625780582428","0.11959625780582428","0.11959625780582428"
"20602","0.1374957263469696","0.1374957263469696","0.1374957263469696"
"20607","0.0998305082321167","0.0998305082321167","0.0998305082321167"
"20609","0.05675646290183067","0.05675646290183067","0.05675646290183067"
"20616","0.10694419592618942","0.10694419592618942","0.10694419592618942"
"20618","0.08262361586093903","0.08262361586093903","0.08262361586093903"
"20621","0.11363758146762848","0.11363758146762848","0.11363758146762848"
"20627","0.11339572072029114","0.11339572072029114","0.11339572072029114"
"20628","0.14965909719467163","0.14965909719467163","0.14965909719467163"
"20633","0.12440814077854156","0.12440814077854156","0.12440814077854156"
"20652","0.11142363399267197","0.11142363399267197","0.11142363399267197"
"20655","0.11884506046772003","0.11884506046772003","0.11884506046772003"
"20659","0.07142598927021027","0.07142598927021027","0.07142598927021027"
"20667","0.16306573152542114","0.16306573152542114","0.16306573152542114"
"20668","0.10812825709581375","0.10812825709581375","0.10812825709581375"
"20672","0.11582093685865402","0.11582093685865402","0.11582093685865402"
"20683","0.14184445142745972","0.14184445142745972","0.14184445142745972"
"20693","0.08449766039848328","0.08449766039848328","0.08449766039848328"
"20695","0.16560089588165283","0.16560089588165283","0.16560089588165283"
"20706","0.15091486275196075","0.15091486275196075","0.15091486275196075"
"20708","0.15821772813796997","0.15821772813796997","0.15821772813796997"
"20709","0.10330943763256073","0.10330943763256073","0.10330943763256073"
"20713","0.18880200386047363","0.18880200386047363","0.18880200386047363"
"20721","0.06932838261127472","0.06932838261127472","0.06932838261127472"
"20723","0.11816346645355225","0.11816346645355225","0.11816346645355225"
"20725","0.0869903564453125","0.0869903564453125","0.0869903564453125"
"20731","0.07215294986963272","0.07215294986963272","0.07215294986963272"
"20748","0.12896257638931274","0.12896257638931274","0.12896257638931274"
"20756","0.12898597121238708","0.12898597121238708","0.12898597121238708"
"20763","0.10354608297348022","0.10354608297348022","0.10354608297348022"
"20765","0.1279200166463852","0.1279200166463852","0.1279200166463852"
"20766","0.09172306209802628","0.09172306209802628","0.09172306209802628"
"20772","0.11776907742023468","0.11776907742023468","0.11776907742023468"
"20774","0.19060629606246948","0.19060629606246948","0.19060629606246948"
"20781","0.08312389254570007","0.08312389254570007","0.08312389254570007"
"20792","0.06310294568538666","0.06310294568538666","0.06310294568538666"
"20795","0.11644236743450165","0.11644236743450165","0.11644236743450165"
"20797","0.07262524962425232","0.07262524962425232","0.07262524962425232"
"20814","0.08686652779579163","0.08686652779579163","0.08686652779579163"
"20817","0.0905064195394516","0.0905064195394516","0.0905064195394516"
"20820","0.06879131495952606","0.06879131495952606","0.06879131495952606"
"20828","0.1444498598575592","0.1444498598575592","0.1444498598575592"
"20831","0.23718765377998352","0.23718765377998352","0.23718765377998352"
"20833","0.11814697831869125","0.11814697831869125","0.11814697831869125"
"20835","0.11084792762994766","0.11084792762994766","0.11084792762994766"
"20840","0.12011595815420151","0.12011595815420151","0.12011595815420151"
"20842","0.1211688220500946","0.1211688220500946","0.1211688220500946"
"20847","0.12312911450862885","0.12312911450862885","0.12312911450862885"
"20851","0.05856442451477051","0.05856442451477051","0.05856442451477051"
"20853","0.07296214252710342","0.07296214252710342","0.07296214252710342"
"20854","0.1378573477268219","0.1378573477268219","0.1378573477268219"
"20855","0.15766239166259766","0.15766239166259766","0.15766239166259766"
"20858","0.07325093448162079","0.07325093448162079","0.07325093448162079"
"20864","0.12491326034069061","0.12491326034069061","0.12491326034069061"
"20865","0.08665107190608978","0.08665107190608978","0.08665107190608978"
"20868","0.15226826071739197","0.15226826071739197","0.15226826071739197"
"20872","0.12205097079277039","0.12205097079277039","0.12205097079277039"
"20873","0.0424676239490509","0.0424676239490509","0.0424676239490509"
"20884","0.0842406302690506","0.0842406302690506","0.0842406302690506"
"20891","0.12137529999017715","0.12137529999017715","0.12137529999017715"
"20893","0.14441516995429993","0.14441516995429993","0.14441516995429993"
"20895","0.1024554893374443","0.1024554893374443","0.1024554893374443"
"20896","0.10016857087612152","0.10016857087612152","0.10016857087612152"
"20926","0.1464942991733551","0.1464942991733551","0.1464942991733551"
"20930","0.08412476629018784","0.08412476629018784","0.08412476629018784"
"20944","0.11523005366325378","0.11523005366325378","0.11523005366325378"
"20946","0.07796290516853333","0.07796290516853333","0.07796290516853333"
"20950","0.13120093941688538","0.13120093941688538","0.13120093941688538"
"20959","0.09003107994794846","0.09003107994794846","0.09003107994794846"
"20971","0.20023247599601746","0.20023247599601746","0.20023247599601746"
"20973","0.12016712129116058","0.12016712129116058","0.12016712129116058"
"20978","0.1701066493988037","0.1701066493988037","0.1701066493988037"
"20982","0.14942216873168945","0.14942216873168945","0.14942216873168945"
"20984","0.16475965082645416","0.16475965082645416","0.16475965082645416"
"20987","0.11700330674648285","0.11700330674648285","0.11700330674648285"
"20993","0.1180262565612793","0.1180262565612793","0.1180262565612793"
"20995","0.07206495106220245","0.07206495106220245","0.07206495106220245"
"21001","0.15664860606193542","0.15664860606193542","0.15664860606193542"
"21006","0.16915132105350494","0.16915132105350494","0.16915132105350494"
"21018","0.1343291848897934","0.1343291848897934","0.1343291848897934"
"21019","0.17242063581943512","0.17242063581943512","0.17242063581943512"
"21022","0.0781041607260704","0.0781041607260704","0.0781041607260704"
"21047","0.09171532094478607","0.09171532094478607","0.09171532094478607"
"21048","0.11902393400669098","0.11902393400669098","0.11902393400669098"
"21051","0.10986998677253723","0.10986998677253723","0.10986998677253723"
"21056","0.11080881953239441","0.11080881953239441","0.11080881953239441"
"21059","0.16735132038593292","0.16735132038593292","0.16735132038593292"
"21060","0.1150922179222107","0.1150922179222107","0.1150922179222107"
"21061","0.042280636727809906","0.042280636727809906","0.042280636727809906"
"21069","0.14794877171516418","0.14794877171516418","0.14794877171516418"
"21071","0.14401447772979736","0.14401447772979736","0.14401447772979736"
"21073","0.1523226946592331","0.1523226946592331","0.1523226946592331"
"21075","0.10084828734397888","0.10084828734397888","0.10084828734397888"
"21077","0.0412583127617836","0.0412583127617836","0.0412583127617836"
"21079","0.13262706995010376","0.13262706995010376","0.13262706995010376"
"21083","0.07968825846910477","0.07968825846910477","0.07968825846910477"
"21084","0.1333705186843872","0.1333705186843872","0.1333705186843872"
"21089","0.12311962246894836","0.12311962246894836","0.12311962246894836"
"21092","0.16464978456497192","0.16464978456497192","0.16464978456497192"
"21093","0.0911838486790657","0.0911838486790657","0.0911838486790657"
"21096","0.09539590775966644","0.09539590775966644","0.09539590775966644"
"21098","0.08805155754089355","0.08805155754089355","0.08805155754089355"
"21102","0.0813865140080452","0.0813865140080452","0.0813865140080452"
"21115","0.08350163698196411","0.08350163698196411","0.08350163698196411"
"21116","0.1405583918094635","0.1405583918094635","0.1405583918094635"
"21118","0.1412736177444458","0.1412736177444458","0.1412736177444458"
"21123","0.0926884189248085","0.0926884189248085","0.0926884189248085"
"21128","0.0772276222705841","0.0772276222705841","0.0772276222705841"
"21135","0.11338528990745544","0.11338528990745544","0.11338528990745544"
"21137","0.12064829468727112","0.12064829468727112","0.12064829468727112"
"21140","0.05259372293949127","0.05259372293949127","0.05259372293949127"
"21141","0.2394680380821228","0.2394680380821228","0.2394680380821228"
"21144","0.09755217283964157","0.09755217283964157","0.09755217283964157"
"21149","0.09758603572845459","0.09758603572845459","0.09758603572845459"
"21152","0.1514815390110016","0.1514815390110016","0.1514815390110016"
"21155","0.17346563935279846","0.17346563935279846","0.17346563935279846"
"21157","0.12758806347846985","0.12758806347846985","0.12758806347846985"
"21160","0.093230701982975","0.093230701982975","0.093230701982975"
"21164","0.09028807282447815","0.09028807282447815","0.09028807282447815"
"21194","0.14134520292282104","0.14134520292282104","0.14134520292282104"
"21198","0.10862768441438675","0.10862768441438675","0.10862768441438675"
"21201","0.11381475627422333","0.11381475627422333","0.11381475627422333"
"21207","0.1295376420021057","0.1295376420021057","0.1295376420021057"
"21218","0.08570947498083115","0.08570947498083115","0.08570947498083115"
"21226","0.14274418354034424","0.14274418354034424","0.14274418354034424"
"21230","0.12358260154724121","0.12358260154724121","0.12358260154724121"
"21243","0.13059209287166595","0.13059209287166595","0.13059209287166595"
"21254","0.14315813779830933","0.14315813779830933","0.14315813779830933"
"21256","0.09109759330749512","0.09109759330749512","0.09109759330749512"
"21268","0.15012425184249878","0.15012425184249878","0.15012425184249878"
"21271","0.14503395557403564","0.14503395557403564","0.14503395557403564"
"21274","0.17192746698856354","0.17192746698856354","0.17192746698856354"
"21276","0.11780422925949097","0.11780422925949097","0.11780422925949097"
"21278","0.1248171478509903","0.1248171478509903","0.1248171478509903"
"21279","0.10800288617610931","0.10800288617610931","0.10800288617610931"
"21282","0.10110101848840714","0.10110101848840714","0.10110101848840714"
"21284","0.11985751986503601","0.11985751986503601","0.11985751986503601"
"21290","0.12056669592857361","0.12056669592857361","0.12056669592857361"
"21298","0.07194623351097107","0.07194623351097107","0.07194623351097107"
"21305","0.05039309710264206","0.05039309710264206","0.05039309710264206"
"21306","0.1550784707069397","0.1550784707069397","0.1550784707069397"
"21311","0.09394527226686478","0.09394527226686478","0.09394527226686478"
"21312","0.09085620939731598","0.09085620939731598","0.09085620939731598"
"21314","0.11677776277065277","0.11677776277065277","0.11677776277065277"
"21324","0.15956778824329376","0.15956778824329376","0.15956778824329376"
"21327","0.09106743335723877","0.09106743335723877","0.09106743335723877"
"21338","0.07911317050457001","0.07911317050457001","0.07911317050457001"
"21341","0.1092580184340477","0.1092580184340477","0.1092580184340477"
"21351","0.0966043472290039","0.0966043472290039","0.0966043472290039"
"21352","0.08463817834854126","0.08463817834854126","0.08463817834854126"
"21355","0.2004573941230774","0.2004573941230774","0.2004573941230774"
"21356","0.09426558762788773","0.09426558762788773","0.09426558762788773"
"21357","0.1904211938381195","0.1904211938381195","0.1904211938381195"
"21363","0.056031517684459686","0.056031517684459686","0.056031517684459686"
"21364","0.11106527596712112","0.11106527596712112","0.11106527596712112"
"21370","0.15529149770736694","0.15529149770736694","0.15529149770736694"
"21382","0.16018512845039368","0.16018512845039368","0.16018512845039368"
"21383","0.1508435606956482","0.1508435606956482","0.1508435606956482"
"21392","0.1455696076154709","0.1455696076154709","0.1455696076154709"
"21395","0.08040252327919006","0.08040252327919006","0.08040252327919006"
"21404","0.04675174131989479","0.04675174131989479","0.04675174131989479"
"21410","0.20332224667072296","0.20332224667072296","0.20332224667072296"
"21414","0.14851701259613037","0.14851701259613037","0.14851701259613037"
"21429","0.06036119908094406","0.06036119908094406","0.06036119908094406"
"21435","0.13548511266708374","0.13548511266708374","0.13548511266708374"
"21441","0.0749259889125824","0.0749259889125824","0.0749259889125824"
"21444","0.16258297860622406","0.16258297860622406","0.16258297860622406"
"21447","0.09633656591176987","0.09633656591176987","0.09633656591176987"
"21449","0.16044577956199646","0.16044577956199646","0.16044577956199646"
"21459","0.0844564139842987","0.0844564139842987","0.0844564139842987"
"21472","0.0942901074886322","0.0942901074886322","0.0942901074886322"
"21474","0.13257509469985962","0.13257509469985962","0.13257509469985962"
"21487","0.10150119662284851","0.10150119662284851","0.10150119662284851"
"21491","0.1392863690853119","0.1392863690853119","0.1392863690853119"
"21493","0.12156142294406891","0.12156142294406891","0.12156142294406891"
"21495","0.0925317108631134","0.0925317108631134","0.0925317108631134"
"21500","0.10380815714597702","0.10380815714597702","0.10380815714597702"
"21504","0.1432671844959259","0.1432671844959259","0.1432671844959259"
"21505","0.09594219923019409","0.09594219923019409","0.09594219923019409"
"21513","0.13346624374389648","0.13346624374389648","0.13346624374389648"
"21522","0.1363772451877594","0.1363772451877594","0.1363772451877594"
"21530","0.052211131900548935","0.052211131900548935","0.052211131900548935"
"21531","0.13063323497772217","0.13063323497772217","0.13063323497772217"
"21546","0.11338844895362854","0.11338844895362854","0.11338844895362854"
"21547","0.08484256267547607","0.08484256267547607","0.08484256267547607"
"21549","0.09984420239925385","0.09984420239925385","0.09984420239925385"
"21565","0.1114986315369606","0.1114986315369606","0.1114986315369606"
"21573","0.10640378296375275","0.10640378296375275","0.10640378296375275"
"21574","0.10502210259437561","0.10502210259437561","0.10502210259437561"
"21582","0.13602115213871002","0.13602115213871002","0.13602115213871002"
"21587","0.08797961473464966","0.08797961473464966","0.08797961473464966"
"21588","0.04926859587430954","0.04926859587430954","0.04926859587430954"
"21590","0.157359778881073","0.157359778881073","0.157359778881073"
"21593","0.09768126159906387","0.09768126159906387","0.09768126159906387"
"21594","0.09486080706119537","0.09486080706119537","0.09486080706119537"
"21597","0.07069253921508789","0.07069253921508789","0.07069253921508789"
"21598","0.13423193991184235","0.13423193991184235","0.13423193991184235"
"21603","0.11534184217453003","0.11534184217453003","0.11534184217453003"
"21604","0.059390414506196976","0.059390414506196976","0.059390414506196976"
"21614","0.1683332622051239","0.1683332622051239","0.1683332622051239"
"21621","0.09412000328302383","0.09412000328302383","0.09412000328302383"
"21622","0.13903692364692688","0.13903692364692688","0.13903692364692688"
"21625","0.07993931323289871","0.07993931323289871","0.07993931323289871"
"21630","0.1532958596944809","0.1532958596944809","0.1532958596944809"
"21639","0.08309018611907959","0.08309018611907959","0.08309018611907959"
"21641","0.08015134930610657","0.08015134930610657","0.08015134930610657"
"21651","0.14051185548305511","0.14051185548305511","0.14051185548305511"
"21657","0.1055557131767273","0.1055557131767273","0.1055557131767273"
"21658","0.19306375086307526","0.19306375086307526","0.19306375086307526"
"21664","0.1063794195652008","0.1063794195652008","0.1063794195652008"
"21666","0.1271958351135254","0.1271958351135254","0.1271958351135254"
"21667","0.16079160571098328","0.16079160571098328","0.16079160571098328"
"21677","0.1368342638015747","0.1368342638015747","0.1368342638015747"
"21684","0.13657261431217194","0.13657261431217194","0.13657261431217194"
"21693","0.09129412472248077","0.09129412472248077","0.09129412472248077"
"21698","0.12190878391265869","0.12190878391265869","0.12190878391265869"
"21703","0.08456717431545258","0.08456717431545258","0.08456717431545258"
"21708","0.08879488706588745","0.08879488706588745","0.08879488706588745"
"21714","0.0668046623468399","0.0668046623468399","0.0668046623468399"
"21716","0.08773540705442429","0.08773540705442429","0.08773540705442429"
"21723","0.1643209308385849","0.1643209308385849","0.1643209308385849"
"21729","0.11805613338947296","0.11805613338947296","0.11805613338947296"
"21730","0.13656412065029144","0.13656412065029144","0.13656412065029144"
"21737","0.1923450380563736","0.1923450380563736","0.1923450380563736"
"21740","0.1281820833683014","0.1281820833683014","0.1281820833683014"
"21747","0.0753670409321785","0.0753670409321785","0.0753670409321785"
"21748","0.18575027585029602","0.18575027585029602","0.18575027585029602"
"21757","0.09932463616132736","0.09932463616132736","0.09932463616132736"
"21765","0.0680401548743248","0.0680401548743248","0.0680401548743248"
"21770","0.08020399510860443","0.08020399510860443","0.08020399510860443"
"21774","0.13073976337909698","0.13073976337909698","0.13073976337909698"
"21778","0.1040879637002945","0.1040879637002945","0.1040879637002945"
"21784","0.07911895215511322","0.07911895215511322","0.07911895215511322"
"21788","0.0960409864783287","0.0960409864783287","0.0960409864783287"
"21801","0.14367783069610596","0.14367783069610596","0.14367783069610596"
"21806","0.11342865228652954","0.11342865228652954","0.11342865228652954"
"21809","0.18326592445373535","0.18326592445373535","0.18326592445373535"
"21812","0.18246962130069733","0.18246962130069733","0.18246962130069733"
"21816","0.10200134664773941","0.10200134664773941","0.10200134664773941"
"21820","0.16380038857460022","0.16380038857460022","0.16380038857460022"
"21829","0.11236537992954254","0.11236537992954254","0.11236537992954254"
"21831","0.11585362255573273","0.11585362255573273","0.11585362255573273"
"21832","0.13034749031066895","0.13034749031066895","0.13034749031066895"
"21853","0.11074124276638031","0.11074124276638031","0.11074124276638031"
"21856","0.14329133927822113","0.14329133927822113","0.14329133927822113"
"21861","0.07358251512050629","0.07358251512050629","0.07358251512050629"
"21866","0.1054990291595459","0.1054990291595459","0.1054990291595459"
"21876","0.14048662781715393","0.14048662781715393","0.14048662781715393"
"21880","0.12295905500650406","0.12295905500650406","0.12295905500650406"
"21881","0.17054301500320435","0.17054301500320435","0.17054301500320435"
"21882","0.11548861116170883","0.11548861116170883","0.11548861116170883"
"21887","0.16122952103614807","0.16122952103614807","0.16122952103614807"
"21889","0.1342572569847107","0.1342572569847107","0.1342572569847107"
"21890","0.1154986321926117","0.1154986321926117","0.1154986321926117"
"21892","0.09954267740249634","0.09954267740249634","0.09954267740249634"
"21893","0.13264280557632446","0.13264280557632446","0.13264280557632446"
"21895","0.1874968409538269","0.1874968409538269","0.1874968409538269"
"21898","0.10926221311092377","0.10926221311092377","0.10926221311092377"
"21901","0.08884897828102112","0.08884897828102112","0.08884897828102112"
"21902","0.16821113228797913","0.16821113228797913","0.16821113228797913"
"21907","0.10725340247154236","0.10725340247154236","0.10725340247154236"
"21915","0.09974472224712372","0.09974472224712372","0.09974472224712372"
"21920","0.14258264005184174","0.14258264005184174","0.14258264005184174"
"21923","0.06502172350883484","0.06502172350883484","0.06502172350883484"
"21925","0.06673083454370499","0.06673083454370499","0.06673083454370499"
"21931","0.17843884229660034","0.17843884229660034","0.17843884229660034"
"21937","0.09830277413129807","0.09830277413129807","0.09830277413129807"
"21947","0.11402998864650726","0.11402998864650726","0.11402998864650726"
"21950","0.07310232520103455","0.07310232520103455","0.07310232520103455"
"21953","0.14799632132053375","0.14799632132053375","0.14799632132053375"
"21955","0.10912695527076721","0.10912695527076721","0.10912695527076721"
"21962","0.15010197460651398","0.15010197460651398","0.15010197460651398"
"21970","0.14951562881469727","0.14951562881469727","0.14951562881469727"
"21971","0.1188860833644867","0.1188860833644867","0.1188860833644867"
"21976","0.11589746922254562","0.11589746922254562","0.11589746922254562"
"21985","0.08086612820625305","0.08086612820625305","0.08086612820625305"
"21986","0.07720772176980972","0.07720772176980972","0.07720772176980972"
"21988","0.07703621685504913","0.07703621685504913","0.07703621685504913"
"22003","0.051786869764328","0.051786869764328","0.051786869764328"
"22005","0.1725195348262787","0.1725195348262787","0.1725195348262787"
"22006","0.12068964540958405","0.12068964540958405","0.12068964540958405"
"22011","0.10457350313663483","0.10457350313663483","0.10457350313663483"
"22022","0.12664660811424255","0.12664660811424255","0.12664660811424255"
"22023","0.19153091311454773","0.19153091311454773","0.19153091311454773"
"22024","0.07447229325771332","0.07447229325771332","0.07447229325771332"
"22026","0.14054933190345764","0.14054933190345764","0.14054933190345764"
"22028","0.11183479428291321","0.11183479428291321","0.11183479428291321"
"22033","0.14251939952373505","0.14251939952373505","0.14251939952373505"
"22053","0.11498315632343292","0.11498315632343292","0.11498315632343292"
"22060","0.11000004410743713","0.11000004410743713","0.11000004410743713"
"22064","0.145097017288208","0.145097017288208","0.145097017288208"
"22065","0.15192994475364685","0.15192994475364685","0.15192994475364685"
"22076","0.07870808243751526","0.07870808243751526","0.07870808243751526"
"22081","0.15912072360515594","0.15912072360515594","0.15912072360515594"
"22082","0.11190877854824066","0.11190877854824066","0.11190877854824066"
"22084","0.11875060945749283","0.11875060945749283","0.11875060945749283"
"22087","0.063923180103302","0.063923180103302","0.063923180103302"
"22088","0.08700712025165558","0.08700712025165558","0.08700712025165558"
"22089","0.13975049555301666","0.13975049555301666","0.13975049555301666"
"22091","0.09582651406526566","0.09582651406526566","0.09582651406526566"
"22106","0.13988444209098816","0.13988444209098816","0.13988444209098816"
"22108","0.11030953377485275","0.11030953377485275","0.11030953377485275"
"22117","0.14866690337657928","0.14866690337657928","0.14866690337657928"
"22118","0.11352112889289856","0.11352112889289856","0.11352112889289856"
"22120","0.05137728154659271","0.05137728154659271","0.05137728154659271"
"22133","0.09144438803195953","0.09144438803195953","0.09144438803195953"
"22134","0.14425452053546906","0.14425452053546906","0.14425452053546906"
"22141","0.17634588479995728","0.17634588479995728","0.17634588479995728"
"22145","0.18405401706695557","0.18405401706695557","0.18405401706695557"
"22152","0.119015634059906","0.119015634059906","0.119015634059906"
"22153","0.1345309019088745","0.1345309019088745","0.1345309019088745"
"22160","0.09761187434196472","0.09761187434196472","0.09761187434196472"
"22161","0.09063679724931717","0.09063679724931717","0.09063679724931717"
"22173","0.12612071633338928","0.12612071633338928","0.12612071633338928"
"22177","0.094907745718956","0.094907745718956","0.094907745718956"
"22183","0.13651901483535767","0.13651901483535767","0.13651901483535767"
"22191","0.0560811385512352","0.0560811385512352","0.0560811385512352"
"22194","0.09124745428562164","0.09124745428562164","0.09124745428562164"
"22195","0.08216861635446548","0.08216861635446548","0.08216861635446548"
"22197","0.1656859815120697","0.1656859815120697","0.1656859815120697"
"22205","0.17120963335037231","0.17120963335037231","0.17120963335037231"
"22208","0.1318749040365219","0.1318749040365219","0.1318749040365219"
"22216","0.10010705143213272","0.10010705143213272","0.10010705143213272"
"22218","0.15224610269069672","0.15224610269069672","0.15224610269069672"
"22228","0.1470465213060379","0.1470465213060379","0.1470465213060379"
"22229","0.12035094201564789","0.12035094201564789","0.12035094201564789"
"22238","0.10930188745260239","0.10930188745260239","0.10930188745260239"
"22245","0.10660410672426224","0.10660410672426224","0.10660410672426224"
"22256","0.15626275539398193","0.15626275539398193","0.15626275539398193"
"22269","0.0766773521900177","0.0766773521900177","0.0766773521900177"
"22272","0.14073655009269714","0.14073655009269714","0.14073655009269714"
"22284","0.08820191025733948","0.08820191025733948","0.08820191025733948"
"22285","0.08810898661613464","0.08810898661613464","0.08810898661613464"
"22288","0.15948474407196045","0.15948474407196045","0.15948474407196045"
"22289","0.11449383199214935","0.11449383199214935","0.11449383199214935"
"22291","0.13722233474254608","0.13722233474254608","0.13722233474254608"
"22301","0.14129196107387543","0.14129196107387543","0.14129196107387543"
"22309","0.06856058537960052","0.06856058537960052","0.06856058537960052"
"22312","0.11392208933830261","0.11392208933830261","0.11392208933830261"
"22317","0.19823995232582092","0.19823995232582092","0.19823995232582092"
"22318","0.10686494410037994","0.10686494410037994","0.10686494410037994"
"22321","0.09968407452106476","0.09968407452106476","0.09968407452106476"
"22333","0.16002917289733887","0.16002917289733887","0.16002917289733887"
"22335","0.10220274329185486","0.10220274329185486","0.10220274329185486"
"22337","0.11922488361597061","0.11922488361597061","0.11922488361597061"
"22340","0.11998060345649719","0.11998060345649719","0.11998060345649719"
"22345","0.14506879448890686","0.14506879448890686","0.14506879448890686"
"22352","0.09975653886795044","0.09975653886795044","0.09975653886795044"
"22358","0.07013441622257233","0.07013441622257233","0.07013441622257233"
"22361","0.17343871295452118","0.17343871295452118","0.17343871295452118"
"22365","0.12538057565689087","0.12538057565689087","0.12538057565689087"
"22375","0.05925622582435608","0.05925622582435608","0.05925622582435608"
"22379","0.10502423346042633","0.10502423346042633","0.10502423346042633"
"22384","0.040533535182476044","0.040533535182476044","0.040533535182476044"
"22387","0.10773351788520813","0.10773351788520813","0.10773351788520813"
"22388","0.12240522354841232","0.12240522354841232","0.12240522354841232"
"22392","0.1437515914440155","0.1437515914440155","0.1437515914440155"
"22393","0.1125095933675766","0.1125095933675766","0.1125095933675766"
"22401","0.07520259916782379","0.07520259916782379","0.07520259916782379"
"22406","0.07430116832256317","0.07430116832256317","0.07430116832256317"
"22427","0.04543640464544296","0.04543640464544296","0.04543640464544296"
"22429","0.07475356757640839","0.07475356757640839","0.07475356757640839"
"22431","0.13964593410491943","0.13964593410491943","0.13964593410491943"
"22433","0.10664796084165573","0.10664796084165573","0.10664796084165573"
"22447","0.21127137541770935","0.21127137541770935","0.21127137541770935"
"22452","0.1466751992702484","0.1466751992702484","0.1466751992702484"
"22457","0.08658700436353683","0.08658700436353683","0.08658700436353683"
"22458","0.14055636525154114","0.14055636525154114","0.14055636525154114"
"22467","0.11627823114395142","0.11627823114395142","0.11627823114395142"
"22481","0.10240279138088226","0.10240279138088226","0.10240279138088226"
"22486","0.14558559656143188","0.14558559656143188","0.14558559656143188"
"22487","0.13889291882514954","0.13889291882514954","0.13889291882514954"
"22493","0.06450459361076355","0.06450459361076355","0.06450459361076355"
"22502","0.10303221642971039","0.10303221642971039","0.10303221642971039"
"22511","0.0856497585773468","0.0856497585773468","0.0856497585773468"
"22514","0.11693765968084335","0.11693765968084335","0.11693765968084335"
"22515","0.07554453611373901","0.07554453611373901","0.07554453611373901"
"22524","0.2231581211090088","0.2231581211090088","0.2231581211090088"
"22527","0.1117057353258133","0.1117057353258133","0.1117057353258133"
"22531","0.06372793018817902","0.06372793018817902","0.06372793018817902"
"22535","0.13227632641792297","0.13227632641792297","0.13227632641792297"
"22536","0.11987321078777313","0.11987321078777313","0.11987321078777313"
"22538","0.152338445186615","0.152338445186615","0.152338445186615"
"22544","0.14367592334747314","0.14367592334747314","0.14367592334747314"
"22552","0.11706046760082245","0.11706046760082245","0.11706046760082245"
"22566","0.07868120819330215","0.07868120819330215","0.07868120819330215"
"22574","0.08820071071386337","0.08820071071386337","0.08820071071386337"
"22578","0.16882863640785217","0.16882863640785217","0.16882863640785217"
"22581","0.07173226028680801","0.07173226028680801","0.07173226028680801"
"22594","0.08735312521457672","0.08735312521457672","0.08735312521457672"
"22598","0.14522609114646912","0.14522609114646912","0.14522609114646912"
"22599","0.12553730607032776","0.12553730607032776","0.12553730607032776"
"22600","0.07808373868465424","0.07808373868465424","0.07808373868465424"
"22605","0.1947377324104309","0.1947377324104309","0.1947377324104309"
"22608","0.13273873925209045","0.13273873925209045","0.13273873925209045"
"22615","0.09183365106582642","0.09183365106582642","0.09183365106582642"
"22618","0.14836442470550537","0.14836442470550537","0.14836442470550537"
"22632","0.1048165112733841","0.1048165112733841","0.1048165112733841"
"22635","0.15496879816055298","0.15496879816055298","0.15496879816055298"
"22644","0.14670158922672272","0.14670158922672272","0.14670158922672272"
"22645","0.11080582439899445","0.11080582439899445","0.11080582439899445"
"22647","0.13323643803596497","0.13323643803596497","0.13323643803596497"
"22649","0.10740044713020325","0.10740044713020325","0.10740044713020325"
"22651","0.1268133521080017","0.1268133521080017","0.1268133521080017"
"22661","0.10336515307426453","0.10336515307426453","0.10336515307426453"
"22667","0.05901545286178589","0.05901545286178589","0.05901545286178589"
"22670","0.1607312262058258","0.1607312262058258","0.1607312262058258"
"22678","0.10045260936021805","0.10045260936021805","0.10045260936021805"
"22683","0.10154209285974503","0.10154209285974503","0.10154209285974503"
"22689","0.08520965278148651","0.08520965278148651","0.08520965278148651"
"22694","0.08186809718608856","0.08186809718608856","0.08186809718608856"
"22705","0.047429412603378296","0.047429412603378296","0.047429412603378296"
"22712","0.16775375604629517","0.16775375604629517","0.16775375604629517"
"22714","0.07921785116195679","0.07921785116195679","0.07921785116195679"
"22716","0.10206452012062073","0.10206452012062073","0.10206452012062073"
"22718","0.1087990254163742","0.1087990254163742","0.1087990254163742"
"22724","0.06099824979901314","0.06099824979901314","0.06099824979901314"
"22729","0.13463574647903442","0.13463574647903442","0.13463574647903442"
"22730","0.12448634952306747","0.12448634952306747","0.12448634952306747"
"22736","0.09120379388332367","0.09120379388332367","0.09120379388332367"
"22747","0.13034670054912567","0.13034670054912567","0.13034670054912567"
"22759","0.10420359671115875","0.10420359671115875","0.10420359671115875"
"22772","0.109363853931427","0.109363853931427","0.109363853931427"
"22781","0.09443657100200653","0.09443657100200653","0.09443657100200653"
"22790","0.08250056207180023","0.08250056207180023","0.08250056207180023"
"22795","0.07983672618865967","0.07983672618865967","0.07983672618865967"
"22803","0.14112485945224762","0.14112485945224762","0.14112485945224762"
"22805","0.1272498220205307","0.1272498220205307","0.1272498220205307"
"22807","0.12234178185462952","0.12234178185462952","0.12234178185462952"
"22814","0.09745939075946808","0.09745939075946808","0.09745939075946808"
"22815","0.21645012497901917","0.21645012497901917","0.21645012497901917"
"22817","0.12306499481201172","0.12306499481201172","0.12306499481201172"
"22819","0.15063920617103577","0.15063920617103577","0.15063920617103577"
"22820","0.17395737767219543","0.17395737767219543","0.17395737767219543"
"22821","0.14389459788799286","0.14389459788799286","0.14389459788799286"
"22825","0.1033903956413269","0.1033903956413269","0.1033903956413269"
"22827","0.10278679430484772","0.10278679430484772","0.10278679430484772"
"22833","0.12344446033239365","0.12344446033239365","0.12344446033239365"
"22836","0.07530828565359116","0.07530828565359116","0.07530828565359116"
"22837","0.08077772706747055","0.08077772706747055","0.08077772706747055"
"22838","0.05210188776254654","0.05210188776254654","0.05210188776254654"
"22844","0.11737425625324249","0.11737425625324249","0.11737425625324249"
"22847","0.10924091935157776","0.10924091935157776","0.10924091935157776"
"22849","0.0980483889579773","0.0980483889579773","0.0980483889579773"
"22852","0.0916878879070282","0.0916878879070282","0.0916878879070282"
"22853","0.14445555210113525","0.14445555210113525","0.14445555210113525"
"22862","0.10585631430149078","0.10585631430149078","0.10585631430149078"
"22866","0.10123316198587418","0.10123316198587418","0.10123316198587418"
"22867","0.15291881561279297","0.15291881561279297","0.15291881561279297"
"22869","0.10626761615276337","0.10626761615276337","0.10626761615276337"
"22870","0.1116364523768425","0.1116364523768425","0.1116364523768425"
"22880","0.08940719068050385","0.08940719068050385","0.08940719068050385"
"22886","0.123467817902565","0.123467817902565","0.123467817902565"
"22891","0.11501313745975494","0.11501313745975494","0.11501313745975494"
"22892","0.131536602973938","0.131536602973938","0.131536602973938"
"22893","0.13032178580760956","0.13032178580760956","0.13032178580760956"
"22897","0.1221960186958313","0.1221960186958313","0.1221960186958313"
"22900","0.12570823729038239","0.12570823729038239","0.12570823729038239"
"22901","0.12940695881843567","0.12940695881843567","0.12940695881843567"
"22917","0.07832126319408417","0.07832126319408417","0.07832126319408417"
"22924","0.14837509393692017","0.14837509393692017","0.14837509393692017"
"22927","0.12859342992305756","0.12859342992305756","0.12859342992305756"
"22931","0.08857090771198273","0.08857090771198273","0.08857090771198273"
"22936","0.15446946024894714","0.15446946024894714","0.15446946024894714"
"22937","0.13667280972003937","0.13667280972003937","0.13667280972003937"
"22946","0.07464860379695892","0.07464860379695892","0.07464860379695892"
"22955","0.08948026597499847","0.08948026597499847","0.08948026597499847"
"22957","0.04809008538722992","0.04809008538722992","0.04809008538722992"
"22959","0.10062024742364883","0.10062024742364883","0.10062024742364883"
"22960","0.1186046376824379","0.1186046376824379","0.1186046376824379"
"22961","0.11711698025465012","0.11711698025465012","0.11711698025465012"
"22966","0.09467281401157379","0.09467281401157379","0.09467281401157379"
"22967","0.11634986102581024","0.11634986102581024","0.11634986102581024"
"22972","0.08063045144081116","0.08063045144081116","0.08063045144081116"
"22974","0.1211988776922226","0.1211988776922226","0.1211988776922226"
"22976","0.18957185745239258","0.18957185745239258","0.18957185745239258"
"22978","0.10662496834993362","0.10662496834993362","0.10662496834993362"
"22988","0.0533248707652092","0.0533248707652092","0.0533248707652092"
"22994","0.0470196008682251","0.0470196008682251","0.0470196008682251"
"23000","0.10501950234174728","0.10501950234174728","0.10501950234174728"
"23001","0.14242765307426453","0.14242765307426453","0.14242765307426453"
"23003","0.1290012001991272","0.1290012001991272","0.1290012001991272"
"23005","0.0885850042104721","0.0885850042104721","0.0885850042104721"
"23006","0.1851290613412857","0.1851290613412857","0.1851290613412857"
"23010","0.1932513415813446","0.1932513415813446","0.1932513415813446"
"23011","0.06751249730587006","0.06751249730587006","0.06751249730587006"
"23012","0.10198769718408585","0.10198769718408585","0.10198769718408585"
"23014","0.08713771402835846","0.08713771402835846","0.08713771402835846"
"23018","0.09387191385030746","0.09387191385030746","0.09387191385030746"
"23020","0.16048985719680786","0.16048985719680786","0.16048985719680786"
"23021","0.07642331719398499","0.07642331719398499","0.07642331719398499"
"23024","0.19028496742248535","0.19028496742248535","0.19028496742248535"
"23031","0.15161074697971344","0.15161074697971344","0.15161074697971344"
"23034","0.08956471085548401","0.08956471085548401","0.08956471085548401"
"23036","0.0780492052435875","0.0780492052435875","0.0780492052435875"
"23043","0.05957840755581856","0.05957840755581856","0.05957840755581856"
"23046","0.1439448595046997","0.1439448595046997","0.1439448595046997"
"23048","0.09422177076339722","0.09422177076339722","0.09422177076339722"
"23055","0.16830848157405853","0.16830848157405853","0.16830848157405853"
"23056","0.068663090467453","0.068663090467453","0.068663090467453"
"23067","0.11038953810930252","0.11038953810930252","0.11038953810930252"
"23074","0.19872702658176422","0.19872702658176422","0.19872702658176422"
"23077","0.07992743700742722","0.07992743700742722","0.07992743700742722"
"23080","0.1263410449028015","0.1263410449028015","0.1263410449028015"
"23084","0.11637087166309357","0.11637087166309357","0.11637087166309357"
"23087","0.12699228525161743","0.12699228525161743","0.12699228525161743"
"23090","0.1855601668357849","0.1855601668357849","0.1855601668357849"
"23091","0.17557956278324127","0.17557956278324127","0.17557956278324127"
"23106","0.1023583859205246","0.1023583859205246","0.1023583859205246"
"23110","0.12347627431154251","0.12347627431154251","0.12347627431154251"
"23120","0.16581647098064423","0.16581647098064423","0.16581647098064423"
"23125","0.14837154746055603","0.14837154746055603","0.14837154746055603"
"23132","0.16242754459381104","0.16242754459381104","0.16242754459381104"
"23136","0.1648603230714798","0.1648603230714798","0.1648603230714798"
"23139","0.11109094321727753","0.11109094321727753","0.11109094321727753"
"23142","0.07995407283306122","0.07995407283306122","0.07995407283306122"
"23143","0.13743391633033752","0.13743391633033752","0.13743391633033752"
"23150","0.09912274777889252","0.09912274777889252","0.09912274777889252"
"23154","0.06827991455793381","0.06827991455793381","0.06827991455793381"
"23159","0.10271775722503662","0.10271775722503662","0.10271775722503662"
"23163","0.16313931345939636","0.16313931345939636","0.16313931345939636"
"23165","0.20879718661308289","0.20879718661308289","0.20879718661308289"
"23171","0.10211750119924545","0.10211750119924545","0.10211750119924545"
"23176","0.1799231618642807","0.1799231618642807","0.1799231618642807"
"23179","0.13178148865699768","0.13178148865699768","0.13178148865699768"
"23182","0.11337897181510925","0.11337897181510925","0.11337897181510925"
"23189","0.09521316736936569","0.09521316736936569","0.09521316736936569"
"23195","0.07057404518127441","0.07057404518127441","0.07057404518127441"
"23207","0.07960332930088043","0.07960332930088043","0.07960332930088043"
"23215","0.1453852355480194","0.1453852355480194","0.1453852355480194"
"23219","0.13900640606880188","0.13900640606880188","0.13900640606880188"
"23224","0.08436348289251328","0.08436348289251328","0.08436348289251328"
"23226","0.14739811420440674","0.14739811420440674","0.14739811420440674"
"23227","0.18141840398311615","0.18141840398311615","0.18141840398311615"
"23231","0.10877277702093124","0.10877277702093124","0.10877277702093124"
"23232","0.08548249304294586","0.08548249304294586","0.08548249304294586"
"23236","0.13541342318058014","0.13541342318058014","0.13541342318058014"
"23238","0.1852063536643982","0.1852063536643982","0.1852063536643982"
"23246","0.10633435845375061","0.10633435845375061","0.10633435845375061"
"23260","0.09971243143081665","0.09971243143081665","0.09971243143081665"
"23263","0.1254485547542572","0.1254485547542572","0.1254485547542572"
"23274","0.15792346000671387","0.15792346000671387","0.15792346000671387"
"23277","0.14144527912139893","0.14144527912139893","0.14144527912139893"
"23278","0.16493043303489685","0.16493043303489685","0.16493043303489685"
"23283","0.1830914318561554","0.1830914318561554","0.1830914318561554"
"23285","0.06816047430038452","0.06816047430038452","0.06816047430038452"
"23286","0.147299662232399","0.147299662232399","0.147299662232399"
"23295","0.12147335708141327","0.12147335708141327","0.12147335708141327"
"23300","0.05856480076909065","0.05856480076909065","0.05856480076909065"
"23303","0.10773847997188568","0.10773847997188568","0.10773847997188568"
"23304","0.13549572229385376","0.13549572229385376","0.13549572229385376"
"23308","0.08175517618656158","0.08175517618656158","0.08175517618656158"
"23309","0.07078364491462708","0.07078364491462708","0.07078364491462708"
"23323","0.06266450136899948","0.06266450136899948","0.06266450136899948"
"23325","0.10901094973087311","0.10901094973087311","0.10901094973087311"
"23326","0.1004565879702568","0.1004565879702568","0.1004565879702568"
"23329","0.09890460222959518","0.09890460222959518","0.09890460222959518"
"23332","0.1245185136795044","0.1245185136795044","0.1245185136795044"
"23335","0.08190827071666718","0.08190827071666718","0.08190827071666718"
"23337","0.15678901970386505","0.15678901970386505","0.15678901970386505"
"23342","0.14842770993709564","0.14842770993709564","0.14842770993709564"
"23346","0.0414208322763443","0.0414208322763443","0.0414208322763443"
"23347","0.10041896253824234","0.10041896253824234","0.10041896253824234"
"23348","0.1053922176361084","0.1053922176361084","0.1053922176361084"
"23356","0.09765799343585968","0.09765799343585968","0.09765799343585968"
"23364","0.14170493185520172","0.14170493185520172","0.14170493185520172"
"23376","0.10710284858942032","0.10710284858942032","0.10710284858942032"
"23385","0.150604248046875","0.150604248046875","0.150604248046875"
"23402","0.13742783665657043","0.13742783665657043","0.13742783665657043"
"23410","0.08459628373384476","0.08459628373384476","0.08459628373384476"
"23411","0.07658432424068451","0.07658432424068451","0.07658432424068451"
"23414","0.1054440289735794","0.1054440289735794","0.1054440289735794"
"23419","0.11440607160329819","0.11440607160329819","0.11440607160329819"
"23421","0.10226306319236755","0.10226306319236755","0.10226306319236755"
"23425","0.11547601222991943","0.11547601222991943","0.11547601222991943"
"23430","0.10574737191200256","0.10574737191200256","0.10574737191200256"
"23434","0.13705265522003174","0.13705265522003174","0.13705265522003174"
"23435","0.09700393676757812","0.09700393676757812","0.09700393676757812"
"23437","0.12377998232841492","0.12377998232841492","0.12377998232841492"
"23442","0.13108570873737335","0.13108570873737335","0.13108570873737335"
"23443","0.15355901420116425","0.15355901420116425","0.15355901420116425"
"23450","0.10035284608602524","0.10035284608602524","0.10035284608602524"
"23455","0.14094066619873047","0.14094066619873047","0.14094066619873047"
"23461","0.13678553700447083","0.13678553700447083","0.13678553700447083"
"23462","0.09154312312602997","0.09154312312602997","0.09154312312602997"
"23463","0.1375402957201004","0.1375402957201004","0.1375402957201004"
"23468","0.0942559540271759","0.0942559540271759","0.0942559540271759"
"23474","0.13519783318042755","0.13519783318042755","0.13519783318042755"
"23477","0.11943039298057556","0.11943039298057556","0.11943039298057556"
"23479","0.15178386867046356","0.15178386867046356","0.15178386867046356"
"23480","0.06079069897532463","0.06079069897532463","0.06079069897532463"
"23482","0.20367223024368286","0.20367223024368286","0.20367223024368286"
"23485","0.10262704640626907","0.10262704640626907","0.10262704640626907"
"23498","0.1280515491962433","0.1280515491962433","0.1280515491962433"
"23502","0.13202309608459473","0.13202309608459473","0.13202309608459473"
"23509","0.13006460666656494","0.13006460666656494","0.13006460666656494"
"23514","0.14881561696529388","0.14881561696529388","0.14881561696529388"
"23521","0.11642927676439285","0.11642927676439285","0.11642927676439285"
"23523","0.1031460165977478","0.1031460165977478","0.1031460165977478"
"23527","0.10105431079864502","0.10105431079864502","0.10105431079864502"
"23528","0.07358215749263763","0.07358215749263763","0.07358215749263763"
"23533","0.09815201163291931","0.09815201163291931","0.09815201163291931"
"23543","0.11372704803943634","0.11372704803943634","0.11372704803943634"
"23549","0.07720915973186493","0.07720915973186493","0.07720915973186493"
"23554","0.10947337746620178","0.10947337746620178","0.10947337746620178"
"23555","0.158998042345047","0.158998042345047","0.158998042345047"
"23561","0.12179206311702728","0.12179206311702728","0.12179206311702728"
"23574","0.10500723868608475","0.10500723868608475","0.10500723868608475"
"23577","0.09201547503471375","0.09201547503471375","0.09201547503471375"
"23580","0.09791485965251923","0.09791485965251923","0.09791485965251923"
"23586","0.10102246701717377","0.10102246701717377","0.10102246701717377"
"23589","0.10304902493953705","0.10304902493953705","0.10304902493953705"
"23590","0.07834839820861816","0.07834839820861816","0.07834839820861816"
"23591","0.09737465530633926","0.09737465530633926","0.09737465530633926"
"23597","0.10911494493484497","0.10911494493484497","0.10911494493484497"
"23598","0.06518082320690155","0.06518082320690155","0.06518082320690155"
"23602","0.10559423267841339","0.10559423267841339","0.10559423267841339"
"23606","0.12296412140130997","0.12296412140130997","0.12296412140130997"
"23610","0.11373472213745117","0.11373472213745117","0.11373472213745117"
"23611","0.1234990581870079","0.1234990581870079","0.1234990581870079"
"23617","0.1268829107284546","0.1268829107284546","0.1268829107284546"
"23619","0.1394355744123459","0.1394355744123459","0.1394355744123459"
"23620","0.10178770124912262","0.10178770124912262","0.10178770124912262"
"23625","0.031112046912312508","0.031112046912312508","0.031112046912312508"
"23636","0.1112852692604065","0.1112852692604065","0.1112852692604065"
"23645","0.0951261818408966","0.0951261818408966","0.0951261818408966"
"23652","0.1323448121547699","0.1323448121547699","0.1323448121547699"
"23654","0.11497209221124649","0.11497209221124649","0.11497209221124649"
"23655","0.13577690720558167","0.13577690720558167","0.13577690720558167"
"23660","0.1347389668226242","0.1347389668226242","0.1347389668226242"
"23662","0.0543476864695549","0.0543476864695549","0.0543476864695549"
"23664","0.0759565457701683","0.0759565457701683","0.0759565457701683"
"23670","0.07146652787923813","0.07146652787923813","0.07146652787923813"
"23674","0.08914484828710556","0.08914484828710556","0.08914484828710556"
"23680","0.07419443130493164","0.07419443130493164","0.07419443130493164"
"23699","0.1686665117740631","0.1686665117740631","0.1686665117740631"
"23707","0.05196451023221016","0.05196451023221016","0.05196451023221016"
"23708","0.11235445737838745","0.11235445737838745","0.11235445737838745"
"23712","0.13989955186843872","0.13989955186843872","0.13989955186843872"
"23713","0.09712262451648712","0.09712262451648712","0.09712262451648712"
"23714","0.10687711834907532","0.10687711834907532","0.10687711834907532"
"23725","0.1376175731420517","0.1376175731420517","0.1376175731420517"
"23727","0.1596566140651703","0.1596566140651703","0.1596566140651703"
"23736","0.12356211245059967","0.12356211245059967","0.12356211245059967"
"23737","0.11952377110719681","0.11952377110719681","0.11952377110719681"
"23739","0.14146167039871216","0.14146167039871216","0.14146167039871216"
"23744","0.10229301452636719","0.10229301452636719","0.10229301452636719"
"23747","0.11381201446056366","0.11381201446056366","0.11381201446056366"
"23748","0.14446203410625458","0.14446203410625458","0.14446203410625458"
"23753","0.09506135433912277","0.09506135433912277","0.09506135433912277"
"23755","0.095831960439682","0.095831960439682","0.095831960439682"
"23763","0.11510230600833893","0.11510230600833893","0.11510230600833893"
"23764","0.11057081818580627","0.11057081818580627","0.11057081818580627"
"23766","0.08168839663267136","0.08168839663267136","0.08168839663267136"
"23770","0.20269954204559326","0.20269954204559326","0.20269954204559326"
"23774","0.1581422984600067","0.1581422984600067","0.1581422984600067"
"23784","0.06314712762832642","0.06314712762832642","0.06314712762832642"
"23796","0.07018240541219711","0.07018240541219711","0.07018240541219711"
"23797","0.09945668280124664","0.09945668280124664","0.09945668280124664"
"23801","0.08216960728168488","0.08216960728168488","0.08216960728168488"
"23803","0.1741463840007782","0.1741463840007782","0.1741463840007782"
"23808","0.1859658658504486","0.1859658658504486","0.1859658658504486"
"23814","0.08770743012428284","0.08770743012428284","0.08770743012428284"
"23815","0.13891319930553436","0.13891319930553436","0.13891319930553436"
"23819","0.11861871182918549","0.11861871182918549","0.11861871182918549"
"23822","0.13539674878120422","0.13539674878120422","0.13539674878120422"
"23824","0.09330350905656815","0.09330350905656815","0.09330350905656815"
"23829","0.10857825726270676","0.10857825726270676","0.10857825726270676"
"23844","0.08260850608348846","0.08260850608348846","0.08260850608348846"
"23850","0.15061251819133759","0.15061251819133759","0.15061251819133759"
"23852","0.13243195414543152","0.13243195414543152","0.13243195414543152"
"23857","0.1409822255373001","0.1409822255373001","0.1409822255373001"
"23858","0.11795058846473694","0.11795058846473694","0.11795058846473694"
"23859","0.18761134147644043","0.18761134147644043","0.18761134147644043"
"23865","0.13874059915542603","0.13874059915542603","0.13874059915542603"
"23873","0.151694193482399","0.151694193482399","0.151694193482399"
"23876","0.10322552919387817","0.10322552919387817","0.10322552919387817"
"23877","0.15394242107868195","0.15394242107868195","0.15394242107868195"
"23878","0.11160676181316376","0.11160676181316376","0.11160676181316376"
"23880","0.161671444773674","0.161671444773674","0.161671444773674"
"23883","0.13294129073619843","0.13294129073619843","0.13294129073619843"
"23890","0.0975985899567604","0.0975985899567604","0.0975985899567604"
"23894","0.18195343017578125","0.18195343017578125","0.18195343017578125"
"23895","0.11613981425762177","0.11613981425762177","0.11613981425762177"
"23898","0.0976431667804718","0.0976431667804718","0.0976431667804718"
"23903","0.11091439425945282","0.11091439425945282","0.11091439425945282"
"23907","0.06788313388824463","0.06788313388824463","0.06788313388824463"
"23910","0.12800133228302002","0.12800133228302002","0.12800133228302002"
"23913","0.11700719594955444","0.11700719594955444","0.11700719594955444"
"23919","0.07354909181594849","0.07354909181594849","0.07354909181594849"
"23921","0.12770941853523254","0.12770941853523254","0.12770941853523254"
"23922","0.15650078654289246","0.15650078654289246","0.15650078654289246"
"23925","0.18554404377937317","0.18554404377937317","0.18554404377937317"
"23936","0.1289149820804596","0.1289149820804596","0.1289149820804596"
"23942","0.1462688446044922","0.1462688446044922","0.1462688446044922"
"23945","0.14432108402252197","0.14432108402252197","0.14432108402252197"
"23946","0.13385942578315735","0.13385942578315735","0.13385942578315735"
"23952","0.12072671204805374","0.12072671204805374","0.12072671204805374"
"23961","0.1308143436908722","0.1308143436908722","0.1308143436908722"
"23963","0.08817484229803085","0.08817484229803085","0.08817484229803085"
"23970","0.07924561202526093","0.07924561202526093","0.07924561202526093"
"23974","0.09422634541988373","0.09422634541988373","0.09422634541988373"
"23985","0.07889208197593689","0.07889208197593689","0.07889208197593689"
"23989","0.0909002423286438","0.0909002423286438","0.0909002423286438"
"23996","0.14034345746040344","0.14034345746040344","0.14034345746040344"
"23997","0.07645020633935928","0.07645020633935928","0.07645020633935928"
"24000","0.09890873730182648","0.09890873730182648","0.09890873730182648"
"24003","0.05309682711958885","0.05309682711958885","0.05309682711958885"
"24015","0.10226742923259735","0.10226742923259735","0.10226742923259735"
"24018","0.13264086842536926","0.13264086842536926","0.13264086842536926"
"24031","0.08969073742628098","0.08969073742628098","0.08969073742628098"
"24032","0.10597991198301315","0.10597991198301315","0.10597991198301315"
"24033","0.13112053275108337","0.13112053275108337","0.13112053275108337"
"24036","0.1453135758638382","0.1453135758638382","0.1453135758638382"
"24037","0.11301546543836594","0.11301546543836594","0.11301546543836594"
"24041","0.11117306351661682","0.11117306351661682","0.11117306351661682"
"24045","0.1245267391204834","0.1245267391204834","0.1245267391204834"
"24047","0.13020065426826477","0.13020065426826477","0.13020065426826477"
"24055","0.14423531293869019","0.14423531293869019","0.14423531293869019"
"24070","0.09681867063045502","0.09681867063045502","0.09681867063045502"
"24078","0.09781099110841751","0.09781099110841751","0.09781099110841751"
"24079","0.10682576894760132","0.10682576894760132","0.10682576894760132"
"24082","0.12623126804828644","0.12623126804828644","0.12623126804828644"
"24087","0.1456739902496338","0.1456739902496338","0.1456739902496338"
"24090","0.08956305682659149","0.08956305682659149","0.08956305682659149"
"24096","0.15725088119506836","0.15725088119506836","0.15725088119506836"
"24100","0.09267453849315643","0.09267453849315643","0.09267453849315643"
"24102","0.20032018423080444","0.20032018423080444","0.20032018423080444"
"24103","0.1745920181274414","0.1745920181274414","0.1745920181274414"
"24105","0.1253432333469391","0.1253432333469391","0.1253432333469391"
"24117","0.13704636693000793","0.13704636693000793","0.13704636693000793"
"24119","0.12041264772415161","0.12041264772415161","0.12041264772415161"
"24120","0.16989517211914062","0.16989517211914062","0.16989517211914062"
"24122","0.10123641788959503","0.10123641788959503","0.10123641788959503"
"24129","0.14051944017410278","0.14051944017410278","0.14051944017410278"
"24130","0.08555673062801361","0.08555673062801361","0.08555673062801361"
"24132","0.15952780842781067","0.15952780842781067","0.15952780842781067"
"24133","0.1476617157459259","0.1476617157459259","0.1476617157459259"
"24139","0.1856192648410797","0.1856192648410797","0.1856192648410797"
"24140","0.1251719892024994","0.1251719892024994","0.1251719892024994"
"24165","0.120603546500206","0.120603546500206","0.120603546500206"
"24166","0.11685559153556824","0.11685559153556824","0.11685559153556824"
"24167","0.13668641448020935","0.13668641448020935","0.13668641448020935"
"24169","0.1398266851902008","0.1398266851902008","0.1398266851902008"
"24171","0.09082210063934326","0.09082210063934326","0.09082210063934326"
"24174","0.1650998592376709","0.1650998592376709","0.1650998592376709"
"24180","0.13096711039543152","0.13096711039543152","0.13096711039543152"
"24181","0.17014911770820618","0.17014911770820618","0.17014911770820618"
"24182","0.1504114270210266","0.1504114270210266","0.1504114270210266"
"24190","0.12234720587730408","0.12234720587730408","0.12234720587730408"
"24194","0.1637563556432724","0.1637563556432724","0.1637563556432724"
"24197","0.1751772165298462","0.1751772165298462","0.1751772165298462"
"24199","0.09812523424625397","0.09812523424625397","0.09812523424625397"
"24203","0.1163167953491211","0.1163167953491211","0.1163167953491211"
"24207","0.12066105008125305","0.12066105008125305","0.12066105008125305"
"24209","0.14006152749061584","0.14006152749061584","0.14006152749061584"
"24217","0.11767496913671494","0.11767496913671494","0.11767496913671494"
"24223","0.10995593667030334","0.10995593667030334","0.10995593667030334"
"24224","0.16699180006980896","0.16699180006980896","0.16699180006980896"
"24231","0.15919384360313416","0.15919384360313416","0.15919384360313416"
"24240","0.05464741215109825","0.05464741215109825","0.05464741215109825"
"24246","0.1051638275384903","0.1051638275384903","0.1051638275384903"
"24249","0.18293991684913635","0.18293991684913635","0.18293991684913635"
"24252","0.09676451981067657","0.09676451981067657","0.09676451981067657"
"24255","0.08815978467464447","0.08815978467464447","0.08815978467464447"
"24267","0.06537389755249023","0.06537389755249023","0.06537389755249023"
"24275","0.1413315087556839","0.1413315087556839","0.1413315087556839"
"24284","0.08230967074632645","0.08230967074632645","0.08230967074632645"
"24291","0.12605884671211243","0.12605884671211243","0.12605884671211243"
"24295","0.0718570202589035","0.0718570202589035","0.0718570202589035"
"24298","0.09825380891561508","0.09825380891561508","0.09825380891561508"
"24299","0.09547325223684311","0.09547325223684311","0.09547325223684311"
"24312","0.06269149482250214","0.06269149482250214","0.06269149482250214"
"24315","0.11183112859725952","0.11183112859725952","0.11183112859725952"
"24321","0.11316642165184021","0.11316642165184021","0.11316642165184021"
"24326","0.10275968164205551","0.10275968164205551","0.10275968164205551"
"24327","0.06629526615142822","0.06629526615142822","0.06629526615142822"
"24329","0.17220407724380493","0.17220407724380493","0.17220407724380493"
"24330","0.1904570460319519","0.1904570460319519","0.1904570460319519"
"24331","0.1132865622639656","0.1132865622639656","0.1132865622639656"
"24334","0.09336206316947937","0.09336206316947937","0.09336206316947937"
"24345","0.08967876434326172","0.08967876434326172","0.08967876434326172"
"24348","0.06855836510658264","0.06855836510658264","0.06855836510658264"
"24349","0.10062482953071594","0.10062482953071594","0.10062482953071594"
"24366","0.15518605709075928","0.15518605709075928","0.15518605709075928"
"24372","0.07009309530258179","0.07009309530258179","0.07009309530258179"
"24380","0.13081680238246918","0.13081680238246918","0.13081680238246918"
"24382","0.09038250893354416","0.09038250893354416","0.09038250893354416"
"24384","0.135514497756958","0.135514497756958","0.135514497756958"
"24388","0.2166471630334854","0.2166471630334854","0.2166471630334854"
"24389","0.10626682639122009","0.10626682639122009","0.10626682639122009"
"24391","0.12895992398262024","0.12895992398262024","0.12895992398262024"
"24392","0.1609632670879364","0.1609632670879364","0.1609632670879364"
"24396","0.12146821618080139","0.12146821618080139","0.12146821618080139"
"24397","0.08051914721727371","0.08051914721727371","0.08051914721727371"
"24400","0.09860876947641373","0.09860876947641373","0.09860876947641373"
"24402","0.057734034955501556","0.057734034955501556","0.057734034955501556"
"24404","0.19565927982330322","0.19565927982330322","0.19565927982330322"
"24411","0.0809127688407898","0.0809127688407898","0.0809127688407898"
"24414","0.06818515062332153","0.06818515062332153","0.06818515062332153"
"24416","0.10293842107057571","0.10293842107057571","0.10293842107057571"
"24417","0.08590897917747498","0.08590897917747498","0.08590897917747498"
"24425","0.14612744748592377","0.14612744748592377","0.14612744748592377"
"24428","0.10849814116954803","0.10849814116954803","0.10849814116954803"
"24429","0.14441180229187012","0.14441180229187012","0.14441180229187012"
"24430","0.16041739284992218","0.16041739284992218","0.16041739284992218"
"24431","0.17094901204109192","0.17094901204109192","0.17094901204109192"
"24434","0.07847977429628372","0.07847977429628372","0.07847977429628372"
"24439","0.1222940981388092","0.1222940981388092","0.1222940981388092"
"24443","0.09028112888336182","0.09028112888336182","0.09028112888336182"
"24450","0.1370343714952469","0.1370343714952469","0.1370343714952469"
"24451","0.2143266797065735","0.2143266797065735","0.2143266797065735"
"24454","0.12149067968130112","0.12149067968130112","0.12149067968130112"
"24456","0.10765957832336426","0.10765957832336426","0.10765957832336426"
"24461","0.0534205287694931","0.0534205287694931","0.0534205287694931"
"24463","0.07816264033317566","0.07816264033317566","0.07816264033317566"
"24464","0.07980187237262726","0.07980187237262726","0.07980187237262726"
"24465","0.13765892386436462","0.13765892386436462","0.13765892386436462"
"24471","0.1646595001220703","0.1646595001220703","0.1646595001220703"
"24476","0.1389782577753067","0.1389782577753067","0.1389782577753067"
"24480","0.15164732933044434","0.15164732933044434","0.15164732933044434"
"24481","0.14314566552639008","0.14314566552639008","0.14314566552639008"
"24486","0.06837855279445648","0.06837855279445648","0.06837855279445648"
"24487","0.14679276943206787","0.14679276943206787","0.14679276943206787"
"24488","0.11229455471038818","0.11229455471038818","0.11229455471038818"
"24499","0.1083955466747284","0.1083955466747284","0.1083955466747284"
"24501","0.15538713335990906","0.15538713335990906","0.15538713335990906"
"24504","0.12123823165893555","0.12123823165893555","0.12123823165893555"
"24509","0.055921684950590134","0.055921684950590134","0.055921684950590134"
"24512","0.1889883279800415","0.1889883279800415","0.1889883279800415"
"24518","0.12541824579238892","0.12541824579238892","0.12541824579238892"
"24522","0.10593155771493912","0.10593155771493912","0.10593155771493912"
"24523","0.11231175810098648","0.11231175810098648","0.11231175810098648"
"24533","0.1978873610496521","0.1978873610496521","0.1978873610496521"
"24538","0.11470048129558563","0.11470048129558563","0.11470048129558563"
"24539","0.11134333908557892","0.11134333908557892","0.11134333908557892"
"24540","0.14164602756500244","0.14164602756500244","0.14164602756500244"
"24544","0.11953744292259216","0.11953744292259216","0.11953744292259216"
"24554","0.1007617712020874","0.1007617712020874","0.1007617712020874"
"24556","0.05103367194533348","0.05103367194533348","0.05103367194533348"
"24558","0.10565593838691711","0.10565593838691711","0.10565593838691711"
"24561","0.09635717421770096","0.09635717421770096","0.09635717421770096"
"24566","0.10512064397335052","0.10512064397335052","0.10512064397335052"
"24573","0.05995779111981392","0.05995779111981392","0.05995779111981392"
"24577","0.20901355147361755","0.20901355147361755","0.20901355147361755"
"24584","0.1558554470539093","0.1558554470539093","0.1558554470539093"
"24585","0.10787177085876465","0.10787177085876465","0.10787177085876465"
"24589","0.06535687297582626","0.06535687297582626","0.06535687297582626"
"24590","0.16751958429813385","0.16751958429813385","0.16751958429813385"
"24592","0.10752671957015991","0.10752671957015991","0.10752671957015991"
"24595","0.1883416771888733","0.1883416771888733","0.1883416771888733"
"24608","0.15443280339241028","0.15443280339241028","0.15443280339241028"
"24614","0.10206352919340134","0.10206352919340134","0.10206352919340134"
"24621","0.10409560799598694","0.10409560799598694","0.10409560799598694"
"24623","0.1472192108631134","0.1472192108631134","0.1472192108631134"
"24628","0.12572625279426575","0.12572625279426575","0.12572625279426575"
"24629","0.0808362066745758","0.0808362066745758","0.0808362066745758"
"24639","0.2050645798444748","0.2050645798444748","0.2050645798444748"
"24641","0.12231169641017914","0.12231169641017914","0.12231169641017914"
"24645","0.10513700544834137","0.10513700544834137","0.10513700544834137"
"24653","0.08017096668481827","0.08017096668481827","0.08017096668481827"
"24654","0.12918150424957275","0.12918150424957275","0.12918150424957275"
"24662","0.17048637568950653","0.17048637568950653","0.17048637568950653"
"24673","0.1691059023141861","0.1691059023141861","0.1691059023141861"
"24678","0.17401164770126343","0.17401164770126343","0.17401164770126343"
"24682","0.09091702103614807","0.09091702103614807","0.09091702103614807"
"24683","0.11342038214206696","0.11342038214206696","0.11342038214206696"
"24685","0.08530202507972717","0.08530202507972717","0.08530202507972717"
"24686","0.10400640964508057","0.10400640964508057","0.10400640964508057"
"24690","0.0976102203130722","0.0976102203130722","0.0976102203130722"
"24695","0.12392393499612808","0.12392393499612808","0.12392393499612808"
"24697","0.10098081827163696","0.10098081827163696","0.10098081827163696"
"24701","0.1418531984090805","0.1418531984090805","0.1418531984090805"
"24709","0.11316139250993729","0.11316139250993729","0.11316139250993729"
"24710","0.11103425174951553","0.11103425174951553","0.11103425174951553"
"24712","0.14213578402996063","0.14213578402996063","0.14213578402996063"
"24715","0.10961803048849106","0.10961803048849106","0.10961803048849106"
"24719","0.11949824541807175","0.11949824541807175","0.11949824541807175"
"24723","0.08995237946510315","0.08995237946510315","0.08995237946510315"
"24729","0.12880878150463104","0.12880878150463104","0.12880878150463104"
"24735","0.06626463681459427","0.06626463681459427","0.06626463681459427"
"24737","0.11126794666051865","0.11126794666051865","0.11126794666051865"
"24738","0.07181888818740845","0.07181888818740845","0.07181888818740845"
"24740","0.09786097705364227","0.09786097705364227","0.09786097705364227"
"24756","0.1793525069952011","0.1793525069952011","0.1793525069952011"
"24759","0.09837761521339417","0.09837761521339417","0.09837761521339417"
"24762","0.12821654975414276","0.12821654975414276","0.12821654975414276"
"24776","0.11224686354398727","0.11224686354398727","0.11224686354398727"
"24777","0.08363401144742966","0.08363401144742966","0.08363401144742966"
"24779","0.09593798220157623","0.09593798220157623","0.09593798220157623"
"24795","0.13703033328056335","0.13703033328056335","0.13703033328056335"
"24796","0.09129354357719421","0.09129354357719421","0.09129354357719421"
"24802","0.1164361983537674","0.1164361983537674","0.1164361983537674"
"24803","0.0649605318903923","0.0649605318903923","0.0649605318903923"
"24808","0.1039281114935875","0.1039281114935875","0.1039281114935875"
"24810","0.08529224991798401","0.08529224991798401","0.08529224991798401"
"24811","0.1160120964050293","0.1160120964050293","0.1160120964050293"
"24812","0.08451900631189346","0.08451900631189346","0.08451900631189346"
"24816","0.16024978458881378","0.16024978458881378","0.16024978458881378"
"24817","0.08751240372657776","0.08751240372657776","0.08751240372657776"
"24819","0.14748932421207428","0.14748932421207428","0.14748932421207428"
"24820","0.09580744802951813","0.09580744802951813","0.09580744802951813"
"24831","0.1344853937625885","0.1344853937625885","0.1344853937625885"
"24834","0.07061758637428284","0.07061758637428284","0.07061758637428284"
"24836","0.09421196579933167","0.09421196579933167","0.09421196579933167"
"24842","0.07568453252315521","0.07568453252315521","0.07568453252315521"
"24843","0.07811888307332993","0.07811888307332993","0.07811888307332993"
"24844","0.09140318632125854","0.09140318632125854","0.09140318632125854"
"24852","0.2064085602760315","0.2064085602760315","0.2064085602760315"
"24859","0.11608085036277771","0.11608085036277771","0.11608085036277771"
"24864","0.15980644524097443","0.15980644524097443","0.15980644524097443"
"24868","0.17438924312591553","0.17438924312591553","0.17438924312591553"
"24871","0.10033772140741348","0.10033772140741348","0.10033772140741348"
"24875","0.048151884227991104","0.048151884227991104","0.048151884227991104"
"24876","0.1126386821269989","0.1126386821269989","0.1126386821269989"
"24880","0.13239824771881104","0.13239824771881104","0.13239824771881104"
"24886","0.09408826380968094","0.09408826380968094","0.09408826380968094"
"24887","0.15244892239570618","0.15244892239570618","0.15244892239570618"
"24890","0.061206139624118805","0.061206139624118805","0.061206139624118805"
"24894","0.1141384094953537","0.1141384094953537","0.1141384094953537"
"24896","0.10158033668994904","0.10158033668994904","0.10158033668994904"
"24897","0.08986856043338776","0.08986856043338776","0.08986856043338776"
"24899","0.14136973023414612","0.14136973023414612","0.14136973023414612"
"24904","0.118861123919487","0.118861123919487","0.118861123919487"
"24907","0.13750985264778137","0.13750985264778137","0.13750985264778137"
"24914","0.09737668931484222","0.09737668931484222","0.09737668931484222"
"24920","0.09807666391134262","0.09807666391134262","0.09807666391134262"
"24926","0.08527250587940216","0.08527250587940216","0.08527250587940216"
"24927","0.10908961296081543","0.10908961296081543","0.10908961296081543"
"24932","0.13948306441307068","0.13948306441307068","0.13948306441307068"
"24934","0.0961216539144516","0.0961216539144516","0.0961216539144516"
"24935","0.16944582760334015","0.16944582760334015","0.16944582760334015"
"24942","0.12364691495895386","0.12364691495895386","0.12364691495895386"
"24960","0.08202314376831055","0.08202314376831055","0.08202314376831055"
"24961","0.10692475736141205","0.10692475736141205","0.10692475736141205"
"24964","0.13096630573272705","0.13096630573272705","0.13096630573272705"
"24967","0.1498648077249527","0.1498648077249527","0.1498648077249527"
"24970","0.07260428369045258","0.07260428369045258","0.07260428369045258"
"24975","0.07058973610401154","0.07058973610401154","0.07058973610401154"
"24977","0.07514514029026031","0.07514514029026031","0.07514514029026031"
"24988","0.11796334385871887","0.11796334385871887","0.11796334385871887"
"25004","0.08957388252019882","0.08957388252019882","0.08957388252019882"
"25005","0.1552310287952423","0.1552310287952423","0.1552310287952423"
"25006","0.10477893054485321","0.10477893054485321","0.10477893054485321"
"25008","0.2103058397769928","0.2103058397769928","0.2103058397769928"
"25009","0.13310827314853668","0.13310827314853668","0.13310827314853668"
"25016","0.07957468926906586","0.07957468926906586","0.07957468926906586"
"25021","0.13902521133422852","0.13902521133422852","0.13902521133422852"
"25026","0.142567977309227","0.142567977309227","0.142567977309227"
"25027","0.10352211445569992","0.10352211445569992","0.10352211445569992"
"25032","0.12187853455543518","0.12187853455543518","0.12187853455543518"
"25033","0.0838165432214737","0.0838165432214737","0.0838165432214737"
"25035","0.08185555040836334","0.08185555040836334","0.08185555040836334"
"25038","0.18538779020309448","0.18538779020309448","0.18538779020309448"
"25053","0.09167443215847015","0.09167443215847015","0.09167443215847015"
"25055","0.10851448029279709","0.10851448029279709","0.10851448029279709"
"25056","0.13569827377796173","0.13569827377796173","0.13569827377796173"
"25060","0.10211943835020065","0.10211943835020065","0.10211943835020065"
"25062","0.10879471898078918","0.10879471898078918","0.10879471898078918"
"25067","0.16677497327327728","0.16677497327327728","0.16677497327327728"
"25068","0.13328544795513153","0.13328544795513153","0.13328544795513153"
"25070","0.15462419390678406","0.15462419390678406","0.15462419390678406"
"25077","0.1390683352947235","0.1390683352947235","0.1390683352947235"
"25092","0.12444212287664413","0.12444212287664413","0.12444212287664413"
"25096","0.09530281275510788","0.09530281275510788","0.09530281275510788"
"25105","0.11326245963573456","0.11326245963573456","0.11326245963573456"
"25106","0.17412953078746796","0.17412953078746796","0.17412953078746796"
"25114","0.10782267898321152","0.10782267898321152","0.10782267898321152"
"25126","0.09027048945426941","0.09027048945426941","0.09027048945426941"
"25137","0.1602737307548523","0.1602737307548523","0.1602737307548523"
"25140","0.0928969606757164","0.0928969606757164","0.0928969606757164"
"25141","0.12167388200759888","0.12167388200759888","0.12167388200759888"
"25142","0.08316801488399506","0.08316801488399506","0.08316801488399506"
"25145","0.1157478541135788","0.1157478541135788","0.1157478541135788"
"25161","0.07922521978616714","0.07922521978616714","0.07922521978616714"
"25162","0.14756737649440765","0.14756737649440765","0.14756737649440765"
"25168","0.1405668407678604","0.1405668407678604","0.1405668407678604"
"25172","0.16600832343101501","0.16600832343101501","0.16600832343101501"
"25179","0.1417396366596222","0.1417396366596222","0.1417396366596222"
"25180","0.094007208943367","0.094007208943367","0.094007208943367"
"25181","0.11865289509296417","0.11865289509296417","0.11865289509296417"
"25182","0.14018046855926514","0.14018046855926514","0.14018046855926514"
"25183","0.09162557125091553","0.09162557125091553","0.09162557125091553"
"25190","0.07245656847953796","0.07245656847953796","0.07245656847953796"
"25196","0.12949909269809723","0.12949909269809723","0.12949909269809723"
"25203","0.06960970163345337","0.06960970163345337","0.06960970163345337"
"25206","0.11373438686132431","0.11373438686132431","0.11373438686132431"
"25209","0.12491557002067566","0.12491557002067566","0.12491557002067566"
"25213","0.1564270555973053","0.1564270555973053","0.1564270555973053"
"25217","0.1555987298488617","0.1555987298488617","0.1555987298488617"
"25220","0.11864277720451355","0.11864277720451355","0.11864277720451355"
"25224","0.05089306831359863","0.05089306831359863","0.05089306831359863"
"25228","0.10868482291698456","0.10868482291698456","0.10868482291698456"
"25230","0.11093196272850037","0.11093196272850037","0.11093196272850037"
"25231","0.14778660237789154","0.14778660237789154","0.14778660237789154"
"25238","0.09263911843299866","0.09263911843299866","0.09263911843299866"
"25239","0.07963116466999054","0.07963116466999054","0.07963116466999054"
"25243","0.0954245924949646","0.0954245924949646","0.0954245924949646"
"25247","0.10417149215936661","0.10417149215936661","0.10417149215936661"
"25252","0.15546007454395294","0.15546007454395294","0.15546007454395294"
"25253","0.1662645787000656","0.1662645787000656","0.1662645787000656"
"25258","0.1361992210149765","0.1361992210149765","0.1361992210149765"
"25262","0.05604567006230354","0.05604567006230354","0.05604567006230354"
"25265","0.07917381823062897","0.07917381823062897","0.07917381823062897"
"25268","0.12988781929016113","0.12988781929016113","0.12988781929016113"
"25269","0.18520942330360413","0.18520942330360413","0.18520942330360413"
"25277","0.13584694266319275","0.13584694266319275","0.13584694266319275"
"25289","0.10907458513975143","0.10907458513975143","0.10907458513975143"
"25290","0.11753062903881073","0.11753062903881073","0.11753062903881073"
"25299","0.08198492228984833","0.08198492228984833","0.08198492228984833"
"25300","0.12327948212623596","0.12327948212623596","0.12327948212623596"
"25301","0.05585318058729172","0.05585318058729172","0.05585318058729172"
"25302","0.1176895797252655","0.1176895797252655","0.1176895797252655"
"25304","0.08515751361846924","0.08515751361846924","0.08515751361846924"
"25310","0.06603632867336273","0.06603632867336273","0.06603632867336273"
"25312","0.09085546433925629","0.09085546433925629","0.09085546433925629"
"25317","0.09130540490150452","0.09130540490150452","0.09130540490150452"
"25320","0.1355457305908203","0.1355457305908203","0.1355457305908203"
"25322","0.1392989605665207","0.1392989605665207","0.1392989605665207"
"25330","0.12512700259685516","0.12512700259685516","0.12512700259685516"
"25335","0.13356216251850128","0.13356216251850128","0.13356216251850128"
"25339","0.12491349130868912","0.12491349130868912","0.12491349130868912"
"25340","0.1377907693386078","0.1377907693386078","0.1377907693386078"
"25344","0.15559783577919006","0.15559783577919006","0.15559783577919006"
"25346","0.07516355812549591","0.07516355812549591","0.07516355812549591"
"25347","0.1624952256679535","0.1624952256679535","0.1624952256679535"
"25349","0.0848798006772995","0.0848798006772995","0.0848798006772995"
"25351","0.1751207560300827","0.1751207560300827","0.1751207560300827"
"25352","0.06484351307153702","0.06484351307153702","0.06484351307153702"
"25358","0.13351283967494965","0.13351283967494965","0.13351283967494965"
"25368","0.12233641743659973","0.12233641743659973","0.12233641743659973"
"25370","0.11902684718370438","0.11902684718370438","0.11902684718370438"
"25371","0.08163142204284668","0.08163142204284668","0.08163142204284668"
"25374","0.11719107627868652","0.11719107627868652","0.11719107627868652"
"25380","0.13622355461120605","0.13622355461120605","0.13622355461120605"
"25381","0.13166630268096924","0.13166630268096924","0.13166630268096924"
"25386","0.07513221353292465","0.07513221353292465","0.07513221353292465"
"25388","0.11897236108779907","0.11897236108779907","0.11897236108779907"
"25389","0.2062065303325653","0.2062065303325653","0.2062065303325653"
"25391","0.0723000094294548","0.0723000094294548","0.0723000094294548"
"25401","0.1493600308895111","0.1493600308895111","0.1493600308895111"
"25405","0.09941444545984268","0.09941444545984268","0.09941444545984268"
"25409","0.07754522562026978","0.07754522562026978","0.07754522562026978"
"25420","0.15643467009067535","0.15643467009067535","0.15643467009067535"
"25423","0.09409092366695404","0.09409092366695404","0.09409092366695404"
"25432","0.16495688259601593","0.16495688259601593","0.16495688259601593"
"25437","0.07872617244720459","0.07872617244720459","0.07872617244720459"
"25440","0.13777464628219604","0.13777464628219604","0.13777464628219604"
"25447","0.12345397472381592","0.12345397472381592","0.12345397472381592"
"25457","0.1635262668132782","0.1635262668132782","0.1635262668132782"
"25466","0.11388566344976425","0.11388566344976425","0.11388566344976425"
"25468","0.1249416396021843","0.1249416396021843","0.1249416396021843"
"25469","0.0881662368774414","0.0881662368774414","0.0881662368774414"
"25474","0.11341708898544312","0.11341708898544312","0.11341708898544312"
"25479","0.13896265625953674","0.13896265625953674","0.13896265625953674"
"25480","0.09999153763055801","0.09999153763055801","0.09999153763055801"
"25486","0.17140233516693115","0.17140233516693115","0.17140233516693115"
"25494","0.1262381672859192","0.1262381672859192","0.1262381672859192"
"25500","0.09434756636619568","0.09434756636619568","0.09434756636619568"
"25503","0.08584623038768768","0.08584623038768768","0.08584623038768768"
"25504","0.09085914492607117","0.09085914492607117","0.09085914492607117"
"25514","0.10587276518344879","0.10587276518344879","0.10587276518344879"
"25517","0.09934601932764053","0.09934601932764053","0.09934601932764053"
"25523","0.16647392511367798","0.16647392511367798","0.16647392511367798"
"25530","0.11121988296508789","0.11121988296508789","0.11121988296508789"
"25531","0.10836741328239441","0.10836741328239441","0.10836741328239441"
"25533","0.14367792010307312","0.14367792010307312","0.14367792010307312"
"25536","0.13507527112960815","0.13507527112960815","0.13507527112960815"
"25539","0.12205549329519272","0.12205549329519272","0.12205549329519272"
"25540","0.14604976773262024","0.14604976773262024","0.14604976773262024"
"25543","0.1781930923461914","0.1781930923461914","0.1781930923461914"
"25556","0.10369504243135452","0.10369504243135452","0.10369504243135452"
"25566","0.09994713217020035","0.09994713217020035","0.09994713217020035"
"25567","0.08745909482240677","0.08745909482240677","0.08745909482240677"
"25568","0.10153768956661224","0.10153768956661224","0.10153768956661224"
"25573","0.14582812786102295","0.14582812786102295","0.14582812786102295"
"25575","0.05617271363735199","0.05617271363735199","0.05617271363735199"
"25580","0.09180928021669388","0.09180928021669388","0.09180928021669388"
"25581","0.05978704243898392","0.05978704243898392","0.05978704243898392"
"25582","0.10214200615882874","0.10214200615882874","0.10214200615882874"
"25591","0.12261804938316345","0.12261804938316345","0.12261804938316345"
"25592","0.14373573660850525","0.14373573660850525","0.14373573660850525"
"25594","0.10844168066978455","0.10844168066978455","0.10844168066978455"
"25596","0.1246768981218338","0.1246768981218338","0.1246768981218338"
"25597","0.12894947826862335","0.12894947826862335","0.12894947826862335"
"25605","0.09943456202745438","0.09943456202745438","0.09943456202745438"
"25607","0.12683285772800446","0.12683285772800446","0.12683285772800446"
"25614","0.0901116132736206","0.0901116132736206","0.0901116132736206"
"25617","0.1325611174106598","0.1325611174106598","0.1325611174106598"
"25621","0.10191160440444946","0.10191160440444946","0.10191160440444946"
"25626","0.1619284451007843","0.1619284451007843","0.1619284451007843"
"25628","0.1173035055398941","0.1173035055398941","0.1173035055398941"
"25640","0.13546448945999146","0.13546448945999146","0.13546448945999146"
"25646","0.11323890089988708","0.11323890089988708","0.11323890089988708"
"25653","0.08735090494155884","0.08735090494155884","0.08735090494155884"
"25662","0.1442665010690689","0.1442665010690689","0.1442665010690689"
"25670","0.116890549659729","0.116890549659729","0.116890549659729"
"25675","0.12299545109272003","0.12299545109272003","0.12299545109272003"
"25678","0.09525753557682037","0.09525753557682037","0.09525753557682037"
"25679","0.1020214632153511","0.1020214632153511","0.1020214632153511"
"25683","0.08990597724914551","0.08990597724914551","0.08990597724914551"
"25689","0.12792813777923584","0.12792813777923584","0.12792813777923584"
"25693","0.11590587347745895","0.11590587347745895","0.11590587347745895"
"25695","0.12148024886846542","0.12148024886846542","0.12148024886846542"
"25706","0.10544148087501526","0.10544148087501526","0.10544148087501526"
"25710","0.07328511774539948","0.07328511774539948","0.07328511774539948"
"25722","0.12925274670124054","0.12925274670124054","0.12925274670124054"
"25725","0.07161404192447662","0.07161404192447662","0.07161404192447662"
"25727","0.15997788310050964","0.15997788310050964","0.15997788310050964"
"25730","0.11916356533765793","0.11916356533765793","0.11916356533765793"
"25733","0.0848163515329361","0.0848163515329361","0.0848163515329361"
"25734","0.20210006833076477","0.20210006833076477","0.20210006833076477"
"25740","0.09575845301151276","0.09575845301151276","0.09575845301151276"
"25741","0.07819885015487671","0.07819885015487671","0.07819885015487671"
"25751","0.10059397667646408","0.10059397667646408","0.10059397667646408"
"25757","0.10587412118911743","0.10587412118911743","0.10587412118911743"
"25758","0.13569872081279755","0.13569872081279755","0.13569872081279755"
"25759","0.14966334402561188","0.14966334402561188","0.14966334402561188"
"25764","0.15707054734230042","0.15707054734230042","0.15707054734230042"
"25765","0.14171063899993896","0.14171063899993896","0.14171063899993896"
"25767","0.18718504905700684","0.18718504905700684","0.18718504905700684"
"25768","0.14536471664905548","0.14536471664905548","0.14536471664905548"
"25771","0.153850257396698","0.153850257396698","0.153850257396698"
"25773","0.22349904477596283","0.22349904477596283","0.22349904477596283"
"25774","0.12990304827690125","0.12990304827690125","0.12990304827690125"
"25775","0.13602355122566223","0.13602355122566223","0.13602355122566223"
"25777","0.17910844087600708","0.17910844087600708","0.17910844087600708"
"25779","0.1315925419330597","0.1315925419330597","0.1315925419330597"
"25781","0.12953881919384003","0.12953881919384003","0.12953881919384003"
"25784","0.11277250945568085","0.11277250945568085","0.11277250945568085"
"25785","0.11069951951503754","0.11069951951503754","0.11069951951503754"
"25791","0.06603378057479858","0.06603378057479858","0.06603378057479858"
"25805","0.1112690269947052","0.1112690269947052","0.1112690269947052"
"25815","0.1853836178779602","0.1853836178779602","0.1853836178779602"
"25822","0.14262518286705017","0.14262518286705017","0.14262518286705017"
"25829","0.1031641960144043","0.1031641960144043","0.1031641960144043"
"25832","0.1194131076335907","0.1194131076335907","0.1194131076335907"
"25836","0.08089242875576019","0.08089242875576019","0.08089242875576019"
"25839","0.16698679327964783","0.16698679327964783","0.16698679327964783"
"25846","0.10127843171358109","0.10127843171358109","0.10127843171358109"
"25850","0.06772352010011673","0.06772352010011673","0.06772352010011673"
"25858","0.06815025955438614","0.06815025955438614","0.06815025955438614"
"25871","0.12947990000247955","0.12947990000247955","0.12947990000247955"
"25887","0.09226332604885101","0.09226332604885101","0.09226332604885101"
"25890","0.07074020802974701","0.07074020802974701","0.07074020802974701"
"25897","0.14081385731697083","0.14081385731697083","0.14081385731697083"
"25899","0.0681600496172905","0.0681600496172905","0.0681600496172905"
"25906","0.04558851569890976","0.04558851569890976","0.04558851569890976"
"25908","0.13148869574069977","0.13148869574069977","0.13148869574069977"
"25912","0.07069848477840424","0.07069848477840424","0.07069848477840424"
"25914","0.12706729769706726","0.12706729769706726","0.12706729769706726"
"25922","0.09889362752437592","0.09889362752437592","0.09889362752437592"
"25925","0.17591968178749084","0.17591968178749084","0.17591968178749084"
"25926","0.12139689922332764","0.12139689922332764","0.12139689922332764"
"25932","0.11055567115545273","0.11055567115545273","0.11055567115545273"
"25934","0.10335350036621094","0.10335350036621094","0.10335350036621094"
"25938","0.11015427112579346","0.11015427112579346","0.11015427112579346"
"25940","0.06947062164545059","0.06947062164545059","0.06947062164545059"
"25941","0.1127469390630722","0.1127469390630722","0.1127469390630722"
"25943","0.06845831871032715","0.06845831871032715","0.06845831871032715"
"25951","0.11876784265041351","0.11876784265041351","0.11876784265041351"
"25954","0.12976492941379547","0.12976492941379547","0.12976492941379547"
"25957","0.07275949418544769","0.07275949418544769","0.07275949418544769"
"25958","0.08425815403461456","0.08425815403461456","0.08425815403461456"
"25961","0.17058609426021576","0.17058609426021576","0.17058609426021576"
"25964","0.07719965279102325","0.07719965279102325","0.07719965279102325"
"25965","0.1764284372329712","0.1764284372329712","0.1764284372329712"
"25966","0.14301910996437073","0.14301910996437073","0.14301910996437073"
"25970","0.18158316612243652","0.18158316612243652","0.18158316612243652"
"25971","0.11732074618339539","0.11732074618339539","0.11732074618339539"
"25978","0.08295468986034393","0.08295468986034393","0.08295468986034393"
"25981","0.1269991099834442","0.1269991099834442","0.1269991099834442"
"25985","0.1183566302061081","0.1183566302061081","0.1183566302061081"
"25990","0.17072057723999023","0.17072057723999023","0.17072057723999023"
"26016","0.10246047377586365","0.10246047377586365","0.10246047377586365"
"26018","0.13514530658721924","0.13514530658721924","0.13514530658721924"
"26019","0.16305893659591675","0.16305893659591675","0.16305893659591675"
"26029","0.11589794605970383","0.11589794605970383","0.11589794605970383"
"26032","0.1407177895307541","0.1407177895307541","0.1407177895307541"
"26042","0.13145530223846436","0.13145530223846436","0.13145530223846436"
"26044","0.1038224995136261","0.1038224995136261","0.1038224995136261"
"26046","0.0748533383011818","0.0748533383011818","0.0748533383011818"
"26050","0.08055174350738525","0.08055174350738525","0.08055174350738525"
"26053","0.1001787856221199","0.1001787856221199","0.1001787856221199"
"26068","0.10044799745082855","0.10044799745082855","0.10044799745082855"
"26071","0.09527648240327835","0.09527648240327835","0.09527648240327835"
"26075","0.13669250905513763","0.13669250905513763","0.13669250905513763"
"26079","0.10978463292121887","0.10978463292121887","0.10978463292121887"
"26082","0.10681642591953278","0.10681642591953278","0.10681642591953278"
"26084","0.07150886952877045","0.07150886952877045","0.07150886952877045"
"26085","0.10317473113536835","0.10317473113536835","0.10317473113536835"
"26090","0.08350768685340881","0.08350768685340881","0.08350768685340881"
"26094","0.07257623970508575","0.07257623970508575","0.07257623970508575"
"26106","0.1093461811542511","0.1093461811542511","0.1093461811542511"
"26113","0.1784336417913437","0.1784336417913437","0.1784336417913437"
"26114","0.13735578954219818","0.13735578954219818","0.13735578954219818"
"26115","0.14192473888397217","0.14192473888397217","0.14192473888397217"
"26116","0.06695157289505005","0.06695157289505005","0.06695157289505005"
"26118","0.0973537415266037","0.0973537415266037","0.0973537415266037"
"26121","0.08964847028255463","0.08964847028255463","0.08964847028255463"
"26122","0.13103458285331726","0.13103458285331726","0.13103458285331726"
"26129","0.09769570827484131","0.09769570827484131","0.09769570827484131"
"26132","0.06107189133763313","0.06107189133763313","0.06107189133763313"
"26138","0.19515572488307953","0.19515572488307953","0.19515572488307953"
"26144","0.15165027976036072","0.15165027976036072","0.15165027976036072"
"26149","0.11133649945259094","0.11133649945259094","0.11133649945259094"
"26150","0.14216779172420502","0.14216779172420502","0.14216779172420502"
"26154","0.0850289836525917","0.0850289836525917","0.0850289836525917"
"26155","0.11598268151283264","0.11598268151283264","0.11598268151283264"
"26159","0.08213302493095398","0.08213302493095398","0.08213302493095398"
"26164","0.13093405961990356","0.13093405961990356","0.13093405961990356"
"26167","0.11135566234588623","0.11135566234588623","0.11135566234588623"
"26169","0.09423117339611053","0.09423117339611053","0.09423117339611053"
"26170","0.1139352023601532","0.1139352023601532","0.1139352023601532"
"26178","0.12569817900657654","0.12569817900657654","0.12569817900657654"
"26184","0.1210036426782608","0.1210036426782608","0.1210036426782608"
"26200","0.09332826733589172","0.09332826733589172","0.09332826733589172"
"26210","0.04802199453115463","0.04802199453115463","0.04802199453115463"
"26217","0.1850501000881195","0.1850501000881195","0.1850501000881195"
"26220","0.06923748552799225","0.06923748552799225","0.06923748552799225"
"26223","0.1120804101228714","0.1120804101228714","0.1120804101228714"
"26227","0.12545455992221832","0.12545455992221832","0.12545455992221832"
"26235","0.08582817763090134","0.08582817763090134","0.08582817763090134"
"26239","0.1409805715084076","0.1409805715084076","0.1409805715084076"
"26240","0.08637010306119919","0.08637010306119919","0.08637010306119919"
"26253","0.09192965179681778","0.09192965179681778","0.09192965179681778"
"26260","0.0816299319267273","0.0816299319267273","0.0816299319267273"
"26264","0.1145976334810257","0.1145976334810257","0.1145976334810257"
"26266","0.06665638834238052","0.06665638834238052","0.06665638834238052"
"26267","0.10895703732967377","0.10895703732967377","0.10895703732967377"
"26290","0.13082340359687805","0.13082340359687805","0.13082340359687805"
"26295","0.11524666845798492","0.11524666845798492","0.11524666845798492"
"26298","0.10631568729877472","0.10631568729877472","0.10631568729877472"
"26307","0.09422753751277924","0.09422753751277924","0.09422753751277924"
"26311","0.15728461742401123","0.15728461742401123","0.15728461742401123"
"26317","0.1401056945323944","0.1401056945323944","0.1401056945323944"
"26318","0.08983327448368073","0.08983327448368073","0.08983327448368073"
"26320","0.11715139448642731","0.11715139448642731","0.11715139448642731"
"26321","0.0815049335360527","0.0815049335360527","0.0815049335360527"
"26331","0.09101200103759766","0.09101200103759766","0.09101200103759766"
"26332","0.11897046118974686","0.11897046118974686","0.11897046118974686"
"26333","0.11383878439664841","0.11383878439664841","0.11383878439664841"
"26343","0.21081799268722534","0.21081799268722534","0.21081799268722534"
"26348","0.09309548139572144","0.09309548139572144","0.09309548139572144"
"26357","0.14712870121002197","0.14712870121002197","0.14712870121002197"
"26362","0.06409506499767303","0.06409506499767303","0.06409506499767303"
"26365","0.09222541749477386","0.09222541749477386","0.09222541749477386"
"26366","0.08741870522499084","0.08741870522499084","0.08741870522499084"
"26370","0.14860178530216217","0.14860178530216217","0.14860178530216217"
"26372","0.12309892475605011","0.12309892475605011","0.12309892475605011"
"26376","0.08173596858978271","0.08173596858978271","0.08173596858978271"
"26377","0.1488000750541687","0.1488000750541687","0.1488000750541687"
"26383","0.0986703634262085","0.0986703634262085","0.0986703634262085"
"26384","0.1324550211429596","0.1324550211429596","0.1324550211429596"
"26387","0.14165547490119934","0.14165547490119934","0.14165547490119934"
"26390","0.14444047212600708","0.14444047212600708","0.14444047212600708"
"26393","0.10479788482189178","0.10479788482189178","0.10479788482189178"
"26398","0.11584790050983429","0.11584790050983429","0.11584790050983429"
"26400","0.06372141093015671","0.06372141093015671","0.06372141093015671"
"26408","0.10204632580280304","0.10204632580280304","0.10204632580280304"
"26411","0.09798181056976318","0.09798181056976318","0.09798181056976318"
"26423","0.10371821373701096","0.10371821373701096","0.10371821373701096"
"26431","0.09889563173055649","0.09889563173055649","0.09889563173055649"
"26444","0.09932412207126617","0.09932412207126617","0.09932412207126617"
"26445","0.14217466115951538","0.14217466115951538","0.14217466115951538"
"26453","0.11611749976873398","0.11611749976873398","0.11611749976873398"
"26464","0.11236494779586792","0.11236494779586792","0.11236494779586792"
"26475","0.059191763401031494","0.059191763401031494","0.059191763401031494"
"26481","0.05619096755981445","0.05619096755981445","0.05619096755981445"
"26482","0.12061017751693726","0.12061017751693726","0.12061017751693726"
"26483","0.12093984335660934","0.12093984335660934","0.12093984335660934"
"26484","0.1116953119635582","0.1116953119635582","0.1116953119635582"
"26486","0.07517008483409882","0.07517008483409882","0.07517008483409882"
"26490","0.06962601095438004","0.06962601095438004","0.06962601095438004"
"26502","0.15116705000400543","0.15116705000400543","0.15116705000400543"
"26507","0.12047553062438965","0.12047553062438965","0.12047553062438965"
"26510","0.10637624561786652","0.10637624561786652","0.10637624561786652"
"26511","0.12080886960029602","0.12080886960029602","0.12080886960029602"
"26515","0.08067295700311661","0.08067295700311661","0.08067295700311661"
"26521","0.08777529746294022","0.08777529746294022","0.08777529746294022"
"26523","0.13976050913333893","0.13976050913333893","0.13976050913333893"
"26529","0.1355707049369812","0.1355707049369812","0.1355707049369812"
"26533","0.09058727324008942","0.09058727324008942","0.09058727324008942"
"26546","0.1444852650165558","0.1444852650165558","0.1444852650165558"
"26547","0.0743933767080307","0.0743933767080307","0.0743933767080307"
"26557","0.1874772310256958","0.1874772310256958","0.1874772310256958"
"26561","0.10704945027828217","0.10704945027828217","0.10704945027828217"
"26565","0.12131977826356888","0.12131977826356888","0.12131977826356888"
"26569","0.16545239090919495","0.16545239090919495","0.16545239090919495"
"26572","0.11361542344093323","0.11361542344093323","0.11361542344093323"
"26577","0.11981727927923203","0.11981727927923203","0.11981727927923203"
"26578","0.09848489612340927","0.09848489612340927","0.09848489612340927"
"26589","0.10428911447525024","0.10428911447525024","0.10428911447525024"
"26591","0.12666058540344238","0.12666058540344238","0.12666058540344238"
"26598","0.0815964788198471","0.0815964788198471","0.0815964788198471"
"26602","0.11181489378213882","0.11181489378213882","0.11181489378213882"
"26625","0.10427477955818176","0.10427477955818176","0.10427477955818176"
"26626","0.17920944094657898","0.17920944094657898","0.17920944094657898"
"26628","0.1486825942993164","0.1486825942993164","0.1486825942993164"
"26629","0.15501585602760315","0.15501585602760315","0.15501585602760315"
"26635","0.14780227839946747","0.14780227839946747","0.14780227839946747"
"26660","0.1763674020767212","0.1763674020767212","0.1763674020767212"
"26663","0.0743059515953064","0.0743059515953064","0.0743059515953064"
"26669","0.13493821024894714","0.13493821024894714","0.13493821024894714"
"26674","0.12909391522407532","0.12909391522407532","0.12909391522407532"
"26686","0.2154349386692047","0.2154349386692047","0.2154349386692047"
"26691","0.09588348120450974","0.09588348120450974","0.09588348120450974"
"26694","0.10201819241046906","0.10201819241046906","0.10201819241046906"
"26701","0.07346592843532562","0.07346592843532562","0.07346592843532562"
"26708","0.16354748606681824","0.16354748606681824","0.16354748606681824"
"26709","0.20425660908222198","0.20425660908222198","0.20425660908222198"
"26723","0.17419466376304626","0.17419466376304626","0.17419466376304626"
"26737","0.12157658487558365","0.12157658487558365","0.12157658487558365"
"26738","0.11933790892362595","0.11933790892362595","0.11933790892362595"
"26741","0.10818708688020706","0.10818708688020706","0.10818708688020706"
"26752","0.08244560658931732","0.08244560658931732","0.08244560658931732"
"26753","0.1030312106013298","0.1030312106013298","0.1030312106013298"
"26759","0.10908413678407669","0.10908413678407669","0.10908413678407669"
"26762","0.060776982456445694","0.060776982456445694","0.060776982456445694"
"26763","0.1379365622997284","0.1379365622997284","0.1379365622997284"
"26767","0.13725295662879944","0.13725295662879944","0.13725295662879944"
"26768","0.1464270055294037","0.1464270055294037","0.1464270055294037"
"26772","0.16831567883491516","0.16831567883491516","0.16831567883491516"
"26775","0.049329694360494614","0.049329694360494614","0.049329694360494614"
"26777","0.11543808877468109","0.11543808877468109","0.11543808877468109"
"26779","0.09804222732782364","0.09804222732782364","0.09804222732782364"
"26782","0.14602303504943848","0.14602303504943848","0.14602303504943848"
"26786","0.06979484856128693","0.06979484856128693","0.06979484856128693"
"26790","0.12887053191661835","0.12887053191661835","0.12887053191661835"
"26798","0.19094929099082947","0.19094929099082947","0.19094929099082947"
"26799","0.13399562239646912","0.13399562239646912","0.13399562239646912"
"26809","0.20164792239665985","0.20164792239665985","0.20164792239665985"
"26819","0.18265771865844727","0.18265771865844727","0.18265771865844727"
"26821","0.12001331895589828","0.12001331895589828","0.12001331895589828"
"26834","0.10166946053504944","0.10166946053504944","0.10166946053504944"
"26835","0.10593728721141815","0.10593728721141815","0.10593728721141815"
"26837","0.0642797201871872","0.0642797201871872","0.0642797201871872"
"26847","0.09382720291614532","0.09382720291614532","0.09382720291614532"
"26850","0.05505937710404396","0.05505937710404396","0.05505937710404396"
"26862","0.057205963879823685","0.057205963879823685","0.057205963879823685"
"26863","0.14511486887931824","0.14511486887931824","0.14511486887931824"
"26868","0.0877402126789093","0.0877402126789093","0.0877402126789093"
"26877","0.12436896562576294","0.12436896562576294","0.12436896562576294"
"26878","0.13250353932380676","0.13250353932380676","0.13250353932380676"
"26888","0.0802367702126503","0.0802367702126503","0.0802367702126503"
"26891","0.07043753564357758","0.07043753564357758","0.07043753564357758"
"26901","0.11256731301546097","0.11256731301546097","0.11256731301546097"
"26905","0.10154256224632263","0.10154256224632263","0.10154256224632263"
"26911","0.16294488310813904","0.16294488310813904","0.16294488310813904"
"26925","0.12454311549663544","0.12454311549663544","0.12454311549663544"
"26929","0.11777380853891373","0.11777380853891373","0.11777380853891373"
"26934","0.10257800668478012","0.10257800668478012","0.10257800668478012"
"26938","0.07972876727581024","0.07972876727581024","0.07972876727581024"
"26945","0.11891739815473557","0.11891739815473557","0.11891739815473557"
"26951","0.09938043355941772","0.09938043355941772","0.09938043355941772"
"26952","0.12764795124530792","0.12764795124530792","0.12764795124530792"
"26959","0.09758369624614716","0.09758369624614716","0.09758369624614716"
"26960","0.0915682390332222","0.0915682390332222","0.0915682390332222"
"26968","0.12077160179615021","0.12077160179615021","0.12077160179615021"
"26969","0.06608070433139801","0.06608070433139801","0.06608070433139801"
"26973","0.09667780995368958","0.09667780995368958","0.09667780995368958"
"26980","0.1613856852054596","0.1613856852054596","0.1613856852054596"
"26981","0.13407324254512787","0.13407324254512787","0.13407324254512787"
"26983","0.07665359973907471","0.07665359973907471","0.07665359973907471"
"26988","0.07395658642053604","0.07395658642053604","0.07395658642053604"
"26990","0.09667736291885376","0.09667736291885376","0.09667736291885376"
"26993","0.13056153059005737","0.13056153059005737","0.13056153059005737"
"26998","0.09317723661661148","0.09317723661661148","0.09317723661661148"
"27004","0.1031264215707779","0.1031264215707779","0.1031264215707779"
"27005","0.09247614443302155","0.09247614443302155","0.09247614443302155"
"27014","0.1473732888698578","0.1473732888698578","0.1473732888698578"
"27015","0.10156647861003876","0.10156647861003876","0.10156647861003876"
"27033","0.09964698553085327","0.09964698553085327","0.09964698553085327"
"27041","0.11541898548603058","0.11541898548603058","0.11541898548603058"
"27046","0.12473523616790771","0.12473523616790771","0.12473523616790771"
"27058","0.15059563517570496","0.15059563517570496","0.15059563517570496"
"27067","0.12861958146095276","0.12861958146095276","0.12861958146095276"
"27069","0.06701464205980301","0.06701464205980301","0.06701464205980301"
"27070","0.11634071171283722","0.11634071171283722","0.11634071171283722"
"27085","0.10177439451217651","0.10177439451217651","0.10177439451217651"
"27087","0.11480577290058136","0.11480577290058136","0.11480577290058136"
"27093","0.1082959771156311","0.1082959771156311","0.1082959771156311"
"27094","0.06895346939563751","0.06895346939563751","0.06895346939563751"
"27100","0.1276317536830902","0.1276317536830902","0.1276317536830902"
"27104","0.16169163584709167","0.16169163584709167","0.16169163584709167"
"27118","0.09029092639684677","0.09029092639684677","0.09029092639684677"
"27128","0.10762402415275574","0.10762402415275574","0.10762402415275574"
"27132","0.1035030260682106","0.1035030260682106","0.1035030260682106"
"27139","0.1005992442369461","0.1005992442369461","0.1005992442369461"
"27140","0.0955440104007721","0.0955440104007721","0.0955440104007721"
"27142","0.07944393903017044","0.07944393903017044","0.07944393903017044"
"27146","0.10359062254428864","0.10359062254428864","0.10359062254428864"
"27148","0.07866616547107697","0.07866616547107697","0.07866616547107697"
"27160","0.09974941611289978","0.09974941611289978","0.09974941611289978"
"27167","0.0683651715517044","0.0683651715517044","0.0683651715517044"
"27170","0.1401296854019165","0.1401296854019165","0.1401296854019165"
"27180","0.14801934361457825","0.14801934361457825","0.14801934361457825"
"27181","0.14964509010314941","0.14964509010314941","0.14964509010314941"
"27184","0.03245220333337784","0.03245220333337784","0.03245220333337784"
"27185","0.10260386765003204","0.10260386765003204","0.10260386765003204"
"27188","0.13010099530220032","0.13010099530220032","0.13010099530220032"
"27190","0.11780337244272232","0.11780337244272232","0.11780337244272232"
"27191","0.1758662462234497","0.1758662462234497","0.1758662462234497"
"27192","0.05992138758301735","0.05992138758301735","0.05992138758301735"
"27193","0.12521108984947205","0.12521108984947205","0.12521108984947205"
"27194","0.15661928057670593","0.15661928057670593","0.15661928057670593"
"27196","0.11016955971717834","0.11016955971717834","0.11016955971717834"
"27198","0.08917732536792755","0.08917732536792755","0.08917732536792755"
"27200","0.15811161696910858","0.15811161696910858","0.15811161696910858"
"27201","0.16182979941368103","0.16182979941368103","0.16182979941368103"
"27204","0.18521982431411743","0.18521982431411743","0.18521982431411743"
"27209","0.05106055364012718","0.05106055364012718","0.05106055364012718"
"27214","0.14719372987747192","0.14719372987747192","0.14719372987747192"
"27217","0.057011835277080536","0.057011835277080536","0.057011835277080536"
"27225","0.11221230030059814","0.11221230030059814","0.11221230030059814"
"27227","0.1372869312763214","0.1372869312763214","0.1372869312763214"
"27229","0.09564661979675293","0.09564661979675293","0.09564661979675293"
"27236","0.1028827577829361","0.1028827577829361","0.1028827577829361"
"27240","0.12119734287261963","0.12119734287261963","0.12119734287261963"
"27248","0.14603988826274872","0.14603988826274872","0.14603988826274872"
"27252","0.08361651748418808","0.08361651748418808","0.08361651748418808"
"27255","0.11896441131830215","0.11896441131830215","0.11896441131830215"
"27263","0.11888210475444794","0.11888210475444794","0.11888210475444794"
"27273","0.10816185921430588","0.10816185921430588","0.10816185921430588"
"27274","0.17547005414962769","0.17547005414962769","0.17547005414962769"
"27278","0.12319044023752213","0.12319044023752213","0.12319044023752213"
"27286","0.0936996340751648","0.0936996340751648","0.0936996340751648"
"27287","0.14965865015983582","0.14965865015983582","0.14965865015983582"
"27290","0.12184739112854004","0.12184739112854004","0.12184739112854004"
"27305","0.14734938740730286","0.14734938740730286","0.14734938740730286"
"27316","0.10883036255836487","0.10883036255836487","0.10883036255836487"
"27318","0.11083175241947174","0.11083175241947174","0.11083175241947174"
"27325","0.12079574912786484","0.12079574912786484","0.12079574912786484"
"27327","0.11511286348104477","0.11511286348104477","0.11511286348104477"
"27332","0.08203663676977158","0.08203663676977158","0.08203663676977158"
"27337","0.08576784282922745","0.08576784282922745","0.08576784282922745"
"27345","0.13491232693195343","0.13491232693195343","0.13491232693195343"
"27347","0.07048849761486053","0.07048849761486053","0.07048849761486053"
"27349","0.06431399285793304","0.06431399285793304","0.06431399285793304"
"27351","0.09513504058122635","0.09513504058122635","0.09513504058122635"
"27367","0.1326606571674347","0.1326606571674347","0.1326606571674347"
"27373","0.126440167427063","0.126440167427063","0.126440167427063"
"27380","0.0745464563369751","0.0745464563369751","0.0745464563369751"
"27384","0.11106304079294205","0.11106304079294205","0.11106304079294205"
"27392","0.24379785358905792","0.24379785358905792","0.24379785358905792"
"27396","0.09015113115310669","0.09015113115310669","0.09015113115310669"
"27397","0.10290300101041794","0.10290300101041794","0.10290300101041794"
"27401","0.10304664075374603","0.10304664075374603","0.10304664075374603"
"27402","0.1124802976846695","0.1124802976846695","0.1124802976846695"
"27409","0.09154441952705383","0.09154441952705383","0.09154441952705383"
"27415","0.1681845486164093","0.1681845486164093","0.1681845486164093"
"27433","0.11873391270637512","0.11873391270637512","0.11873391270637512"
"27435","0.12701842188835144","0.12701842188835144","0.12701842188835144"
"27436","0.15810330212116241","0.15810330212116241","0.15810330212116241"
"27443","0.09209808707237244","0.09209808707237244","0.09209808707237244"
"27446","0.11311821639537811","0.11311821639537811","0.11311821639537811"
"27449","0.10394521057605743","0.10394521057605743","0.10394521057605743"
"27454","0.08674705028533936","0.08674705028533936","0.08674705028533936"
"27458","0.11745413392782211","0.11745413392782211","0.11745413392782211"
"27464","0.09610322117805481","0.09610322117805481","0.09610322117805481"
"27467","0.09970107674598694","0.09970107674598694","0.09970107674598694"
"27470","0.17125605046749115","0.17125605046749115","0.17125605046749115"
"27473","0.1771335005760193","0.1771335005760193","0.1771335005760193"
"27474","0.0825401172041893","0.0825401172041893","0.0825401172041893"
"27476","0.075752854347229","0.075752854347229","0.075752854347229"
"27477","0.05750250071287155","0.05750250071287155","0.05750250071287155"
"27480","0.14294500648975372","0.14294500648975372","0.14294500648975372"
"27481","0.13329650461673737","0.13329650461673737","0.13329650461673737"
"27487","0.13077574968338013","0.13077574968338013","0.13077574968338013"
"27492","0.043907687067985535","0.043907687067985535","0.043907687067985535"
"27494","0.06065214425325394","0.06065214425325394","0.06065214425325394"
"27506","0.13558945059776306","0.13558945059776306","0.13558945059776306"
"27509","0.17347560822963715","0.17347560822963715","0.17347560822963715"
"27511","0.16768820583820343","0.16768820583820343","0.16768820583820343"
"27513","0.16321898996829987","0.16321898996829987","0.16321898996829987"
"27515","0.14131473004817963","0.14131473004817963","0.14131473004817963"
"27517","0.07671338319778442","0.07671338319778442","0.07671338319778442"
"27518","0.12013503909111023","0.12013503909111023","0.12013503909111023"
"27526","0.19586315751075745","0.19586315751075745","0.19586315751075745"
"27528","0.08190768957138062","0.08190768957138062","0.08190768957138062"
"27531","0.13986584544181824","0.13986584544181824","0.13986584544181824"
"27542","0.06333852559328079","0.06333852559328079","0.06333852559328079"
"27545","0.12046872824430466","0.12046872824430466","0.12046872824430466"
"27547","0.150421604514122","0.150421604514122","0.150421604514122"
"27549","0.13474389910697937","0.13474389910697937","0.13474389910697937"
"27554","0.12332137674093246","0.12332137674093246","0.12332137674093246"
"27556","0.10780277848243713","0.10780277848243713","0.10780277848243713"
"27564","0.08612924069166183","0.08612924069166183","0.08612924069166183"
"27567","0.11237647384405136","0.11237647384405136","0.11237647384405136"
"27569","0.089947909116745","0.089947909116745","0.089947909116745"
"27570","0.08342505991458893","0.08342505991458893","0.08342505991458893"
"27590","0.1939050853252411","0.1939050853252411","0.1939050853252411"
"27591","0.1712646484375","0.1712646484375","0.1712646484375"
"27592","0.12168936431407928","0.12168936431407928","0.12168936431407928"
"27595","0.09635116904973984","0.09635116904973984","0.09635116904973984"
"27596","0.14176949858665466","0.14176949858665466","0.14176949858665466"
"27601","0.15213122963905334","0.15213122963905334","0.15213122963905334"
"27614","0.05369068682193756","0.05369068682193756","0.05369068682193756"
"27618","0.11435304582118988","0.11435304582118988","0.11435304582118988"
"27623","0.15725864470005035","0.15725864470005035","0.15725864470005035"
"27630","0.0906953364610672","0.0906953364610672","0.0906953364610672"
"27631","0.10185731202363968","0.10185731202363968","0.10185731202363968"
"27634","0.09421949088573456","0.09421949088573456","0.09421949088573456"
"27636","0.1171228289604187","0.1171228289604187","0.1171228289604187"
"27640","0.06302998960018158","0.06302998960018158","0.06302998960018158"
"27650","0.11957845836877823","0.11957845836877823","0.11957845836877823"
"27651","0.06738285720348358","0.06738285720348358","0.06738285720348358"
"27652","0.1483578234910965","0.1483578234910965","0.1483578234910965"
"27658","0.13286294043064117","0.13286294043064117","0.13286294043064117"
"27661","0.08183521032333374","0.08183521032333374","0.08183521032333374"
"27663","0.07262467592954636","0.07262467592954636","0.07262467592954636"
"27680","0.09826044738292694","0.09826044738292694","0.09826044738292694"
"27681","0.1340828835964203","0.1340828835964203","0.1340828835964203"
"27683","0.18747740983963013","0.18747740983963013","0.18747740983963013"
"27685","0.09406612813472748","0.09406612813472748","0.09406612813472748"
"27690","0.1017860472202301","0.1017860472202301","0.1017860472202301"
"27702","0.10582491755485535","0.10582491755485535","0.10582491755485535"
"27708","0.12187384068965912","0.12187384068965912","0.12187384068965912"
"27712","0.08739975839853287","0.08739975839853287","0.08739975839853287"
"27713","0.11888130009174347","0.11888130009174347","0.11888130009174347"
"27717","0.13640548288822174","0.13640548288822174","0.13640548288822174"
"27721","0.12380446493625641","0.12380446493625641","0.12380446493625641"
"27728","0.11147035658359528","0.11147035658359528","0.11147035658359528"
"27732","0.1418096423149109","0.1418096423149109","0.1418096423149109"
"27744","0.10429583489894867","0.10429583489894867","0.10429583489894867"
"27745","0.16867920756340027","0.16867920756340027","0.16867920756340027"
"27751","0.16035088896751404","0.16035088896751404","0.16035088896751404"
"27753","0.09665963053703308","0.09665963053703308","0.09665963053703308"
"27754","0.13292363286018372","0.13292363286018372","0.13292363286018372"
"27761","0.14953336119651794","0.14953336119651794","0.14953336119651794"
"27765","0.21188871562480927","0.21188871562480927","0.21188871562480927"
"27770","0.19598819315433502","0.19598819315433502","0.19598819315433502"
"27772","0.07514195144176483","0.07514195144176483","0.07514195144176483"
"27775","0.11066465079784393","0.11066465079784393","0.11066465079784393"
"27782","0.08351350575685501","0.08351350575685501","0.08351350575685501"
"27791","0.10666587948799133","0.10666587948799133","0.10666587948799133"
"27794","0.20287732779979706","0.20287732779979706","0.20287732779979706"
"27799","0.10098884999752045","0.10098884999752045","0.10098884999752045"
"27800","0.1131453663110733","0.1131453663110733","0.1131453663110733"
"27815","0.12778928875923157","0.12778928875923157","0.12778928875923157"
"27821","0.12440583854913712","0.12440583854913712","0.12440583854913712"
"27833","0.11290328204631805","0.11290328204631805","0.11290328204631805"
"27834","0.05245165526866913","0.05245165526866913","0.05245165526866913"
"27840","0.09865593910217285","0.09865593910217285","0.09865593910217285"
"27847","0.0768095999956131","0.0768095999956131","0.0768095999956131"
"27849","0.08565109968185425","0.08565109968185425","0.08565109968185425"
"27864","0.06467574834823608","0.06467574834823608","0.06467574834823608"
"27865","0.13039949536323547","0.13039949536323547","0.13039949536323547"
"27868","0.10651776194572449","0.10651776194572449","0.10651776194572449"
"27870","0.11357338726520538","0.11357338726520538","0.11357338726520538"
"27889","0.16412919759750366","0.16412919759750366","0.16412919759750366"
"27900","0.1884825974702835","0.1884825974702835","0.1884825974702835"
"27908","0.19243289530277252","0.19243289530277252","0.19243289530277252"
"27913","0.15213626623153687","0.15213626623153687","0.15213626623153687"
"27918","0.1164589375257492","0.1164589375257492","0.1164589375257492"
"27919","0.114325150847435","0.114325150847435","0.114325150847435"
"27921","0.2225770205259323","0.2225770205259323","0.2225770205259323"
"27923","0.12578238546848297","0.12578238546848297","0.12578238546848297"
"27926","0.15585851669311523","0.15585851669311523","0.15585851669311523"
"27927","0.08219984918832779","0.08219984918832779","0.08219984918832779"
"27929","0.1018528863787651","0.1018528863787651","0.1018528863787651"
"27931","0.06849098205566406","0.06849098205566406","0.06849098205566406"
"27936","0.07507741451263428","0.07507741451263428","0.07507741451263428"
"27938","0.06128140911459923","0.06128140911459923","0.06128140911459923"
"27946","0.059770308434963226","0.059770308434963226","0.059770308434963226"
"27949","0.12010427564382553","0.12010427564382553","0.12010427564382553"
"27956","0.1284978687763214","0.1284978687763214","0.1284978687763214"
"27965","0.12363715469837189","0.12363715469837189","0.12363715469837189"
"27969","0.16132760047912598","0.16132760047912598","0.16132760047912598"
"27970","0.15022335946559906","0.15022335946559906","0.15022335946559906"
"27971","0.13273566961288452","0.13273566961288452","0.13273566961288452"
"27974","0.1350417137145996","0.1350417137145996","0.1350417137145996"
"27977","0.13352127373218536","0.13352127373218536","0.13352127373218536"
"27985","0.09315478801727295","0.09315478801727295","0.09315478801727295"
"27989","0.09701115638017654","0.09701115638017654","0.09701115638017654"
"27993","0.09925718605518341","0.09925718605518341","0.09925718605518341"
"27995","0.0990358218550682","0.0990358218550682","0.0990358218550682"
"27996","0.12066628783941269","0.12066628783941269","0.12066628783941269"
"28001","0.1289607286453247","0.1289607286453247","0.1289607286453247"
"28007","0.11310330033302307","0.11310330033302307","0.11310330033302307"
"28011","0.11366382241249084","0.11366382241249084","0.11366382241249084"
"28015","0.11064743995666504","0.11064743995666504","0.11064743995666504"
"28016","0.103238545358181","0.103238545358181","0.103238545358181"
"28025","0.1396006941795349","0.1396006941795349","0.1396006941795349"
"28030","0.09954027086496353","0.09954027086496353","0.09954027086496353"
"28035","0.10456455498933792","0.10456455498933792","0.10456455498933792"
"28036","0.082142673432827","0.082142673432827","0.082142673432827"
"28048","0.1245417445898056","0.1245417445898056","0.1245417445898056"
"28064","0.13666069507598877","0.13666069507598877","0.13666069507598877"
"28067","0.08042038232088089","0.08042038232088089","0.08042038232088089"
"28070","0.12672287225723267","0.12672287225723267","0.12672287225723267"
"28071","0.08393067121505737","0.08393067121505737","0.08393067121505737"
"28077","0.14984288811683655","0.14984288811683655","0.14984288811683655"
"28078","0.10527476668357849","0.10527476668357849","0.10527476668357849"
"28079","0.1567729115486145","0.1567729115486145","0.1567729115486145"
"28083","0.15504035353660583","0.15504035353660583","0.15504035353660583"
"28084","0.10387352108955383","0.10387352108955383","0.10387352108955383"
"28087","0.051421187818050385","0.051421187818050385","0.051421187818050385"
"28093","0.07432614266872406","0.07432614266872406","0.07432614266872406"
"28094","0.08246823400259018","0.08246823400259018","0.08246823400259018"
"28099","0.07106029987335205","0.07106029987335205","0.07106029987335205"
"28102","0.14941558241844177","0.14941558241844177","0.14941558241844177"
"28108","0.09684121608734131","0.09684121608734131","0.09684121608734131"
"28113","0.1004316657781601","0.1004316657781601","0.1004316657781601"
"28116","0.09927497804164886","0.09927497804164886","0.09927497804164886"
"28118","0.1671990305185318","0.1671990305185318","0.1671990305185318"
"28127","0.15076006948947906","0.15076006948947906","0.15076006948947906"
"28133","0.1213080957531929","0.1213080957531929","0.1213080957531929"
"28134","0.12726417183876038","0.12726417183876038","0.12726417183876038"
"28157","0.13673138618469238","0.13673138618469238","0.13673138618469238"
"28163","0.10423386096954346","0.10423386096954346","0.10423386096954346"
"28164","0.09540675580501556","0.09540675580501556","0.09540675580501556"
"28166","0.08499199151992798","0.08499199151992798","0.08499199151992798"
"28167","0.08848462998867035","0.08848462998867035","0.08848462998867035"
"28173","0.10095179080963135","0.10095179080963135","0.10095179080963135"
"28174","0.08101917803287506","0.08101917803287506","0.08101917803287506"
"28177","0.10522879660129547","0.10522879660129547","0.10522879660129547"
"28188","0.15802673995494843","0.15802673995494843","0.15802673995494843"
"28192","0.11510336399078369","0.11510336399078369","0.11510336399078369"
"28194","0.07035902887582779","0.07035902887582779","0.07035902887582779"
"28195","0.14624100923538208","0.14624100923538208","0.14624100923538208"
"28198","0.056662820279598236","0.056662820279598236","0.056662820279598236"
"28199","0.07946335524320602","0.07946335524320602","0.07946335524320602"
"28215","0.13528895378112793","0.13528895378112793","0.13528895378112793"
"28229","0.09451353549957275","0.09451353549957275","0.09451353549957275"
"28232","0.13217832148075104","0.13217832148075104","0.13217832148075104"
"28236","0.1009078174829483","0.1009078174829483","0.1009078174829483"
"28242","0.07466506212949753","0.07466506212949753","0.07466506212949753"
"28244","0.13437533378601074","0.13437533378601074","0.13437533378601074"
"28248","0.13448941707611084","0.13448941707611084","0.13448941707611084"
"28250","0.10112757235765457","0.10112757235765457","0.10112757235765457"
"28251","0.09320341050624847","0.09320341050624847","0.09320341050624847"
"28260","0.10152561217546463","0.10152561217546463","0.10152561217546463"
"28263","0.09903806447982788","0.09903806447982788","0.09903806447982788"
"28268","0.1963212490081787","0.1963212490081787","0.1963212490081787"
"28273","0.06233617290854454","0.06233617290854454","0.06233617290854454"
"28274","0.0812983363866806","0.0812983363866806","0.0812983363866806"
"28286","0.14565059542655945","0.14565059542655945","0.14565059542655945"
"28298","0.0794769823551178","0.0794769823551178","0.0794769823551178"
"28309","0.1635439693927765","0.1635439693927765","0.1635439693927765"
"28332","0.10455267131328583","0.10455267131328583","0.10455267131328583"
"28335","0.11254534125328064","0.11254534125328064","0.11254534125328064"
"28337","0.09948863834142685","0.09948863834142685","0.09948863834142685"
"28340","0.11115449666976929","0.11115449666976929","0.11115449666976929"
"28345","0.10338583588600159","0.10338583588600159","0.10338583588600159"
"28346","0.09783913195133209","0.09783913195133209","0.09783913195133209"
"28361","0.09825555980205536","0.09825555980205536","0.09825555980205536"
"28362","0.1015077531337738","0.1015077531337738","0.1015077531337738"
"28363","0.11909499764442444","0.11909499764442444","0.11909499764442444"
"28371","0.10415871441364288","0.10415871441364288","0.10415871441364288"
"28372","0.1167144924402237","0.1167144924402237","0.1167144924402237"
"28373","0.12992392480373383","0.12992392480373383","0.12992392480373383"
"28375","0.13486966490745544","0.13486966490745544","0.13486966490745544"
"28378","0.09555252641439438","0.09555252641439438","0.09555252641439438"
"28379","0.07918201386928558","0.07918201386928558","0.07918201386928558"
"28387","0.1670134961605072","0.1670134961605072","0.1670134961605072"
"28394","0.09775223582983017","0.09775223582983017","0.09775223582983017"
"28395","0.08972325921058655","0.08972325921058655","0.08972325921058655"
"28399","0.136834055185318","0.136834055185318","0.136834055185318"
"28404","0.17196670174598694","0.17196670174598694","0.17196670174598694"
"28409","0.16819649934768677","0.16819649934768677","0.16819649934768677"
"28410","0.17770496010780334","0.17770496010780334","0.17770496010780334"
"28414","0.08582349866628647","0.08582349866628647","0.08582349866628647"
"28417","0.17449936270713806","0.17449936270713806","0.17449936270713806"
"28425","0.12395860999822617","0.12395860999822617","0.12395860999822617"
"28426","0.07858891040086746","0.07858891040086746","0.07858891040086746"
"28448","0.11196009814739227","0.11196009814739227","0.11196009814739227"
"28449","0.09839391708374023","0.09839391708374023","0.09839391708374023"
"28451","0.10643326491117477","0.10643326491117477","0.10643326491117477"
"28453","0.12058951705694199","0.12058951705694199","0.12058951705694199"
"28458","0.11861083656549454","0.11861083656549454","0.11861083656549454"
"28460","0.1486167460680008","0.1486167460680008","0.1486167460680008"
"28462","0.10254092514514923","0.10254092514514923","0.10254092514514923"
"28464","0.07715266942977905","0.07715266942977905","0.07715266942977905"
"28470","0.07059785723686218","0.07059785723686218","0.07059785723686218"
"28472","0.11624240130186081","0.11624240130186081","0.11624240130186081"
"28488","0.13457445800304413","0.13457445800304413","0.13457445800304413"
"28505","0.21102219820022583","0.21102219820022583","0.21102219820022583"
"28506","0.1409245878458023","0.1409245878458023","0.1409245878458023"
"28508","0.12996426224708557","0.12996426224708557","0.12996426224708557"
"28514","0.12794683873653412","0.12794683873653412","0.12794683873653412"
"28517","0.06829453259706497","0.06829453259706497","0.06829453259706497"
"28519","0.09090794622898102","0.09090794622898102","0.09090794622898102"
"28527","0.08549746870994568","0.08549746870994568","0.08549746870994568"
"28541","0.08309562504291534","0.08309562504291534","0.08309562504291534"
"28543","0.15282435715198517","0.15282435715198517","0.15282435715198517"
"28545","0.08956892788410187","0.08956892788410187","0.08956892788410187"
"28548","0.12653499841690063","0.12653499841690063","0.12653499841690063"
"28559","0.16186261177062988","0.16186261177062988","0.16186261177062988"
"28565","0.13821572065353394","0.13821572065353394","0.13821572065353394"
"28574","0.21186576783657074","0.21186576783657074","0.21186576783657074"
"28585","0.12633812427520752","0.12633812427520752","0.12633812427520752"
"28586","0.08193565905094147","0.08193565905094147","0.08193565905094147"
"28589","0.061613794416189194","0.061613794416189194","0.061613794416189194"
"28591","0.12637710571289062","0.12637710571289062","0.12637710571289062"
"28592","0.12219204008579254","0.12219204008579254","0.12219204008579254"
"28595","0.11592167615890503","0.11592167615890503","0.11592167615890503"
"28597","0.09271399676799774","0.09271399676799774","0.09271399676799774"
"28599","0.10400298237800598","0.10400298237800598","0.10400298237800598"
"28601","0.12392240762710571","0.12392240762710571","0.12392240762710571"
"28603","0.14712099730968475","0.14712099730968475","0.14712099730968475"
"28606","0.085750050842762","0.085750050842762","0.085750050842762"
"28610","0.11988366395235062","0.11988366395235062","0.11988366395235062"
"28616","0.12277843058109283","0.12277843058109283","0.12277843058109283"
"28618","0.12122644484043121","0.12122644484043121","0.12122644484043121"
"28620","0.11482155323028564","0.11482155323028564","0.11482155323028564"
"28621","0.07306098192930222","0.07306098192930222","0.07306098192930222"
"28628","0.09406988322734833","0.09406988322734833","0.09406988322734833"
"28631","0.0839231014251709","0.0839231014251709","0.0839231014251709"
"28643","0.07672163844108582","0.07672163844108582","0.07672163844108582"
"28644","0.0839284360408783","0.0839284360408783","0.0839284360408783"
"28649","0.09109137952327728","0.09109137952327728","0.09109137952327728"
"28660","0.06882716715335846","0.06882716715335846","0.06882716715335846"
"28661","0.16207900643348694","0.16207900643348694","0.16207900643348694"
"28665","0.12904973328113556","0.12904973328113556","0.12904973328113556"
"28667","0.06149117276072502","0.06149117276072502","0.06149117276072502"
"28668","0.05113665759563446","0.05113665759563446","0.05113665759563446"
"28672","0.07239070534706116","0.07239070534706116","0.07239070534706116"
"28674","0.08903850615024567","0.08903850615024567","0.08903850615024567"
"28680","0.1264714151620865","0.1264714151620865","0.1264714151620865"
"28681","0.14593103528022766","0.14593103528022766","0.14593103528022766"
"28686","0.12254159152507782","0.12254159152507782","0.12254159152507782"
"28692","0.12477762252092361","0.12477762252092361","0.12477762252092361"
"28694","0.10439227521419525","0.10439227521419525","0.10439227521419525"
"28700","0.08188304305076599","0.08188304305076599","0.08188304305076599"
"28702","0.1468360424041748","0.1468360424041748","0.1468360424041748"
"28706","0.1562201976776123","0.1562201976776123","0.1562201976776123"
"28711","0.09624456614255905","0.09624456614255905","0.09624456614255905"
"28712","0.09639635682106018","0.09639635682106018","0.09639635682106018"
"28716","0.15025334060192108","0.15025334060192108","0.15025334060192108"
"28717","0.07066448777914047","0.07066448777914047","0.07066448777914047"
"28721","0.069397933781147","0.069397933781147","0.069397933781147"
"28731","0.07094146311283112","0.07094146311283112","0.07094146311283112"
"28736","0.09864532947540283","0.09864532947540283","0.09864532947540283"
"28748","0.1446099877357483","0.1446099877357483","0.1446099877357483"
"28750","0.11268037557601929","0.11268037557601929","0.11268037557601929"
"28754","0.1533503532409668","0.1533503532409668","0.1533503532409668"
"28755","0.1270008683204651","0.1270008683204651","0.1270008683204651"
"28760","0.10686725378036499","0.10686725378036499","0.10686725378036499"
"28772","0.10465016961097717","0.10465016961097717","0.10465016961097717"
"28773","0.10220243036746979","0.10220243036746979","0.10220243036746979"
"28790","0.043698787689208984","0.043698787689208984","0.043698787689208984"
"28804","0.13209927082061768","0.13209927082061768","0.13209927082061768"
"28805","0.1449984610080719","0.1449984610080719","0.1449984610080719"
"28806","0.16334353387355804","0.16334353387355804","0.16334353387355804"
"28808","0.07299286127090454","0.07299286127090454","0.07299286127090454"
"28811","0.09314329922199249","0.09314329922199249","0.09314329922199249"
"28812","0.06465185433626175","0.06465185433626175","0.06465185433626175"
"28815","0.07475566864013672","0.07475566864013672","0.07475566864013672"
"28821","0.11339318752288818","0.11339318752288818","0.11339318752288818"
"28825","0.07129400968551636","0.07129400968551636","0.07129400968551636"
"28830","0.1558697372674942","0.1558697372674942","0.1558697372674942"
"28832","0.08559546619653702","0.08559546619653702","0.08559546619653702"
"28843","0.14614616334438324","0.14614616334438324","0.14614616334438324"
"28845","0.08940049260854721","0.08940049260854721","0.08940049260854721"
"28850","0.10258664190769196","0.10258664190769196","0.10258664190769196"
"28851","0.0985003337264061","0.0985003337264061","0.0985003337264061"
"28860","0.058182112872600555","0.058182112872600555","0.058182112872600555"
"28861","0.138823002576828","0.138823002576828","0.138823002576828"
"28865","0.17401330173015594","0.17401330173015594","0.17401330173015594"
"28866","0.1303778737783432","0.1303778737783432","0.1303778737783432"
"28867","0.1176459938287735","0.1176459938287735","0.1176459938287735"
"28871","0.12457387149333954","0.12457387149333954","0.12457387149333954"
"28875","0.07969091087579727","0.07969091087579727","0.07969091087579727"
"28879","0.10096468031406403","0.10096468031406403","0.10096468031406403"
"28881","0.10179781913757324","0.10179781913757324","0.10179781913757324"
"28882","0.14464259147644043","0.14464259147644043","0.14464259147644043"
"28885","0.09430157393217087","0.09430157393217087","0.09430157393217087"
"28892","0.10783642530441284","0.10783642530441284","0.10783642530441284"
"28893","0.12396052479743958","0.12396052479743958","0.12396052479743958"
"28896","0.18288782238960266","0.18288782238960266","0.18288782238960266"
"28898","0.17455144226551056","0.17455144226551056","0.17455144226551056"
"28916","0.14491087198257446","0.14491087198257446","0.14491087198257446"
"28917","0.05900806933641434","0.05900806933641434","0.05900806933641434"
"28922","0.1269177794456482","0.1269177794456482","0.1269177794456482"
"28924","0.1010027751326561","0.1010027751326561","0.1010027751326561"
"28927","0.08937682211399078","0.08937682211399078","0.08937682211399078"
"28932","0.13090923428535461","0.13090923428535461","0.13090923428535461"
"28938","0.12449941784143448","0.12449941784143448","0.12449941784143448"
"28939","0.14968593418598175","0.14968593418598175","0.14968593418598175"
"28941","0.16574926674365997","0.16574926674365997","0.16574926674365997"
"28944","0.1358775943517685","0.1358775943517685","0.1358775943517685"
"28953","0.10433775931596756","0.10433775931596756","0.10433775931596756"
"28965","0.11249256879091263","0.11249256879091263","0.11249256879091263"
"28976","0.13349813222885132","0.13349813222885132","0.13349813222885132"
"28981","0.10435819625854492","0.10435819625854492","0.10435819625854492"
"28983","0.10415545850992203","0.10415545850992203","0.10415545850992203"
"28988","0.09053294360637665","0.09053294360637665","0.09053294360637665"
"28993","0.09389793127775192","0.09389793127775192","0.09389793127775192"
"29001","0.06348321586847305","0.06348321586847305","0.06348321586847305"
"29004","0.08256497234106064","0.08256497234106064","0.08256497234106064"
"29007","0.11385969817638397","0.11385969817638397","0.11385969817638397"
"29011","0.13444876670837402","0.13444876670837402","0.13444876670837402"
"29017","0.10769680142402649","0.10769680142402649","0.10769680142402649"
"29021","0.1491740196943283","0.1491740196943283","0.1491740196943283"
"29022","0.21794293820858002","0.21794293820858002","0.21794293820858002"
"29026","0.159508615732193","0.159508615732193","0.159508615732193"
"29034","0.19774320721626282","0.19774320721626282","0.19774320721626282"
"29036","0.12998992204666138","0.12998992204666138","0.12998992204666138"
"29053","0.16408665478229523","0.16408665478229523","0.16408665478229523"
"29058","0.10389765352010727","0.10389765352010727","0.10389765352010727"
"29059","0.08456738293170929","0.08456738293170929","0.08456738293170929"
"29062","0.10611096024513245","0.10611096024513245","0.10611096024513245"
"29065","0.09425681829452515","0.09425681829452515","0.09425681829452515"
"29067","0.15381330251693726","0.15381330251693726","0.15381330251693726"
"29076","0.11322349309921265","0.11322349309921265","0.11322349309921265"
"29077","0.15010550618171692","0.15010550618171692","0.15010550618171692"
"29082","0.10002080351114273","0.10002080351114273","0.10002080351114273"
"29086","0.09860754758119583","0.09860754758119583","0.09860754758119583"
"29090","0.05968107283115387","0.05968107283115387","0.05968107283115387"
"29096","0.13129058480262756","0.13129058480262756","0.13129058480262756"
"29104","0.10286617279052734","0.10286617279052734","0.10286617279052734"
"29105","0.12079805135726929","0.12079805135726929","0.12079805135726929"
"29110","0.09269934892654419","0.09269934892654419","0.09269934892654419"
"29112","0.09054575115442276","0.09054575115442276","0.09054575115442276"
"29113","0.11544086039066315","0.11544086039066315","0.11544086039066315"
"29114","0.16346769034862518","0.16346769034862518","0.16346769034862518"
"29117","0.13620692491531372","0.13620692491531372","0.13620692491531372"
"29122","0.1398274451494217","0.1398274451494217","0.1398274451494217"
"29123","0.09719787538051605","0.09719787538051605","0.09719787538051605"
"29127","0.14802157878875732","0.14802157878875732","0.14802157878875732"
"29132","0.12069211900234222","0.12069211900234222","0.12069211900234222"
"29139","0.13936835527420044","0.13936835527420044","0.13936835527420044"
"29140","0.14111420512199402","0.14111420512199402","0.14111420512199402"
"29144","0.052984654903411865","0.052984654903411865","0.052984654903411865"
"29152","0.09861034154891968","0.09861034154891968","0.09861034154891968"
"29157","0.1356348991394043","0.1356348991394043","0.1356348991394043"
"29162","0.1664683073759079","0.1664683073759079","0.1664683073759079"
"29171","0.14585766196250916","0.14585766196250916","0.14585766196250916"
"29172","0.11783511936664581","0.11783511936664581","0.11783511936664581"
"29175","0.08292087912559509","0.08292087912559509","0.08292087912559509"
"29176","0.09630317240953445","0.09630317240953445","0.09630317240953445"
"29177","0.1069147139787674","0.1069147139787674","0.1069147139787674"
"29179","0.12927737832069397","0.12927737832069397","0.12927737832069397"
"29181","0.08939596265554428","0.08939596265554428","0.08939596265554428"
"29183","0.08275789022445679","0.08275789022445679","0.08275789022445679"
"29189","0.13364888727664948","0.13364888727664948","0.13364888727664948"
"29190","0.0874098688364029","0.0874098688364029","0.0874098688364029"
"29191","0.1712910681962967","0.1712910681962967","0.1712910681962967"
"29197","0.09617459028959274","0.09617459028959274","0.09617459028959274"
"29221","0.08319149911403656","0.08319149911403656","0.08319149911403656"
"29224","0.15265625715255737","0.15265625715255737","0.15265625715255737"
"29232","0.14576655626296997","0.14576655626296997","0.14576655626296997"
"29239","0.10551527142524719","0.10551527142524719","0.10551527142524719"
"29241","0.10766522586345673","0.10766522586345673","0.10766522586345673"
"29264","0.11122794449329376","0.11122794449329376","0.11122794449329376"
"29269","0.10019075870513916","0.10019075870513916","0.10019075870513916"
"29272","0.13143469393253326","0.13143469393253326","0.13143469393253326"
"29274","0.13648226857185364","0.13648226857185364","0.13648226857185364"
"29277","0.06399353593587875","0.06399353593587875","0.06399353593587875"
"29279","0.0719408243894577","0.0719408243894577","0.0719408243894577"
"29281","0.12871286273002625","0.12871286273002625","0.12871286273002625"
"29287","0.09949015080928802","0.09949015080928802","0.09949015080928802"
"29293","0.07405328750610352","0.07405328750610352","0.07405328750610352"
"29301","0.1105533242225647","0.1105533242225647","0.1105533242225647"
"29306","0.1460191309452057","0.1460191309452057","0.1460191309452057"
"29308","0.10924966633319855","0.10924966633319855","0.10924966633319855"
"29321","0.05793417990207672","0.05793417990207672","0.05793417990207672"
"29325","0.05006854981184006","0.05006854981184006","0.05006854981184006"
"29327","0.11528760939836502","0.11528760939836502","0.11528760939836502"
"29329","0.08692920207977295","0.08692920207977295","0.08692920207977295"
"29331","0.1680910289287567","0.1680910289287567","0.1680910289287567"
"29335","0.1895201951265335","0.1895201951265335","0.1895201951265335"
"29345","0.1274794638156891","0.1274794638156891","0.1274794638156891"
"29347","0.10238748043775558","0.10238748043775558","0.10238748043775558"
"29349","0.11696052551269531","0.11696052551269531","0.11696052551269531"
"29357","0.10898399353027344","0.10898399353027344","0.10898399353027344"
"29358","0.08650298416614532","0.08650298416614532","0.08650298416614532"
"29360","0.0802563726902008","0.0802563726902008","0.0802563726902008"
"29382","0.10342396050691605","0.10342396050691605","0.10342396050691605"
"29393","0.11644111573696136","0.11644111573696136","0.11644111573696136"
"29399","0.06398354470729828","0.06398354470729828","0.06398354470729828"
"29401","0.10111969709396362","0.10111969709396362","0.10111969709396362"
"29408","0.11570921540260315","0.11570921540260315","0.11570921540260315"
"29409","0.07792897522449493","0.07792897522449493","0.07792897522449493"
"29412","0.12560123205184937","0.12560123205184937","0.12560123205184937"
"29413","0.04652080684900284","0.04652080684900284","0.04652080684900284"
"29417","0.09198058396577835","0.09198058396577835","0.09198058396577835"
"29418","0.07947918772697449","0.07947918772697449","0.07947918772697449"
"29423","0.19055531919002533","0.19055531919002533","0.19055531919002533"
"29424","0.14790667593479156","0.14790667593479156","0.14790667593479156"
"29427","0.10519848018884659","0.10519848018884659","0.10519848018884659"
"29428","0.09069108963012695","0.09069108963012695","0.09069108963012695"
"29432","0.09111150354146957","0.09111150354146957","0.09111150354146957"
"29455","0.17069417238235474","0.17069417238235474","0.17069417238235474"
"29458","0.17055848240852356","0.17055848240852356","0.17055848240852356"
"29460","0.0929890125989914","0.0929890125989914","0.0929890125989914"
"29461","0.08859948813915253","0.08859948813915253","0.08859948813915253"
"29467","0.10068059712648392","0.10068059712648392","0.10068059712648392"
"29469","0.09821911156177521","0.09821911156177521","0.09821911156177521"
"29472","0.04913010075688362","0.04913010075688362","0.04913010075688362"
"29473","0.1368350088596344","0.1368350088596344","0.1368350088596344"
"29475","0.10009928792715073","0.10009928792715073","0.10009928792715073"
"29478","0.07021109014749527","0.07021109014749527","0.07021109014749527"
"29483","0.07720471918582916","0.07720471918582916","0.07720471918582916"
"29501","0.14237545430660248","0.14237545430660248","0.14237545430660248"
"29505","0.07780153304338455","0.07780153304338455","0.07780153304338455"
"29508","0.11993219703435898","0.11993219703435898","0.11993219703435898"
"29510","0.16614842414855957","0.16614842414855957","0.16614842414855957"
"29516","0.1224094033241272","0.1224094033241272","0.1224094033241272"
"29517","0.13699126243591309","0.13699126243591309","0.13699126243591309"
"29523","0.13697613775730133","0.13697613775730133","0.13697613775730133"
"29538","0.12417706847190857","0.12417706847190857","0.12417706847190857"
"29539","0.09951302409172058","0.09951302409172058","0.09951302409172058"
"29542","0.13415563106536865","0.13415563106536865","0.13415563106536865"
"29545","0.10762590914964676","0.10762590914964676","0.10762590914964676"
"29560","0.12279722839593887","0.12279722839593887","0.12279722839593887"
"29569","0.1282726526260376","0.1282726526260376","0.1282726526260376"
"29574","0.15262502431869507","0.15262502431869507","0.15262502431869507"
"29579","0.08235213160514832","0.08235213160514832","0.08235213160514832"
"29581","0.10778769850730896","0.10778769850730896","0.10778769850730896"
"29582","0.1626828908920288","0.1626828908920288","0.1626828908920288"
"29583","0.14111579954624176","0.14111579954624176","0.14111579954624176"
"29584","0.0584392175078392","0.0584392175078392","0.0584392175078392"
"29585","0.0890672504901886","0.0890672504901886","0.0890672504901886"
"29586","0.12052427232265472","0.12052427232265472","0.12052427232265472"
"29591","0.09164739400148392","0.09164739400148392","0.09164739400148392"
"29593","0.10567618906497955","0.10567618906497955","0.10567618906497955"
"29595","0.14378498494625092","0.14378498494625092","0.14378498494625092"
"29596","0.07774639129638672","0.07774639129638672","0.07774639129638672"
"29598","0.15390878915786743","0.15390878915786743","0.15390878915786743"
"29603","0.12866653501987457","0.12866653501987457","0.12866653501987457"
"29604","0.1496495008468628","0.1496495008468628","0.1496495008468628"
"29605","0.11264386773109436","0.11264386773109436","0.11264386773109436"
"29606","0.07053931802511215","0.07053931802511215","0.07053931802511215"
"29608","0.11571451276540756","0.11571451276540756","0.11571451276540756"
"29609","0.14560817182064056","0.14560817182064056","0.14560817182064056"
"29610","0.08990974724292755","0.08990974724292755","0.08990974724292755"
"29611","0.12698370218276978","0.12698370218276978","0.12698370218276978"
"29621","0.16196563839912415","0.16196563839912415","0.16196563839912415"
"29625","0.11115393042564392","0.11115393042564392","0.11115393042564392"
"29626","0.10674206167459488","0.10674206167459488","0.10674206167459488"
"29629","0.12242001295089722","0.12242001295089722","0.12242001295089722"
"29636","0.20678189396858215","0.20678189396858215","0.20678189396858215"
"29640","0.11743903160095215","0.11743903160095215","0.11743903160095215"
"29642","0.1067979484796524","0.1067979484796524","0.1067979484796524"
"29646","0.08149297535419464","0.08149297535419464","0.08149297535419464"
"29654","0.10617390275001526","0.10617390275001526","0.10617390275001526"
"29658","0.13577687740325928","0.13577687740325928","0.13577687740325928"
"29661","0.10315059125423431","0.10315059125423431","0.10315059125423431"
"29664","0.11282309144735336","0.11282309144735336","0.11282309144735336"
"29669","0.08814869821071625","0.08814869821071625","0.08814869821071625"
"29678","0.07452628761529922","0.07452628761529922","0.07452628761529922"
"29681","0.10069199651479721","0.10069199651479721","0.10069199651479721"
"29682","0.17321233451366425","0.17321233451366425","0.17321233451366425"
"29689","0.11242647469043732","0.11242647469043732","0.11242647469043732"
"29693","0.04669710248708725","0.04669710248708725","0.04669710248708725"
"29696","0.09683103859424591","0.09683103859424591","0.09683103859424591"
"29705","0.06279655545949936","0.06279655545949936","0.06279655545949936"
"29709","0.20241530239582062","0.20241530239582062","0.20241530239582062"
"29712","0.10214480757713318","0.10214480757713318","0.10214480757713318"
"29713","0.10827283561229706","0.10827283561229706","0.10827283561229706"
"29714","0.08804044127464294","0.08804044127464294","0.08804044127464294"
"29715","0.1429463028907776","0.1429463028907776","0.1429463028907776"
"29721","0.14817237854003906","0.14817237854003906","0.14817237854003906"
"29725","0.13835880160331726","0.13835880160331726","0.13835880160331726"
"29729","0.050432123243808746","0.050432123243808746","0.050432123243808746"
"29731","0.17760133743286133","0.17760133743286133","0.17760133743286133"
"29736","0.090020552277565","0.090020552277565","0.090020552277565"
"29738","0.0857248604297638","0.0857248604297638","0.0857248604297638"
"29750","0.12308043241500854","0.12308043241500854","0.12308043241500854"
"29762","0.0914069414138794","0.0914069414138794","0.0914069414138794"
"29779","0.13988998532295227","0.13988998532295227","0.13988998532295227"
"29781","0.10639776289463043","0.10639776289463043","0.10639776289463043"
"29782","0.13761597871780396","0.13761597871780396","0.13761597871780396"
"29783","0.0833318680524826","0.0833318680524826","0.0833318680524826"
"29784","0.10934817790985107","0.10934817790985107","0.10934817790985107"
"29787","0.113077811896801","0.113077811896801","0.113077811896801"
"29788","0.12487030774354935","0.12487030774354935","0.12487030774354935"
"29796","0.10270719230175018","0.10270719230175018","0.10270719230175018"
"29797","0.07806861400604248","0.07806861400604248","0.07806861400604248"
"29799","0.09077446162700653","0.09077446162700653","0.09077446162700653"
"29807","0.08519648760557175","0.08519648760557175","0.08519648760557175"
"29809","0.13245898485183716","0.13245898485183716","0.13245898485183716"
"29821","0.07578922808170319","0.07578922808170319","0.07578922808170319"
"29822","0.1308709681034088","0.1308709681034088","0.1308709681034088"
"29828","0.11240750551223755","0.11240750551223755","0.11240750551223755"
"29831","0.16814905405044556","0.16814905405044556","0.16814905405044556"
"29833","0.10150892287492752","0.10150892287492752","0.10150892287492752"
"29839","0.030878474935889244","0.030878474935889244","0.030878474935889244"
"29855","0.17920243740081787","0.17920243740081787","0.17920243740081787"
"29866","0.13563726842403412","0.13563726842403412","0.13563726842403412"
"29881","0.13071343302726746","0.13071343302726746","0.13071343302726746"
"29888","0.08177605271339417","0.08177605271339417","0.08177605271339417"
"29889","0.13299188017845154","0.13299188017845154","0.13299188017845154"
"29890","0.09499077498912811","0.09499077498912811","0.09499077498912811"
"29891","0.0997312068939209","0.0997312068939209","0.0997312068939209"
"29894","0.1296512484550476","0.1296512484550476","0.1296512484550476"
"29898","0.12104277312755585","0.12104277312755585","0.12104277312755585"
"29904","0.061162080615758896","0.061162080615758896","0.061162080615758896"
"29905","0.14256957173347473","0.14256957173347473","0.14256957173347473"
"29907","0.06400027871131897","0.06400027871131897","0.06400027871131897"
"29919","0.12758374214172363","0.12758374214172363","0.12758374214172363"
"29926","0.12731190025806427","0.12731190025806427","0.12731190025806427"
"29931","0.07078038156032562","0.07078038156032562","0.07078038156032562"
"29933","0.13657823204994202","0.13657823204994202","0.13657823204994202"
"29936","0.05847432464361191","0.05847432464361191","0.05847432464361191"
"29948","0.11271660029888153","0.11271660029888153","0.11271660029888153"
"29953","0.08008812367916107","0.08008812367916107","0.08008812367916107"
"29956","0.1383548229932785","0.1383548229932785","0.1383548229932785"
"29963","0.08263319730758667","0.08263319730758667","0.08263319730758667"
"29966","0.14890837669372559","0.14890837669372559","0.14890837669372559"
"29969","0.12442674487829208","0.12442674487829208","0.12442674487829208"
"29971","0.13696590065956116","0.13696590065956116","0.13696590065956116"
"29981","0.09264735877513885","0.09264735877513885","0.09264735877513885"
"29989","0.09188053011894226","0.09188053011894226","0.09188053011894226"
"29992","0.07350598275661469","0.07350598275661469","0.07350598275661469"
"29996","0.08727244287729263","0.08727244287729263","0.08727244287729263"
"29999","0.07992072403430939","0.07992072403430939","0.07992072403430939"
"30009","0.21324719488620758","0.21324719488620758","0.21324719488620758"
"30030","0.07004617154598236","0.07004617154598236","0.07004617154598236"
"30038","0.12237993627786636","0.12237993627786636","0.12237993627786636"
"30040","0.25368553400039673","0.25368553400039673","0.25368553400039673"
"30052","0.10545652359724045","0.10545652359724045","0.10545652359724045"
"30053","0.13005667924880981","0.13005667924880981","0.13005667924880981"
"30065","0.05281945690512657","0.05281945690512657","0.05281945690512657"
"30069","0.11438602209091187","0.11438602209091187","0.11438602209091187"
"30072","0.13877175748348236","0.13877175748348236","0.13877175748348236"
"30075","0.0966046005487442","0.0966046005487442","0.0966046005487442"
"30078","0.08948399126529694","0.08948399126529694","0.08948399126529694"
"30098","0.06943732500076294","0.06943732500076294","0.06943732500076294"
"30099","0.09027419984340668","0.09027419984340668","0.09027419984340668"
"30103","0.14542430639266968","0.14542430639266968","0.14542430639266968"
"30104","0.17991656064987183","0.17991656064987183","0.17991656064987183"
"30106","0.16034671664237976","0.16034671664237976","0.16034671664237976"
"30110","0.06945915520191193","0.06945915520191193","0.06945915520191193"
"30111","0.08741725981235504","0.08741725981235504","0.08741725981235504"
"30115","0.1362897753715515","0.1362897753715515","0.1362897753715515"
"30120","0.06687158346176147","0.06687158346176147","0.06687158346176147"
"30124","0.11037984490394592","0.11037984490394592","0.11037984490394592"
"30125","0.1190699115395546","0.1190699115395546","0.1190699115395546"
"30126","0.14836488664150238","0.14836488664150238","0.14836488664150238"
"30129","0.080734983086586","0.080734983086586","0.080734983086586"
"30130","0.12158802151679993","0.12158802151679993","0.12158802151679993"
"30134","0.11778894066810608","0.11778894066810608","0.11778894066810608"
"30138","0.1667594313621521","0.1667594313621521","0.1667594313621521"
"30141","0.161551833152771","0.161551833152771","0.161551833152771"
"30147","0.10439397394657135","0.10439397394657135","0.10439397394657135"
"30150","0.1425924301147461","0.1425924301147461","0.1425924301147461"
"30154","0.0691688284277916","0.0691688284277916","0.0691688284277916"
"30160","0.06525788456201553","0.06525788456201553","0.06525788456201553"
"30163","0.09148386120796204","0.09148386120796204","0.09148386120796204"
"30167","0.12202347069978714","0.12202347069978714","0.12202347069978714"
"30176","0.09710383415222168","0.09710383415222168","0.09710383415222168"
"30184","0.11884376406669617","0.11884376406669617","0.11884376406669617"
"30189","0.12486821413040161","0.12486821413040161","0.12486821413040161"
"30191","0.14225336909294128","0.14225336909294128","0.14225336909294128"
"30192","0.09189798682928085","0.09189798682928085","0.09189798682928085"
"30193","0.05317479372024536","0.05317479372024536","0.05317479372024536"
"30197","0.1079811155796051","0.1079811155796051","0.1079811155796051"
"30208","0.10118212550878525","0.10118212550878525","0.10118212550878525"
"30217","0.16095969080924988","0.16095969080924988","0.16095969080924988"
"30218","0.13933150470256805","0.13933150470256805","0.13933150470256805"
"30226","0.16588124632835388","0.16588124632835388","0.16588124632835388"
"30227","0.14814616739749908","0.14814616739749908","0.14814616739749908"
"30229","0.1266385316848755","0.1266385316848755","0.1266385316848755"
"30232","0.11293135583400726","0.11293135583400726","0.11293135583400726"
"30234","0.10362822562456131","0.10362822562456131","0.10362822562456131"
"30250","0.200495183467865","0.200495183467865","0.200495183467865"
"30252","0.05469222739338875","0.05469222739338875","0.05469222739338875"
"30253","0.1695818305015564","0.1695818305015564","0.1695818305015564"
"30254","0.10580329596996307","0.10580329596996307","0.10580329596996307"
"30260","0.14131945371627808","0.14131945371627808","0.14131945371627808"
"30274","0.13252423703670502","0.13252423703670502","0.13252423703670502"
"30304","0.0791219174861908","0.0791219174861908","0.0791219174861908"
"30308","0.059707172214984894","0.059707172214984894","0.059707172214984894"
"30312","0.1105131059885025","0.1105131059885025","0.1105131059885025"
"30318","0.07009046524763107","0.07009046524763107","0.07009046524763107"
"30320","0.08775408565998077","0.08775408565998077","0.08775408565998077"
"30325","0.10741648077964783","0.10741648077964783","0.10741648077964783"
"30326","0.06590701639652252","0.06590701639652252","0.06590701639652252"
"30330","0.1663203239440918","0.1663203239440918","0.1663203239440918"
"30332","0.1138204038143158","0.1138204038143158","0.1138204038143158"
"30340","0.04839969053864479","0.04839969053864479","0.04839969053864479"
"30341","0.10566185414791107","0.10566185414791107","0.10566185414791107"
"30342","0.18035563826560974","0.18035563826560974","0.18035563826560974"
"30350","0.08548888564109802","0.08548888564109802","0.08548888564109802"
"30354","0.15389136970043182","0.15389136970043182","0.15389136970043182"
"30362","0.05725744366645813","0.05725744366645813","0.05725744366645813"
"30368","0.1573156714439392","0.1573156714439392","0.1573156714439392"
"30371","0.104933001101017","0.104933001101017","0.104933001101017"
"30375","0.11147107928991318","0.11147107928991318","0.11147107928991318"
"30378","0.12439277768135071","0.12439277768135071","0.12439277768135071"
"30379","0.09038782119750977","0.09038782119750977","0.09038782119750977"
"30382","0.1306108981370926","0.1306108981370926","0.1306108981370926"
"30384","0.13245300948619843","0.13245300948619843","0.13245300948619843"
"30390","0.1402229517698288","0.1402229517698288","0.1402229517698288"
"30395","0.06249507516622543","0.06249507516622543","0.06249507516622543"
"30401","0.09631328284740448","0.09631328284740448","0.09631328284740448"
"30402","0.14618787169456482","0.14618787169456482","0.14618787169456482"
"30410","0.1539040505886078","0.1539040505886078","0.1539040505886078"
"30414","0.12649120390415192","0.12649120390415192","0.12649120390415192"
"30418","0.13507384061813354","0.13507384061813354","0.13507384061813354"
"30428","0.09705942869186401","0.09705942869186401","0.09705942869186401"
"30437","0.1284620761871338","0.1284620761871338","0.1284620761871338"
"30452","0.08811680972576141","0.08811680972576141","0.08811680972576141"
"30456","0.10571126639842987","0.10571126639842987","0.10571126639842987"
"30457","0.20709416270256042","0.20709416270256042","0.20709416270256042"
"30459","0.06025048717856407","0.06025048717856407","0.06025048717856407"
"30462","0.13736891746520996","0.13736891746520996","0.13736891746520996"
"30469","0.13770151138305664","0.13770151138305664","0.13770151138305664"
"30477","0.10515037178993225","0.10515037178993225","0.10515037178993225"
"30479","0.17140096426010132","0.17140096426010132","0.17140096426010132"
"30480","0.11601229757070541","0.11601229757070541","0.11601229757070541"
"30492","0.1828342229127884","0.1828342229127884","0.1828342229127884"
"30493","0.16752924025058746","0.16752924025058746","0.16752924025058746"
"30494","0.17528283596038818","0.17528283596038818","0.17528283596038818"
"30501","0.11218813061714172","0.11218813061714172","0.11218813061714172"
"30504","0.09143736958503723","0.09143736958503723","0.09143736958503723"
"30507","0.12852419912815094","0.12852419912815094","0.12852419912815094"
"30511","0.10308925807476044","0.10308925807476044","0.10308925807476044"
"30515","0.1730009764432907","0.1730009764432907","0.1730009764432907"
"30519","0.08380427956581116","0.08380427956581116","0.08380427956581116"
"30523","0.15863052010536194","0.15863052010536194","0.15863052010536194"
"30530","0.13135182857513428","0.13135182857513428","0.13135182857513428"
"30533","0.13212573528289795","0.13212573528289795","0.13212573528289795"
"30535","0.11971239000558853","0.11971239000558853","0.11971239000558853"
"30536","0.12318947166204453","0.12318947166204453","0.12318947166204453"
"30553","0.08645958453416824","0.08645958453416824","0.08645958453416824"
"30558","0.09614403545856476","0.09614403545856476","0.09614403545856476"
"30563","0.07533028721809387","0.07533028721809387","0.07533028721809387"
"30565","0.1251499354839325","0.1251499354839325","0.1251499354839325"
"30568","0.1362663060426712","0.1362663060426712","0.1362663060426712"
"30573","0.15464895963668823","0.15464895963668823","0.15464895963668823"
"30575","0.09248264878988266","0.09248264878988266","0.09248264878988266"
"30580","0.10961790382862091","0.10961790382862091","0.10961790382862091"
"30582","0.14899243414402008","0.14899243414402008","0.14899243414402008"
"30583","0.10629836469888687","0.10629836469888687","0.10629836469888687"
"30586","0.16897901892662048","0.16897901892662048","0.16897901892662048"
"30591","0.123396135866642","0.123396135866642","0.123396135866642"
"30595","0.03647339344024658","0.03647339344024658","0.03647339344024658"
"30598","0.07193838059902191","0.07193838059902191","0.07193838059902191"
"30603","0.14273683726787567","0.14273683726787567","0.14273683726787567"
"30604","0.14900365471839905","0.14900365471839905","0.14900365471839905"
"30606","0.1322733759880066","0.1322733759880066","0.1322733759880066"
"30607","0.12360568344593048","0.12360568344593048","0.12360568344593048"
"30620","0.1037149578332901","0.1037149578332901","0.1037149578332901"
"30624","0.11950847506523132","0.11950847506523132","0.11950847506523132"
"30625","0.05548520013689995","0.05548520013689995","0.05548520013689995"
"30635","0.06973976641893387","0.06973976641893387","0.06973976641893387"
"30640","0.10083399713039398","0.10083399713039398","0.10083399713039398"
"30645","0.11586466431617737","0.11586466431617737","0.11586466431617737"
"30655","0.09965991973876953","0.09965991973876953","0.09965991973876953"
"30658","0.1302369236946106","0.1302369236946106","0.1302369236946106"
"30667","0.13496273756027222","0.13496273756027222","0.13496273756027222"
"30669","0.19766244292259216","0.19766244292259216","0.19766244292259216"
"30671","0.08537288010120392","0.08537288010120392","0.08537288010120392"
"30679","0.11213961243629456","0.11213961243629456","0.11213961243629456"
"30684","0.10045132040977478","0.10045132040977478","0.10045132040977478"
"30690","0.07584070414304733","0.07584070414304733","0.07584070414304733"
"30692","0.115950807929039","0.115950807929039","0.115950807929039"
"30693","0.08011890202760696","0.08011890202760696","0.08011890202760696"
"30698","0.17335501313209534","0.17335501313209534","0.17335501313209534"
"30699","0.10720764100551605","0.10720764100551605","0.10720764100551605"
"30704","0.14517493546009064","0.14517493546009064","0.14517493546009064"
"30705","0.05779016762971878","0.05779016762971878","0.05779016762971878"
"30711","0.06481360644102097","0.06481360644102097","0.06481360644102097"
"30715","0.08235667645931244","0.08235667645931244","0.08235667645931244"
"30718","0.09294500946998596","0.09294500946998596","0.09294500946998596"
"30720","0.0999424010515213","0.0999424010515213","0.0999424010515213"
"30721","0.10933515429496765","0.10933515429496765","0.10933515429496765"
"30725","0.1410699486732483","0.1410699486732483","0.1410699486732483"
"30727","0.11202973127365112","0.11202973127365112","0.11202973127365112"
"30744","0.13710451126098633","0.13710451126098633","0.13710451126098633"
"30746","0.08997288346290588","0.08997288346290588","0.08997288346290588"
"30751","0.07157064974308014","0.07157064974308014","0.07157064974308014"
"30753","0.09540802985429764","0.09540802985429764","0.09540802985429764"
"30755","0.1263301968574524","0.1263301968574524","0.1263301968574524"
"30759","0.08700993657112122","0.08700993657112122","0.08700993657112122"
"30760","0.07270976155996323","0.07270976155996323","0.07270976155996323"
"30761","0.13823795318603516","0.13823795318603516","0.13823795318603516"
"30773","0.09727562218904495","0.09727562218904495","0.09727562218904495"
"30779","0.05595635622739792","0.05595635622739792","0.05595635622739792"
"30780","0.049868397414684296","0.049868397414684296","0.049868397414684296"
"30788","0.14305588603019714","0.14305588603019714","0.14305588603019714"
"30789","0.06359332799911499","0.06359332799911499","0.06359332799911499"
"30793","0.15602359175682068","0.15602359175682068","0.15602359175682068"
"30798","0.07245048880577087","0.07245048880577087","0.07245048880577087"
"30803","0.08898180723190308","0.08898180723190308","0.08898180723190308"
"30806","0.1080038845539093","0.1080038845539093","0.1080038845539093"
"30807","0.1332632601261139","0.1332632601261139","0.1332632601261139"
"30814","0.07721690833568573","0.07721690833568573","0.07721690833568573"
"30816","0.15525394678115845","0.15525394678115845","0.15525394678115845"
"30819","0.08069092035293579","0.08069092035293579","0.08069092035293579"
"30820","0.06719562411308289","0.06719562411308289","0.06719562411308289"
"30826","0.1379033625125885","0.1379033625125885","0.1379033625125885"
"30827","0.1331450194120407","0.1331450194120407","0.1331450194120407"
"30830","0.12869611382484436","0.12869611382484436","0.12869611382484436"
"30832","0.1328091323375702","0.1328091323375702","0.1328091323375702"
"30833","0.07067277282476425","0.07067277282476425","0.07067277282476425"
"30834","0.15970896184444427","0.15970896184444427","0.15970896184444427"
"30836","0.16806980967521667","0.16806980967521667","0.16806980967521667"
"30838","0.1698732078075409","0.1698732078075409","0.1698732078075409"
"30840","0.08394917845726013","0.08394917845726013","0.08394917845726013"
"30842","0.16232573986053467","0.16232573986053467","0.16232573986053467"
"30843","0.10636898130178452","0.10636898130178452","0.10636898130178452"
"30846","0.1254846751689911","0.1254846751689911","0.1254846751689911"
"30848","0.11003012955188751","0.11003012955188751","0.11003012955188751"
"30850","0.12931673228740692","0.12931673228740692","0.12931673228740692"
"30853","0.1036766916513443","0.1036766916513443","0.1036766916513443"
"30866","0.1275397688150406","0.1275397688150406","0.1275397688150406"
"30869","0.05492604896426201","0.05492604896426201","0.05492604896426201"
"30870","0.16516150534152985","0.16516150534152985","0.16516150534152985"
"30871","0.06410415470600128","0.06410415470600128","0.06410415470600128"
"30873","0.09806721657514572","0.09806721657514572","0.09806721657514572"
"30876","0.14492356777191162","0.14492356777191162","0.14492356777191162"
"30878","0.10778218507766724","0.10778218507766724","0.10778218507766724"
"30880","0.13670215010643005","0.13670215010643005","0.13670215010643005"
"30881","0.08973465114831924","0.08973465114831924","0.08973465114831924"
"30884","0.098665751516819","0.098665751516819","0.098665751516819"
"30886","0.1981738805770874","0.1981738805770874","0.1981738805770874"
"30888","0.09281322360038757","0.09281322360038757","0.09281322360038757"
"30894","0.12019133567810059","0.12019133567810059","0.12019133567810059"
"30896","0.11430150270462036","0.11430150270462036","0.11430150270462036"
"30898","0.08976150304079056","0.08976150304079056","0.08976150304079056"
"30900","0.1839359998703003","0.1839359998703003","0.1839359998703003"
"30907","0.05205444246530533","0.05205444246530533","0.05205444246530533"
"30915","0.08796124160289764","0.08796124160289764","0.08796124160289764"
"30916","0.1226523146033287","0.1226523146033287","0.1226523146033287"
"30918","0.07595819234848022","0.07595819234848022","0.07595819234848022"
"30922","0.14410677552223206","0.14410677552223206","0.14410677552223206"
"30928","0.09621632099151611","0.09621632099151611","0.09621632099151611"
"30929","0.092413529753685","0.092413529753685","0.092413529753685"
"30937","0.09898823499679565","0.09898823499679565","0.09898823499679565"
"30962","0.12183666229248047","0.12183666229248047","0.12183666229248047"
"30972","0.18534161150455475","0.18534161150455475","0.18534161150455475"
"30980","0.11779949069023132","0.11779949069023132","0.11779949069023132"
"30987","0.0612078532576561","0.0612078532576561","0.0612078532576561"
"30989","0.12131942808628082","0.12131942808628082","0.12131942808628082"
"30990","0.06367995589971542","0.06367995589971542","0.06367995589971542"
"30992","0.1324729025363922","0.1324729025363922","0.1324729025363922"
"30995","0.1599968671798706","0.1599968671798706","0.1599968671798706"
"30996","0.14822730422019958","0.14822730422019958","0.14822730422019958"
"31003","0.07523398101329803","0.07523398101329803","0.07523398101329803"
"31006","0.14412274956703186","0.14412274956703186","0.14412274956703186"
"31007","0.10070392489433289","0.10070392489433289","0.10070392489433289"
"31017","0.064772829413414","0.064772829413414","0.064772829413414"
"31019","0.19321505725383759","0.19321505725383759","0.19321505725383759"
"31023","0.13647602498531342","0.13647602498531342","0.13647602498531342"
"31025","0.1509375274181366","0.1509375274181366","0.1509375274181366"
"31028","0.13097171485424042","0.13097171485424042","0.13097171485424042"
"31038","0.10862760245800018","0.10862760245800018","0.10862760245800018"
"31053","0.12637221813201904","0.12637221813201904","0.12637221813201904"
"31058","0.06669028103351593","0.06669028103351593","0.06669028103351593"
"31067","0.0966382697224617","0.0966382697224617","0.0966382697224617"
"31068","0.11631623655557632","0.11631623655557632","0.11631623655557632"
"31070","0.12838640809059143","0.12838640809059143","0.12838640809059143"
"31079","0.11960159987211227","0.11960159987211227","0.11960159987211227"
"31081","0.11444971710443497","0.11444971710443497","0.11444971710443497"
"31083","0.10409077256917953","0.10409077256917953","0.10409077256917953"
"31089","0.08584791421890259","0.08584791421890259","0.08584791421890259"
"31090","0.083040751516819","0.083040751516819","0.083040751516819"
"31091","0.1344783455133438","0.1344783455133438","0.1344783455133438"
"31098","0.10542069375514984","0.10542069375514984","0.10542069375514984"
"31100","0.1195872575044632","0.1195872575044632","0.1195872575044632"
"31102","0.07033908367156982","0.07033908367156982","0.07033908367156982"
"31109","0.11035127937793732","0.11035127937793732","0.11035127937793732"
"31110","0.12449133396148682","0.12449133396148682","0.12449133396148682"
"31126","0.09413190931081772","0.09413190931081772","0.09413190931081772"
"31127","0.11688753217458725","0.11688753217458725","0.11688753217458725"
"31131","0.07782918214797974","0.07782918214797974","0.07782918214797974"
"31135","0.17810487747192383","0.17810487747192383","0.17810487747192383"
"31139","0.13760735094547272","0.13760735094547272","0.13760735094547272"
"31141","0.1250857561826706","0.1250857561826706","0.1250857561826706"
"31142","0.1174452006816864","0.1174452006816864","0.1174452006816864"
"31146","0.046593572944402695","0.046593572944402695","0.046593572944402695"
"31147","0.13908423483371735","0.13908423483371735","0.13908423483371735"
"31148","0.13920839130878448","0.13920839130878448","0.13920839130878448"
"31153","0.1389254629611969","0.1389254629611969","0.1389254629611969"
"31159","0.13698101043701172","0.13698101043701172","0.13698101043701172"
"31163","0.1126897856593132","0.1126897856593132","0.1126897856593132"
"31166","0.11950615048408508","0.11950615048408508","0.11950615048408508"
"31167","0.10282589495182037","0.10282589495182037","0.10282589495182037"
"31172","0.1509672850370407","0.1509672850370407","0.1509672850370407"
"31182","0.08111497759819031","0.08111497759819031","0.08111497759819031"
"31188","0.13956089317798615","0.13956089317798615","0.13956089317798615"
"31192","0.07807949185371399","0.07807949185371399","0.07807949185371399"
"31193","0.08062911033630371","0.08062911033630371","0.08062911033630371"
"31200","0.07254044711589813","0.07254044711589813","0.07254044711589813"
"31215","0.13243989646434784","0.13243989646434784","0.13243989646434784"
"31219","0.13227806985378265","0.13227806985378265","0.13227806985378265"
"31220","0.08956177532672882","0.08956177532672882","0.08956177532672882"
"31221","0.05021606385707855","0.05021606385707855","0.05021606385707855"
"31236","0.12449044734239578","0.12449044734239578","0.12449044734239578"
"31243","0.11526702344417572","0.11526702344417572","0.11526702344417572"
"31245","0.08653118461370468","0.08653118461370468","0.08653118461370468"
"31250","0.14275124669075012","0.14275124669075012","0.14275124669075012"
"31253","0.10812114924192429","0.10812114924192429","0.10812114924192429"
"31256","0.18394380807876587","0.18394380807876587","0.18394380807876587"
"31259","0.10770376026630402","0.10770376026630402","0.10770376026630402"
"31260","0.08564528822898865","0.08564528822898865","0.08564528822898865"
"31264","0.13732191920280457","0.13732191920280457","0.13732191920280457"
"31280","0.14878492057323456","0.14878492057323456","0.14878492057323456"
"31283","0.13539989292621613","0.13539989292621613","0.13539989292621613"
"31287","0.145244762301445","0.145244762301445","0.145244762301445"
"31294","0.12127092480659485","0.12127092480659485","0.12127092480659485"
"31296","0.10497426986694336","0.10497426986694336","0.10497426986694336"
"31297","0.056283239275217056","0.056283239275217056","0.056283239275217056"
"31301","0.05397263541817665","0.05397263541817665","0.05397263541817665"
"31303","0.17583772540092468","0.17583772540092468","0.17583772540092468"
"31306","0.1377142071723938","0.1377142071723938","0.1377142071723938"
"31311","0.06407442688941956","0.06407442688941956","0.06407442688941956"
"31315","0.17131128907203674","0.17131128907203674","0.17131128907203674"
"31324","0.21103426814079285","0.21103426814079285","0.21103426814079285"
"31334","0.1124304011464119","0.1124304011464119","0.1124304011464119"
"31346","0.07418002188205719","0.07418002188205719","0.07418002188205719"
"31347","0.0833854228258133","0.0833854228258133","0.0833854228258133"
"31350","0.23426681756973267","0.23426681756973267","0.23426681756973267"
"31351","0.1487487256526947","0.1487487256526947","0.1487487256526947"
"31360","0.14156335592269897","0.14156335592269897","0.14156335592269897"
"31366","0.15018069744110107","0.15018069744110107","0.15018069744110107"
"31379","0.09473593533039093","0.09473593533039093","0.09473593533039093"
"31387","0.06384597718715668","0.06384597718715668","0.06384597718715668"
"31390","0.1528741419315338","0.1528741419315338","0.1528741419315338"
"31397","0.1691713035106659","0.1691713035106659","0.1691713035106659"
"31399","0.05487730726599693","0.05487730726599693","0.05487730726599693"
"31403","0.06970764696598053","0.06970764696598053","0.06970764696598053"
"31404","0.13506712019443512","0.13506712019443512","0.13506712019443512"
"31405","0.1278737336397171","0.1278737336397171","0.1278737336397171"
"31409","0.12251544743776321","0.12251544743776321","0.12251544743776321"
"31410","0.11649106442928314","0.11649106442928314","0.11649106442928314"
"31415","0.08076738566160202","0.08076738566160202","0.08076738566160202"
"31417","0.1170685663819313","0.1170685663819313","0.1170685663819313"
"31418","0.0691143274307251","0.0691143274307251","0.0691143274307251"
"31420","0.08264502882957458","0.08264502882957458","0.08264502882957458"
"31427","0.13763554394245148","0.13763554394245148","0.13763554394245148"
"31430","0.15238657593727112","0.15238657593727112","0.15238657593727112"
"31438","0.1294167935848236","0.1294167935848236","0.1294167935848236"
"31447","0.07786550372838974","0.07786550372838974","0.07786550372838974"
"31454","0.1081022098660469","0.1081022098660469","0.1081022098660469"
"31460","0.13949742913246155","0.13949742913246155","0.13949742913246155"
"31468","0.15694406628608704","0.15694406628608704","0.15694406628608704"
"31469","0.1065860167145729","0.1065860167145729","0.1065860167145729"
"31472","0.12178348749876022","0.12178348749876022","0.12178348749876022"
"31490","0.18591295182704926","0.18591295182704926","0.18591295182704926"
"31495","0.1257224678993225","0.1257224678993225","0.1257224678993225"
"31500","0.12302654981613159","0.12302654981613159","0.12302654981613159"
"31501","0.17033499479293823","0.17033499479293823","0.17033499479293823"
"31505","0.1786685585975647","0.1786685585975647","0.1786685585975647"
"31507","0.0805828794836998","0.0805828794836998","0.0805828794836998"
"31509","0.10295997560024261","0.10295997560024261","0.10295997560024261"
"31510","0.08173784613609314","0.08173784613609314","0.08173784613609314"
"31517","0.16261574625968933","0.16261574625968933","0.16261574625968933"
"31522","0.17064285278320312","0.17064285278320312","0.17064285278320312"
"31525","0.13256144523620605","0.13256144523620605","0.13256144523620605"
"31531","0.10638043284416199","0.10638043284416199","0.10638043284416199"
"31534","0.16536268591880798","0.16536268591880798","0.16536268591880798"
"31540","0.06851397454738617","0.06851397454738617","0.06851397454738617"
"31542","0.10197604447603226","0.10197604447603226","0.10197604447603226"
"31547","0.166033536195755","0.166033536195755","0.166033536195755"
"31551","0.06634615361690521","0.06634615361690521","0.06634615361690521"
"31559","0.17270925641059875","0.17270925641059875","0.17270925641059875"
"31561","0.06022389978170395","0.06022389978170395","0.06022389978170395"
"31567","0.10653543472290039","0.10653543472290039","0.10653543472290039"
"31577","0.22627729177474976","0.22627729177474976","0.22627729177474976"
"31579","0.16294851899147034","0.16294851899147034","0.16294851899147034"
"31580","0.14833229780197144","0.14833229780197144","0.14833229780197144"
"31581","0.1579282283782959","0.1579282283782959","0.1579282283782959"
"31584","0.1458546221256256","0.1458546221256256","0.1458546221256256"
"31599","0.13523171842098236","0.13523171842098236","0.13523171842098236"
"31603","0.07446679472923279","0.07446679472923279","0.07446679472923279"
"31614","0.1140487939119339","0.1140487939119339","0.1140487939119339"
"31615","0.1090913936495781","0.1090913936495781","0.1090913936495781"
"31627","0.08543622493743896","0.08543622493743896","0.08543622493743896"
"31629","0.09843192249536514","0.09843192249536514","0.09843192249536514"
"31630","0.11895272135734558","0.11895272135734558","0.11895272135734558"
"31634","0.07104279845952988","0.07104279845952988","0.07104279845952988"
"31637","0.06579513102769852","0.06579513102769852","0.06579513102769852"
"31641","0.1422070562839508","0.1422070562839508","0.1422070562839508"
"31644","0.09223812818527222","0.09223812818527222","0.09223812818527222"
"31648","0.10269302874803543","0.10269302874803543","0.10269302874803543"
"31658","0.09551786631345749","0.09551786631345749","0.09551786631345749"
"31663","0.14916503429412842","0.14916503429412842","0.14916503429412842"
"31672","0.13221071660518646","0.13221071660518646","0.13221071660518646"
"31681","0.09281155467033386","0.09281155467033386","0.09281155467033386"
"31689","0.14192447066307068","0.14192447066307068","0.14192447066307068"
"31693","0.09382130950689316","0.09382130950689316","0.09382130950689316"
"31699","0.1700112223625183","0.1700112223625183","0.1700112223625183"
"31701","0.11806342005729675","0.11806342005729675","0.11806342005729675"
"31705","0.15357054769992828","0.15357054769992828","0.15357054769992828"
"31711","0.11437401175498962","0.11437401175498962","0.11437401175498962"
"31719","0.06509025394916534","0.06509025394916534","0.06509025394916534"
"31725","0.16815799474716187","0.16815799474716187","0.16815799474716187"
"31726","0.07706530392169952","0.07706530392169952","0.07706530392169952"
"31728","0.08484819531440735","0.08484819531440735","0.08484819531440735"
"31730","0.12438014149665833","0.12438014149665833","0.12438014149665833"
"31734","0.12212218344211578","0.12212218344211578","0.12212218344211578"
"31735","0.1500736027956009","0.1500736027956009","0.1500736027956009"
"31736","0.0800439715385437","0.0800439715385437","0.0800439715385437"
"31737","0.10176001489162445","0.10176001489162445","0.10176001489162445"
"31739","0.07976582646369934","0.07976582646369934","0.07976582646369934"
"31743","0.15739022195339203","0.15739022195339203","0.15739022195339203"
"31744","0.10531096160411835","0.10531096160411835","0.10531096160411835"
"31749","0.09896337240934372","0.09896337240934372","0.09896337240934372"
"31751","0.15663929283618927","0.15663929283618927","0.15663929283618927"
"31753","0.08708882331848145","0.08708882331848145","0.08708882331848145"
"31757","0.11490695178508759","0.11490695178508759","0.11490695178508759"
"31768","0.05556917190551758","0.05556917190551758","0.05556917190551758"
"31770","0.13155075907707214","0.13155075907707214","0.13155075907707214"
"31772","0.11407983303070068","0.11407983303070068","0.11407983303070068"
"31774","0.09550533443689346","0.09550533443689346","0.09550533443689346"
"31775","0.07545721530914307","0.07545721530914307","0.07545721530914307"
"31778","0.09151360392570496","0.09151360392570496","0.09151360392570496"
"31780","0.09718211740255356","0.09718211740255356","0.09718211740255356"
"31785","0.18435038626194","0.18435038626194","0.18435038626194"
"31787","0.2290545403957367","0.2290545403957367","0.2290545403957367"
"31788","0.08950449526309967","0.08950449526309967","0.08950449526309967"
"31790","0.1182100847363472","0.1182100847363472","0.1182100847363472"
"31796","0.09308478236198425","0.09308478236198425","0.09308478236198425"
"31797","0.07666381448507309","0.07666381448507309","0.07666381448507309"
"31798","0.13368622958660126","0.13368622958660126","0.13368622958660126"
"31800","0.12129386514425278","0.12129386514425278","0.12129386514425278"
"31803","0.11340323835611343","0.11340323835611343","0.11340323835611343"
"31804","0.14401203393936157","0.14401203393936157","0.14401203393936157"
"31810","0.15402542054653168","0.15402542054653168","0.15402542054653168"
"31820","0.12082528322935104","0.12082528322935104","0.12082528322935104"
"31831","0.13656479120254517","0.13656479120254517","0.13656479120254517"
"31832","0.08990747481584549","0.08990747481584549","0.08990747481584549"
"31833","0.13317260146141052","0.13317260146141052","0.13317260146141052"
"31839","0.10399805009365082","0.10399805009365082","0.10399805009365082"
"31843","0.1620672345161438","0.1620672345161438","0.1620672345161438"
"31844","0.06433288007974625","0.06433288007974625","0.06433288007974625"
"31845","0.1651613414287567","0.1651613414287567","0.1651613414287567"
"31846","0.10186952352523804","0.10186952352523804","0.10186952352523804"
"31852","0.10596584528684616","0.10596584528684616","0.10596584528684616"
"31860","0.11187958717346191","0.11187958717346191","0.11187958717346191"
"31863","0.15394479036331177","0.15394479036331177","0.15394479036331177"
"31865","0.08680666238069534","0.08680666238069534","0.08680666238069534"
"31867","0.1253235936164856","0.1253235936164856","0.1253235936164856"
"31870","0.12119192630052567","0.12119192630052567","0.12119192630052567"
"31874","0.11436844617128372","0.11436844617128372","0.11436844617128372"
"31877","0.08151168376207352","0.08151168376207352","0.08151168376207352"
"31886","0.0632438212633133","0.0632438212633133","0.0632438212633133"
"31889","0.09783533960580826","0.09783533960580826","0.09783533960580826"
"31890","0.1886155605316162","0.1886155605316162","0.1886155605316162"
"31891","0.16071966290473938","0.16071966290473938","0.16071966290473938"
"31896","0.06221270561218262","0.06221270561218262","0.06221270561218262"
"31902","0.09823545813560486","0.09823545813560486","0.09823545813560486"
"31904","0.06800384819507599","0.06800384819507599","0.06800384819507599"
"31905","0.12563884258270264","0.12563884258270264","0.12563884258270264"
"31913","0.12635646760463715","0.12635646760463715","0.12635646760463715"
"31916","0.0593336820602417","0.0593336820602417","0.0593336820602417"
"31918","0.14852489531040192","0.14852489531040192","0.14852489531040192"
"31920","0.07057495415210724","0.07057495415210724","0.07057495415210724"
"31924","0.11655803769826889","0.11655803769826889","0.11655803769826889"
"31929","0.14068514108657837","0.14068514108657837","0.14068514108657837"
"31930","0.17057856917381287","0.17057856917381287","0.17057856917381287"
"31932","0.0966518372297287","0.0966518372297287","0.0966518372297287"
"31933","0.10694922506809235","0.10694922506809235","0.10694922506809235"
"31935","0.16336028277873993","0.16336028277873993","0.16336028277873993"
"31943","0.08332551270723343","0.08332551270723343","0.08332551270723343"
"31950","0.07208036631345749","0.07208036631345749","0.07208036631345749"
"31953","0.07835189998149872","0.07835189998149872","0.07835189998149872"
"31958","0.11789828538894653","0.11789828538894653","0.11789828538894653"
"31959","0.05852264165878296","0.05852264165878296","0.05852264165878296"
"31963","0.16981184482574463","0.16981184482574463","0.16981184482574463"
"31964","0.05796070396900177","0.05796070396900177","0.05796070396900177"
"31966","0.1650988906621933","0.1650988906621933","0.1650988906621933"
"31969","0.06366276741027832","0.06366276741027832","0.06366276741027832"
"31971","0.1482371687889099","0.1482371687889099","0.1482371687889099"
"31972","0.06581827998161316","0.06581827998161316","0.06581827998161316"
"31975","0.1326708048582077","0.1326708048582077","0.1326708048582077"
"31979","0.1487150490283966","0.1487150490283966","0.1487150490283966"
"31983","0.07605873793363571","0.07605873793363571","0.07605873793363571"
"31986","0.07601812481880188","0.07601812481880188","0.07601812481880188"
"31990","0.08137889951467514","0.08137889951467514","0.08137889951467514"
"31998","0.09162474423646927","0.09162474423646927","0.09162474423646927"
"31999","0.07948236167430878","0.07948236167430878","0.07948236167430878"
"32002","0.14512376487255096","0.14512376487255096","0.14512376487255096"
"32017","0.14431969821453094","0.14431969821453094","0.14431969821453094"
"32022","0.10349129140377045","0.10349129140377045","0.10349129140377045"
"32024","0.1294763833284378","0.1294763833284378","0.1294763833284378"
"32028","0.07117266952991486","0.07117266952991486","0.07117266952991486"
"32035","0.11855758726596832","0.11855758726596832","0.11855758726596832"
"32036","0.11724917590618134","0.11724917590618134","0.11724917590618134"
"32039","0.14144350588321686","0.14144350588321686","0.14144350588321686"
"32041","0.12023234367370605","0.12023234367370605","0.12023234367370605"
"32043","0.14743594825267792","0.14743594825267792","0.14743594825267792"
"32047","0.11402886360883713","0.11402886360883713","0.11402886360883713"
"32049","0.1639651358127594","0.1639651358127594","0.1639651358127594"
"32052","0.07796479761600494","0.07796479761600494","0.07796479761600494"
"32054","0.06214311718940735","0.06214311718940735","0.06214311718940735"
"32055","0.08698377013206482","0.08698377013206482","0.08698377013206482"
"32057","0.1590331792831421","0.1590331792831421","0.1590331792831421"
"32067","0.17192715406417847","0.17192715406417847","0.17192715406417847"
"32068","0.06830400228500366","0.06830400228500366","0.06830400228500366"
"32069","0.05773259699344635","0.05773259699344635","0.05773259699344635"
"32072","0.0883246660232544","0.0883246660232544","0.0883246660232544"
"32081","0.1619299352169037","0.1619299352169037","0.1619299352169037"
"32082","0.1487780213356018","0.1487780213356018","0.1487780213356018"
"32083","0.15225720405578613","0.15225720405578613","0.15225720405578613"
"32087","0.0662655308842659","0.0662655308842659","0.0662655308842659"
"32091","0.060719072818756104","0.060719072818756104","0.060719072818756104"
"32103","0.09036990255117416","0.09036990255117416","0.09036990255117416"
"32107","0.12449993193149567","0.12449993193149567","0.12449993193149567"
"32108","0.06344451010227203","0.06344451010227203","0.06344451010227203"
"32121","0.11808671057224274","0.11808671057224274","0.11808671057224274"
"32123","0.07305070757865906","0.07305070757865906","0.07305070757865906"
"32126","0.11967703700065613","0.11967703700065613","0.11967703700065613"
"32127","0.11404292285442352","0.11404292285442352","0.11404292285442352"
"32137","0.1436808705329895","0.1436808705329895","0.1436808705329895"
"32138","0.07585525512695312","0.07585525512695312","0.07585525512695312"
"32140","0.2527441382408142","0.2527441382408142","0.2527441382408142"
"32141","0.17637497186660767","0.17637497186660767","0.17637497186660767"
"32150","0.14461073279380798","0.14461073279380798","0.14461073279380798"
"32159","0.20526376366615295","0.20526376366615295","0.20526376366615295"
"32160","0.10391842573881149","0.10391842573881149","0.10391842573881149"
"32168","0.1587812602519989","0.1587812602519989","0.1587812602519989"
"32176","0.14529648423194885","0.14529648423194885","0.14529648423194885"
"32180","0.0858946442604065","0.0858946442604065","0.0858946442604065"
"32183","0.07797033339738846","0.07797033339738846","0.07797033339738846"
"32188","0.09939519315958023","0.09939519315958023","0.09939519315958023"
"32192","0.15616077184677124","0.15616077184677124","0.15616077184677124"
"32201","0.10385847836732864","0.10385847836732864","0.10385847836732864"
"32203","0.06847209483385086","0.06847209483385086","0.06847209483385086"
"32204","0.1514217108488083","0.1514217108488083","0.1514217108488083"
"32208","0.12025313079357147","0.12025313079357147","0.12025313079357147"
"32211","0.16466516256332397","0.16466516256332397","0.16466516256332397"
"32217","0.07002393901348114","0.07002393901348114","0.07002393901348114"
"32232","0.14813005924224854","0.14813005924224854","0.14813005924224854"
"32248","0.1661597639322281","0.1661597639322281","0.1661597639322281"
"32250","0.14149601757526398","0.14149601757526398","0.14149601757526398"
"32253","0.10199125111103058","0.10199125111103058","0.10199125111103058"
"32264","0.1387939155101776","0.1387939155101776","0.1387939155101776"
"32267","0.1011534184217453","0.1011534184217453","0.1011534184217453"
"32274","0.13189572095870972","0.13189572095870972","0.13189572095870972"
"32284","0.16510465741157532","0.16510465741157532","0.16510465741157532"
"32285","0.17302760481834412","0.17302760481834412","0.17302760481834412"
"32286","0.09120966494083405","0.09120966494083405","0.09120966494083405"
"32296","0.15011519193649292","0.15011519193649292","0.15011519193649292"
"32298","0.14227281510829926","0.14227281510829926","0.14227281510829926"
"32302","0.1398133486509323","0.1398133486509323","0.1398133486509323"
"32303","0.11043857038021088","0.11043857038021088","0.11043857038021088"
"32309","0.09563390165567398","0.09563390165567398","0.09563390165567398"
"32315","0.10081803798675537","0.10081803798675537","0.10081803798675537"
"32317","0.07299141585826874","0.07299141585826874","0.07299141585826874"
"32323","0.0868128091096878","0.0868128091096878","0.0868128091096878"
"32326","0.10433901101350784","0.10433901101350784","0.10433901101350784"
"32329","0.07043415307998657","0.07043415307998657","0.07043415307998657"
"32330","0.12950529158115387","0.12950529158115387","0.12950529158115387"
"32332","0.08174771070480347","0.08174771070480347","0.08174771070480347"
"32333","0.13489899039268494","0.13489899039268494","0.13489899039268494"
"32337","0.08756134659051895","0.08756134659051895","0.08756134659051895"
"32340","0.08198191970586777","0.08198191970586777","0.08198191970586777"
"32349","0.148840993642807","0.148840993642807","0.148840993642807"
"32351","0.03634263575077057","0.03634263575077057","0.03634263575077057"
"32358","0.16664426028728485","0.16664426028728485","0.16664426028728485"
"32362","0.07803016155958176","0.07803016155958176","0.07803016155958176"
"32371","0.16549544036388397","0.16549544036388397","0.16549544036388397"
"32379","0.09547469019889832","0.09547469019889832","0.09547469019889832"
"32388","0.10747198760509491","0.10747198760509491","0.10747198760509491"
"32390","0.1443060338497162","0.1443060338497162","0.1443060338497162"
"32394","0.1125183254480362","0.1125183254480362","0.1125183254480362"
"32399","0.12783339619636536","0.12783339619636536","0.12783339619636536"
"32411","0.10430128872394562","0.10430128872394562","0.10430128872394562"
"32412","0.1347939670085907","0.1347939670085907","0.1347939670085907"
"32413","0.13649702072143555","0.13649702072143555","0.13649702072143555"
"32415","0.10725097358226776","0.10725097358226776","0.10725097358226776"
"32428","0.16772931814193726","0.16772931814193726","0.16772931814193726"
"32431","0.19339913129806519","0.19339913129806519","0.19339913129806519"
"32433","0.052818916738033295","0.052818916738033295","0.052818916738033295"
"32436","0.10267803817987442","0.10267803817987442","0.10267803817987442"
"32437","0.12719744443893433","0.12719744443893433","0.12719744443893433"
"32438","0.13466602563858032","0.13466602563858032","0.13466602563858032"
"32453","0.1592516303062439","0.1592516303062439","0.1592516303062439"
"32456","0.07969565689563751","0.07969565689563751","0.07969565689563751"
"32460","0.16625642776489258","0.16625642776489258","0.16625642776489258"
"32466","0.07470561563968658","0.07470561563968658","0.07470561563968658"
"32467","0.12149599939584732","0.12149599939584732","0.12149599939584732"
"32470","0.09200213104486465","0.09200213104486465","0.09200213104486465"
"32471","0.20032858848571777","0.20032858848571777","0.20032858848571777"
"32474","0.08117111027240753","0.08117111027240753","0.08117111027240753"
"32493","0.08263274282217026","0.08263274282217026","0.08263274282217026"
"32494","0.10313857346773148","0.10313857346773148","0.10313857346773148"
"32496","0.07996067404747009","0.07996067404747009","0.07996067404747009"
"32499","0.09336265176534653","0.09336265176534653","0.09336265176534653"
"32501","0.11487110704183578","0.11487110704183578","0.11487110704183578"
"32502","0.174704909324646","0.174704909324646","0.174704909324646"
"32511","0.10803910344839096","0.10803910344839096","0.10803910344839096"
"32513","0.10674905776977539","0.10674905776977539","0.10674905776977539"
"32514","0.11035573482513428","0.11035573482513428","0.11035573482513428"
"32515","0.07699725031852722","0.07699725031852722","0.07699725031852722"
"32521","0.13004246354103088","0.13004246354103088","0.13004246354103088"
"32528","0.10811780393123627","0.10811780393123627","0.10811780393123627"
"32530","0.08364515006542206","0.08364515006542206","0.08364515006542206"
"32531","0.14777961373329163","0.14777961373329163","0.14777961373329163"
"32535","0.053248319774866104","0.053248319774866104","0.053248319774866104"
"32540","0.10075527429580688","0.10075527429580688","0.10075527429580688"
"32552","0.09092162549495697","0.09092162549495697","0.09092162549495697"
"32559","0.08395609259605408","0.08395609259605408","0.08395609259605408"
"32566","0.12185610830783844","0.12185610830783844","0.12185610830783844"
"32571","0.062350932508707047","0.062350932508707047","0.062350932508707047"
"32572","0.15971039235591888","0.15971039235591888","0.15971039235591888"
"32573","0.08044407516717911","0.08044407516717911","0.08044407516717911"
"32574","0.06383471935987473","0.06383471935987473","0.06383471935987473"
"32576","0.07179109007120132","0.07179109007120132","0.07179109007120132"
"32579","0.10694189369678497","0.10694189369678497","0.10694189369678497"
"32586","0.08995552361011505","0.08995552361011505","0.08995552361011505"
"32587","0.11356103420257568","0.11356103420257568","0.11356103420257568"
"32590","0.15905404090881348","0.15905404090881348","0.15905404090881348"
"32593","0.11646141856908798","0.11646141856908798","0.11646141856908798"
"32603","0.09652579575777054","0.09652579575777054","0.09652579575777054"
"32605","0.16689954698085785","0.16689954698085785","0.16689954698085785"
"32613","0.12457292526960373","0.12457292526960373","0.12457292526960373"
"32614","0.1397319734096527","0.1397319734096527","0.1397319734096527"
"32628","0.08017260581254959","0.08017260581254959","0.08017260581254959"
"32633","0.1194426417350769","0.1194426417350769","0.1194426417350769"
"32636","0.12661214172840118","0.12661214172840118","0.12661214172840118"
"32639","0.06324703246355057","0.06324703246355057","0.06324703246355057"
"32641","0.10797683894634247","0.10797683894634247","0.10797683894634247"
"32642","0.09174202382564545","0.09174202382564545","0.09174202382564545"
"32651","0.058454737067222595","0.058454737067222595","0.058454737067222595"
"32659","0.13699236512184143","0.13699236512184143","0.13699236512184143"
"32665","0.23725491762161255","0.23725491762161255","0.23725491762161255"
"32666","0.1767158955335617","0.1767158955335617","0.1767158955335617"
"32672","0.1326504349708557","0.1326504349708557","0.1326504349708557"
"32676","0.13687579333782196","0.13687579333782196","0.13687579333782196"
"32678","0.14529243111610413","0.14529243111610413","0.14529243111610413"
"32680","0.10989770293235779","0.10989770293235779","0.10989770293235779"
"32691","0.08041571825742722","0.08041571825742722","0.08041571825742722"
"32693","0.11628285050392151","0.11628285050392151","0.11628285050392151"
"32694","0.07873126864433289","0.07873126864433289","0.07873126864433289"
"32696","0.05146493390202522","0.05146493390202522","0.05146493390202522"
"32698","0.13131186366081238","0.13131186366081238","0.13131186366081238"
"32703","0.06449850648641586","0.06449850648641586","0.06449850648641586"
"32716","0.17827412486076355","0.17827412486076355","0.17827412486076355"
"32723","0.13911394774913788","0.13911394774913788","0.13911394774913788"
"32726","0.13077598810195923","0.13077598810195923","0.13077598810195923"
"32727","0.08356714248657227","0.08356714248657227","0.08356714248657227"
"32740","0.21482333540916443","0.21482333540916443","0.21482333540916443"
"32741","0.0986870527267456","0.0986870527267456","0.0986870527267456"
"32744","0.0888126939535141","0.0888126939535141","0.0888126939535141"
"32746","0.18713757395744324","0.18713757395744324","0.18713757395744324"
"32747","0.0898900181055069","0.0898900181055069","0.0898900181055069"
"32749","0.08695803582668304","0.08695803582668304","0.08695803582668304"
"32750","0.1365087330341339","0.1365087330341339","0.1365087330341339"
"32752","0.10071690380573273","0.10071690380573273","0.10071690380573273"
"32766","0.1495310664176941","0.1495310664176941","0.1495310664176941"
"32771","0.1036490648984909","0.1036490648984909","0.1036490648984909"
"32772","0.10181516408920288","0.10181516408920288","0.10181516408920288"
"32780","0.10561776161193848","0.10561776161193848","0.10561776161193848"
"32795","0.14450791478157043","0.14450791478157043","0.14450791478157043"
"32796","0.10673975199460983","0.10673975199460983","0.10673975199460983"
"32797","0.17459502816200256","0.17459502816200256","0.17459502816200256"
"32804","0.09775646030902863","0.09775646030902863","0.09775646030902863"
"32806","0.1318351924419403","0.1318351924419403","0.1318351924419403"
"32814","0.10840202867984772","0.10840202867984772","0.10840202867984772"
"32822","0.09561041742563248","0.09561041742563248","0.09561041742563248"
"32823","0.11543383449316025","0.11543383449316025","0.11543383449316025"
"32827","0.05569794774055481","0.05569794774055481","0.05569794774055481"
"32833","0.17598164081573486","0.17598164081573486","0.17598164081573486"
"32838","0.09069669246673584","0.09069669246673584","0.09069669246673584"
"32839","0.15931934118270874","0.15931934118270874","0.15931934118270874"
"32843","0.15352806448936462","0.15352806448936462","0.15352806448936462"
"32845","0.18993526697158813","0.18993526697158813","0.18993526697158813"
"32850","0.075081467628479","0.075081467628479","0.075081467628479"
"32852","0.17506609857082367","0.17506609857082367","0.17506609857082367"
"32865","0.11129438877105713","0.11129438877105713","0.11129438877105713"
"32867","0.09249365329742432","0.09249365329742432","0.09249365329742432"
"32869","0.13361036777496338","0.13361036777496338","0.13361036777496338"
"32875","0.0630389004945755","0.0630389004945755","0.0630389004945755"
"32878","0.10050277411937714","0.10050277411937714","0.10050277411937714"
"32880","0.08776013553142548","0.08776013553142548","0.08776013553142548"
"32882","0.09656265377998352","0.09656265377998352","0.09656265377998352"
"32883","0.1029646098613739","0.1029646098613739","0.1029646098613739"
"32893","0.07739239931106567","0.07739239931106567","0.07739239931106567"
"32895","0.10179043561220169","0.10179043561220169","0.10179043561220169"
"32900","0.15028849244117737","0.15028849244117737","0.15028849244117737"
"32903","0.10867919772863388","0.10867919772863388","0.10867919772863388"
"32905","0.11679299175739288","0.11679299175739288","0.11679299175739288"
"32910","0.09264793992042542","0.09264793992042542","0.09264793992042542"
"32913","0.13262739777565002","0.13262739777565002","0.13262739777565002"
"32915","0.1382623165845871","0.1382623165845871","0.1382623165845871"
"32916","0.15069222450256348","0.15069222450256348","0.15069222450256348"
"32917","0.10059982538223267","0.10059982538223267","0.10059982538223267"
"32919","0.11168986558914185","0.11168986558914185","0.11168986558914185"
"32927","0.1207885891199112","0.1207885891199112","0.1207885891199112"
"32928","0.08877366036176682","0.08877366036176682","0.08877366036176682"
"32930","0.10753343254327774","0.10753343254327774","0.10753343254327774"
"32932","0.1572628617286682","0.1572628617286682","0.1572628617286682"
"32940","0.10777217149734497","0.10777217149734497","0.10777217149734497"
"32950","0.1517026275396347","0.1517026275396347","0.1517026275396347"
"32951","0.07915955781936646","0.07915955781936646","0.07915955781936646"
"32952","0.0823860764503479","0.0823860764503479","0.0823860764503479"
"32957","0.12537088990211487","0.12537088990211487","0.12537088990211487"
"32958","0.12375269830226898","0.12375269830226898","0.12375269830226898"
"32963","0.13094426691532135","0.13094426691532135","0.13094426691532135"
"32968","0.0734904482960701","0.0734904482960701","0.0734904482960701"
"32972","0.13359573483467102","0.13359573483467102","0.13359573483467102"
"32974","0.19009865820407867","0.19009865820407867","0.19009865820407867"
"32978","0.14290061593055725","0.14290061593055725","0.14290061593055725"
"32987","0.08791807293891907","0.08791807293891907","0.08791807293891907"
"32996","0.1347590684890747","0.1347590684890747","0.1347590684890747"
"32999","0.12653569877147675","0.12653569877147675","0.12653569877147675"
"33000","0.15091904997825623","0.15091904997825623","0.15091904997825623"
"33003","0.12309413403272629","0.12309413403272629","0.12309413403272629"
"33004","0.11187863349914551","0.11187863349914551","0.11187863349914551"
"33006","0.24927516281604767","0.24927516281604767","0.24927516281604767"
"33013","0.11560980975627899","0.11560980975627899","0.11560980975627899"
"33015","0.10082551836967468","0.10082551836967468","0.10082551836967468"
"33016","0.15103070437908173","0.15103070437908173","0.15103070437908173"
"33017","0.14261052012443542","0.14261052012443542","0.14261052012443542"
"33018","0.08191034197807312","0.08191034197807312","0.08191034197807312"
"33020","0.11698481440544128","0.11698481440544128","0.11698481440544128"
"33021","0.048770613968372345","0.048770613968372345","0.048770613968372345"
"33023","0.10897285491228104","0.10897285491228104","0.10897285491228104"
"33024","0.11158420145511627","0.11158420145511627","0.11158420145511627"
"33025","0.1093720942735672","0.1093720942735672","0.1093720942735672"
"33027","0.0655621811747551","0.0655621811747551","0.0655621811747551"
"33029","0.08529649674892426","0.08529649674892426","0.08529649674892426"
"33032","0.07939409464597702","0.07939409464597702","0.07939409464597702"
"33033","0.12184202671051025","0.12184202671051025","0.12184202671051025"
"33035","0.14050963521003723","0.14050963521003723","0.14050963521003723"
"33045","0.09854018688201904","0.09854018688201904","0.09854018688201904"
"33052","0.0738491639494896","0.0738491639494896","0.0738491639494896"
"33066","0.07051704078912735","0.07051704078912735","0.07051704078912735"
"33070","0.109231136739254","0.109231136739254","0.109231136739254"
"33073","0.11087494343519211","0.11087494343519211","0.11087494343519211"
"33080","0.12158998101949692","0.12158998101949692","0.12158998101949692"
"33084","0.15169784426689148","0.15169784426689148","0.15169784426689148"
"33092","0.09863007813692093","0.09863007813692093","0.09863007813692093"
"33093","0.1280716508626938","0.1280716508626938","0.1280716508626938"
"33098","0.07389087229967117","0.07389087229967117","0.07389087229967117"
"33105","0.05080694705247879","0.05080694705247879","0.05080694705247879"
"33110","0.1509271264076233","0.1509271264076233","0.1509271264076233"
"33121","0.08313993364572525","0.08313993364572525","0.08313993364572525"
"33125","0.09983734041452408","0.09983734041452408","0.09983734041452408"
"33126","0.15480747818946838","0.15480747818946838","0.15480747818946838"
"33128","0.10995010286569595","0.10995010286569595","0.10995010286569595"
"33129","0.12762713432312012","0.12762713432312012","0.12762713432312012"
"33132","0.08932752907276154","0.08932752907276154","0.08932752907276154"
"33135","0.06631508469581604","0.06631508469581604","0.06631508469581604"
"33136","0.1170181930065155","0.1170181930065155","0.1170181930065155"
"33138","0.13626307249069214","0.13626307249069214","0.13626307249069214"
"33145","0.11806859076023102","0.11806859076023102","0.11806859076023102"
"33146","0.08108172565698624","0.08108172565698624","0.08108172565698624"
"33156","0.14496488869190216","0.14496488869190216","0.14496488869190216"
"33164","0.08390367031097412","0.08390367031097412","0.08390367031097412"
"33166","0.08785268664360046","0.08785268664360046","0.08785268664360046"
"33174","0.08907531201839447","0.08907531201839447","0.08907531201839447"
"33177","0.05163944885134697","0.05163944885134697","0.05163944885134697"
"33182","0.11845339089632034","0.11845339089632034","0.11845339089632034"
"33188","0.13712681829929352","0.13712681829929352","0.13712681829929352"
"33189","0.14899487793445587","0.14899487793445587","0.14899487793445587"
"33206","0.09653017669916153","0.09653017669916153","0.09653017669916153"
"33208","0.03708253428339958","0.03708253428339958","0.03708253428339958"
"33222","0.11273428052663803","0.11273428052663803","0.11273428052663803"
"33224","0.1421017050743103","0.1421017050743103","0.1421017050743103"
"33232","0.13261811435222626","0.13261811435222626","0.13261811435222626"
"33235","0.08550292253494263","0.08550292253494263","0.08550292253494263"
"33239","0.16164900362491608","0.16164900362491608","0.16164900362491608"
"33241","0.1267360895872116","0.1267360895872116","0.1267360895872116"
"33244","0.08350677043199539","0.08350677043199539","0.08350677043199539"
"33262","0.08756184577941895","0.08756184577941895","0.08756184577941895"
"33264","0.08341114223003387","0.08341114223003387","0.08341114223003387"
"33267","0.05999858304858208","0.05999858304858208","0.05999858304858208"
"33269","0.07882557064294815","0.07882557064294815","0.07882557064294815"
"33270","0.10658058524131775","0.10658058524131775","0.10658058524131775"
"33281","0.10563403367996216","0.10563403367996216","0.10563403367996216"
"33283","0.21655215322971344","0.21655215322971344","0.21655215322971344"
"33291","0.07103758305311203","0.07103758305311203","0.07103758305311203"
"33292","0.13271331787109375","0.13271331787109375","0.13271331787109375"
"33293","0.13759613037109375","0.13759613037109375","0.13759613037109375"
"33296","0.08821652829647064","0.08821652829647064","0.08821652829647064"
"33301","0.1413261592388153","0.1413261592388153","0.1413261592388153"
"33306","0.06517745554447174","0.06517745554447174","0.06517745554447174"
"33307","0.12280723452568054","0.12280723452568054","0.12280723452568054"
"33315","0.1510353982448578","0.1510353982448578","0.1510353982448578"
"33324","0.12219364941120148","0.12219364941120148","0.12219364941120148"
"33329","0.10573409497737885","0.10573409497737885","0.10573409497737885"
"33330","0.19909581542015076","0.19909581542015076","0.19909581542015076"
"33336","0.1017625629901886","0.1017625629901886","0.1017625629901886"
"33338","0.1046437993645668","0.1046437993645668","0.1046437993645668"
"33357","0.07124797999858856","0.07124797999858856","0.07124797999858856"
"33361","0.10984785854816437","0.10984785854816437","0.10984785854816437"
"33371","0.06870909035205841","0.06870909035205841","0.06870909035205841"
"33374","0.11105698347091675","0.11105698347091675","0.11105698347091675"
"33381","0.09019190073013306","0.09019190073013306","0.09019190073013306"
"33385","0.13242097198963165","0.13242097198963165","0.13242097198963165"
"33386","0.1348370909690857","0.1348370909690857","0.1348370909690857"
"33389","0.1928790807723999","0.1928790807723999","0.1928790807723999"
"33398","0.12264013290405273","0.12264013290405273","0.12264013290405273"
"33406","0.06370455026626587","0.06370455026626587","0.06370455026626587"
"33408","0.12272867560386658","0.12272867560386658","0.12272867560386658"
"33412","0.14669349789619446","0.14669349789619446","0.14669349789619446"
"33413","0.09195965528488159","0.09195965528488159","0.09195965528488159"
"33423","0.10943509638309479","0.10943509638309479","0.10943509638309479"
"33426","0.05755532160401344","0.05755532160401344","0.05755532160401344"
"33432","0.167265847325325","0.167265847325325","0.167265847325325"
"33433","0.15482811629772186","0.15482811629772186","0.15482811629772186"
"33434","0.1536523401737213","0.1536523401737213","0.1536523401737213"
"33436","0.12541592121124268","0.12541592121124268","0.12541592121124268"
"33444","0.07985170930624008","0.07985170930624008","0.07985170930624008"
"33449","0.1210021823644638","0.1210021823644638","0.1210021823644638"
"33452","0.08728091418743134","0.08728091418743134","0.08728091418743134"
"33456","0.08959484100341797","0.08959484100341797","0.08959484100341797"
"33460","0.13102245330810547","0.13102245330810547","0.13102245330810547"
"33464","0.08217747509479523","0.08217747509479523","0.08217747509479523"
"33465","0.13186076283454895","0.13186076283454895","0.13186076283454895"
"33469","0.10686062276363373","0.10686062276363373","0.10686062276363373"
"33484","0.1374530792236328","0.1374530792236328","0.1374530792236328"
"33492","0.11148764193058014","0.11148764193058014","0.11148764193058014"
"33496","0.05704492703080177","0.05704492703080177","0.05704492703080177"
"33514","0.1205122321844101","0.1205122321844101","0.1205122321844101"
"33517","0.06096828356385231","0.06096828356385231","0.06096828356385231"
"33519","0.1025189608335495","0.1025189608335495","0.1025189608335495"
"33525","0.16040894389152527","0.16040894389152527","0.16040894389152527"
"33529","0.07446224987506866","0.07446224987506866","0.07446224987506866"
"33546","0.14079993963241577","0.14079993963241577","0.14079993963241577"
"33547","0.10325635969638824","0.10325635969638824","0.10325635969638824"
"33559","0.15653321146965027","0.15653321146965027","0.15653321146965027"
"33561","0.08909200876951218","0.08909200876951218","0.08909200876951218"
"33562","0.07420787215232849","0.07420787215232849","0.07420787215232849"
"33569","0.1961314082145691","0.1961314082145691","0.1961314082145691"
"33576","0.0827053114771843","0.0827053114771843","0.0827053114771843"
"33577","0.196865975856781","0.196865975856781","0.196865975856781"
"33586","0.14881253242492676","0.14881253242492676","0.14881253242492676"
"33587","0.14146548509597778","0.14146548509597778","0.14146548509597778"
"33588","0.11560627073049545","0.11560627073049545","0.11560627073049545"
"33589","0.10636439174413681","0.10636439174413681","0.10636439174413681"
"33590","0.13109922409057617","0.13109922409057617","0.13109922409057617"
"33599","0.09504739195108414","0.09504739195108414","0.09504739195108414"
"33608","0.1058555617928505","0.1058555617928505","0.1058555617928505"
"33610","0.06069356948137283","0.06069356948137283","0.06069356948137283"
"33617","0.07897287607192993","0.07897287607192993","0.07897287607192993"
"33625","0.1512715220451355","0.1512715220451355","0.1512715220451355"
"33628","0.09593278169631958","0.09593278169631958","0.09593278169631958"
"33633","0.089726522564888","0.089726522564888","0.089726522564888"
"33635","0.039035454392433167","0.039035454392433167","0.039035454392433167"
"33639","0.12689423561096191","0.12689423561096191","0.12689423561096191"
"33649","0.13606560230255127","0.13606560230255127","0.13606560230255127"
"33651","0.11992637068033218","0.11992637068033218","0.11992637068033218"
"33652","0.15847787261009216","0.15847787261009216","0.15847787261009216"
"33661","0.18046650290489197","0.18046650290489197","0.18046650290489197"
"33662","0.1798369139432907","0.1798369139432907","0.1798369139432907"
"33663","0.1422501504421234","0.1422501504421234","0.1422501504421234"
"33668","0.15374042093753815","0.15374042093753815","0.15374042093753815"
"33670","0.1353980302810669","0.1353980302810669","0.1353980302810669"
"33679","0.14511775970458984","0.14511775970458984","0.14511775970458984"
"33681","0.11848215758800507","0.11848215758800507","0.11848215758800507"
"33683","0.13350126147270203","0.13350126147270203","0.13350126147270203"
"33689","0.07306347787380219","0.07306347787380219","0.07306347787380219"
"33707","0.11982503533363342","0.11982503533363342","0.11982503533363342"
"33717","0.16842179000377655","0.16842179000377655","0.16842179000377655"
"33724","0.12096680700778961","0.12096680700778961","0.12096680700778961"
"33728","0.16101902723312378","0.16101902723312378","0.16101902723312378"
"33733","0.057737357914447784","0.057737357914447784","0.057737357914447784"
"33738","0.16417387127876282","0.16417387127876282","0.16417387127876282"
"33740","0.12640082836151123","0.12640082836151123","0.12640082836151123"
"33753","0.08790501207113266","0.08790501207113266","0.08790501207113266"
"33755","0.09737513214349747","0.09737513214349747","0.09737513214349747"
"33765","0.11551294475793839","0.11551294475793839","0.11551294475793839"
"33774","0.08726277947425842","0.08726277947425842","0.08726277947425842"
"33786","0.1205248013138771","0.1205248013138771","0.1205248013138771"
"33790","0.0688687413930893","0.0688687413930893","0.0688687413930893"
"33793","0.11182167381048203","0.11182167381048203","0.11182167381048203"
"33799","0.07290222495794296","0.07290222495794296","0.07290222495794296"
"33805","0.06474563479423523","0.06474563479423523","0.06474563479423523"
"33813","0.1020786389708519","0.1020786389708519","0.1020786389708519"
"33814","0.1314501166343689","0.1314501166343689","0.1314501166343689"
"33821","0.09994645416736603","0.09994645416736603","0.09994645416736603"
"33822","0.13029900193214417","0.13029900193214417","0.13029900193214417"
"33825","0.08204114437103271","0.08204114437103271","0.08204114437103271"
"33826","0.17115375399589539","0.17115375399589539","0.17115375399589539"
"33827","0.13859137892723083","0.13859137892723083","0.13859137892723083"
"33828","0.10312196612358093","0.10312196612358093","0.10312196612358093"
"33831","0.09440536051988602","0.09440536051988602","0.09440536051988602"
"33835","0.1122322529554367","0.1122322529554367","0.1122322529554367"
"33842","0.11416521668434143","0.11416521668434143","0.11416521668434143"
"33844","0.15298591554164886","0.15298591554164886","0.15298591554164886"
"33851","0.13347233831882477","0.13347233831882477","0.13347233831882477"
"33858","0.09477196633815765","0.09477196633815765","0.09477196633815765"
"33863","0.09314630925655365","0.09314630925655365","0.09314630925655365"
"33871","0.0903448835015297","0.0903448835015297","0.0903448835015297"
"33879","0.15981954336166382","0.15981954336166382","0.15981954336166382"
"33883","0.047212157398462296","0.047212157398462296","0.047212157398462296"
"33887","0.11251458525657654","0.11251458525657654","0.11251458525657654"
"33888","0.11051836609840393","0.11051836609840393","0.11051836609840393"
"33889","0.14191898703575134","0.14191898703575134","0.14191898703575134"
"33893","0.05918452888727188","0.05918452888727188","0.05918452888727188"
"33896","0.15372046828269958","0.15372046828269958","0.15372046828269958"
"33901","0.08632413297891617","0.08632413297891617","0.08632413297891617"
"33904","0.12801769375801086","0.12801769375801086","0.12801769375801086"
"33909","0.13379618525505066","0.13379618525505066","0.13379618525505066"
"33924","0.09688611328601837","0.09688611328601837","0.09688611328601837"
"33926","0.08600779622793198","0.08600779622793198","0.08600779622793198"
"33932","0.11983218044042587","0.11983218044042587","0.11983218044042587"
"33933","0.1364075243473053","0.1364075243473053","0.1364075243473053"
"33938","0.11130653321743011","0.11130653321743011","0.11130653321743011"
"33948","0.08965864032506943","0.08965864032506943","0.08965864032506943"
"33949","0.1276150643825531","0.1276150643825531","0.1276150643825531"
"33952","0.09011032432317734","0.09011032432317734","0.09011032432317734"
"33957","0.15303941071033478","0.15303941071033478","0.15303941071033478"
"33960","0.10815465450286865","0.10815465450286865","0.10815465450286865"
"33969","0.1266988217830658","0.1266988217830658","0.1266988217830658"
"33973","0.10697489976882935","0.10697489976882935","0.10697489976882935"
"33978","0.11085663735866547","0.11085663735866547","0.11085663735866547"
"33986","0.1620306819677353","0.1620306819677353","0.1620306819677353"
"33987","0.09141805768013","0.09141805768013","0.09141805768013"
"33993","0.14274732768535614","0.14274732768535614","0.14274732768535614"
"33995","0.11483833938837051","0.11483833938837051","0.11483833938837051"
"34000","0.058221690356731415","0.058221690356731415","0.058221690356731415"
"34008","0.12142574042081833","0.12142574042081833","0.12142574042081833"
"34010","0.09751331061124802","0.09751331061124802","0.09751331061124802"
"34016","0.06933687627315521","0.06933687627315521","0.06933687627315521"
"34017","0.0995219424366951","0.0995219424366951","0.0995219424366951"
"34023","0.06422298401594162","0.06422298401594162","0.06422298401594162"
"34027","0.07512612640857697","0.07512612640857697","0.07512612640857697"
"34028","0.0937139242887497","0.0937139242887497","0.0937139242887497"
"34032","0.10948338359594345","0.10948338359594345","0.10948338359594345"
"34039","0.1038820892572403","0.1038820892572403","0.1038820892572403"
"34044","0.09866103529930115","0.09866103529930115","0.09866103529930115"
"34047","0.18394237756729126","0.18394237756729126","0.18394237756729126"
"34051","0.09719239175319672","0.09719239175319672","0.09719239175319672"
"34053","0.11697009950876236","0.11697009950876236","0.11697009950876236"
"34059","0.0989181399345398","0.0989181399345398","0.0989181399345398"
"34062","0.11286051571369171","0.11286051571369171","0.11286051571369171"
"34064","0.14658166468143463","0.14658166468143463","0.14658166468143463"
"34079","0.12080241739749908","0.12080241739749908","0.12080241739749908"
"34088","0.12156077474355698","0.12156077474355698","0.12156077474355698"
"34089","0.03224606066942215","0.03224606066942215","0.03224606066942215"
"34091","0.10150182247161865","0.10150182247161865","0.10150182247161865"
"34095","0.08100353926420212","0.08100353926420212","0.08100353926420212"
"34099","0.15776610374450684","0.15776610374450684","0.15776610374450684"
"34101","0.039603665471076965","0.039603665471076965","0.039603665471076965"
"34105","0.13038481771945953","0.13038481771945953","0.13038481771945953"
"34109","0.13181933760643005","0.13181933760643005","0.13181933760643005"
"34110","0.10350780189037323","0.10350780189037323","0.10350780189037323"
"34116","0.193123921751976","0.193123921751976","0.193123921751976"
"34119","0.13345244526863098","0.13345244526863098","0.13345244526863098"
"34125","0.15386298298835754","0.15386298298835754","0.15386298298835754"
"34130","0.1528095155954361","0.1528095155954361","0.1528095155954361"
"34138","0.13306091725826263","0.13306091725826263","0.13306091725826263"
"34140","0.06896940618753433","0.06896940618753433","0.06896940618753433"
"34142","0.0809471383690834","0.0809471383690834","0.0809471383690834"
"34144","0.09657789766788483","0.09657789766788483","0.09657789766788483"
"34147","0.12977969646453857","0.12977969646453857","0.12977969646453857"
"34149","0.10122416913509369","0.10122416913509369","0.10122416913509369"
"34150","0.09025262296199799","0.09025262296199799","0.09025262296199799"
"34151","0.13870516419410706","0.13870516419410706","0.13870516419410706"
"34154","0.11350695043802261","0.11350695043802261","0.11350695043802261"
"34159","0.13903094828128815","0.13903094828128815","0.13903094828128815"
"34166","0.10036581754684448","0.10036581754684448","0.10036581754684448"
"34171","0.15937063097953796","0.15937063097953796","0.15937063097953796"
"34175","0.10452959686517715","0.10452959686517715","0.10452959686517715"
"34180","0.13824598491191864","0.13824598491191864","0.13824598491191864"
"34184","0.18769046664237976","0.18769046664237976","0.18769046664237976"
"34187","0.09360946714878082","0.09360946714878082","0.09360946714878082"
"34203","0.08818671107292175","0.08818671107292175","0.08818671107292175"
"34204","0.13515876233577728","0.13515876233577728","0.13515876233577728"
"34205","0.13963298499584198","0.13963298499584198","0.13963298499584198"
"34207","0.07881507277488708","0.07881507277488708","0.07881507277488708"
"34208","0.19355978071689606","0.19355978071689606","0.19355978071689606"
"34225","0.16896609961986542","0.16896609961986542","0.16896609961986542"
"34230","0.13234379887580872","0.13234379887580872","0.13234379887580872"
"34231","0.14411941170692444","0.14411941170692444","0.14411941170692444"
"34233","0.10802887380123138","0.10802887380123138","0.10802887380123138"
"34241","0.11396732926368713","0.11396732926368713","0.11396732926368713"
"34242","0.13202416896820068","0.13202416896820068","0.13202416896820068"
"34246","0.10669910907745361","0.10669910907745361","0.10669910907745361"
"34249","0.11406121402978897","0.11406121402978897","0.11406121402978897"
"34255","0.15443852543830872","0.15443852543830872","0.15443852543830872"
"34260","0.12586718797683716","0.12586718797683716","0.12586718797683716"
"34265","0.13698524236679077","0.13698524236679077","0.13698524236679077"
"34266","0.0893377736210823","0.0893377736210823","0.0893377736210823"
"34274","0.07217498123645782","0.07217498123645782","0.07217498123645782"
"34277","0.07099044322967529","0.07099044322967529","0.07099044322967529"
"34280","0.10693082213401794","0.10693082213401794","0.10693082213401794"
"34283","0.0922931581735611","0.0922931581735611","0.0922931581735611"
"34291","0.09808315336704254","0.09808315336704254","0.09808315336704254"
"34293","0.14696522057056427","0.14696522057056427","0.14696522057056427"
"34295","0.067470982670784","0.067470982670784","0.067470982670784"
"34301","0.08683948963880539","0.08683948963880539","0.08683948963880539"
"34302","0.1054471954703331","0.1054471954703331","0.1054471954703331"
"34303","0.11472120881080627","0.11472120881080627","0.11472120881080627"
"34307","0.14912518858909607","0.14912518858909607","0.14912518858909607"
"34309","0.07675429433584213","0.07675429433584213","0.07675429433584213"
"34312","0.16092507541179657","0.16092507541179657","0.16092507541179657"
"34316","0.06232992932200432","0.06232992932200432","0.06232992932200432"
"34318","0.14927731454372406","0.14927731454372406","0.14927731454372406"
"34336","0.12022683769464493","0.12022683769464493","0.12022683769464493"
"34344","0.1645776778459549","0.1645776778459549","0.1645776778459549"
"34350","0.08123955130577087","0.08123955130577087","0.08123955130577087"
"34352","0.1443101167678833","0.1443101167678833","0.1443101167678833"
"34366","0.14403480291366577","0.14403480291366577","0.14403480291366577"
"34381","0.12529969215393066","0.12529969215393066","0.12529969215393066"
"34386","0.14264777302742004","0.14264777302742004","0.14264777302742004"
"34394","0.09609013795852661","0.09609013795852661","0.09609013795852661"
"34407","0.1257428079843521","0.1257428079843521","0.1257428079843521"
"34409","0.09652972221374512","0.09652972221374512","0.09652972221374512"
"34415","0.1534082591533661","0.1534082591533661","0.1534082591533661"
"34421","0.1388026773929596","0.1388026773929596","0.1388026773929596"
"34429","0.0631806030869484","0.0631806030869484","0.0631806030869484"
"34431","0.12176284193992615","0.12176284193992615","0.12176284193992615"
"34440","0.14317545294761658","0.14317545294761658","0.14317545294761658"
"34443","0.15674664080142975","0.15674664080142975","0.15674664080142975"
"34446","0.06554201245307922","0.06554201245307922","0.06554201245307922"
"34449","0.13288992643356323","0.13288992643356323","0.13288992643356323"
"34450","0.0640239268541336","0.0640239268541336","0.0640239268541336"
"34469","0.15226273238658905","0.15226273238658905","0.15226273238658905"
"34483","0.05625825375318527","0.05625825375318527","0.05625825375318527"
"34486","0.09412506222724915","0.09412506222724915","0.09412506222724915"
"34495","0.09380453824996948","0.09380453824996948","0.09380453824996948"
"34500","0.11889659613370895","0.11889659613370895","0.11889659613370895"
"34504","0.15033240616321564","0.15033240616321564","0.15033240616321564"
"34505","0.16889864206314087","0.16889864206314087","0.16889864206314087"
"34507","0.11805802583694458","0.11805802583694458","0.11805802583694458"
"34508","0.147926926612854","0.147926926612854","0.147926926612854"
"34509","0.0859186053276062","0.0859186053276062","0.0859186053276062"
"34510","0.06297467648983002","0.06297467648983002","0.06297467648983002"
"34511","0.07685041427612305","0.07685041427612305","0.07685041427612305"
"34518","0.09104733169078827","0.09104733169078827","0.09104733169078827"
"34526","0.14696648716926575","0.14696648716926575","0.14696648716926575"
"34530","0.08259370177984238","0.08259370177984238","0.08259370177984238"
"34534","0.09102047234773636","0.09102047234773636","0.09102047234773636"
"34537","0.09195167571306229","0.09195167571306229","0.09195167571306229"
"34541","0.05494067817926407","0.05494067817926407","0.05494067817926407"
"34545","0.08519862592220306","0.08519862592220306","0.08519862592220306"
"34546","0.1377379596233368","0.1377379596233368","0.1377379596233368"
"34550","0.06838753819465637","0.06838753819465637","0.06838753819465637"
"34562","0.12195611745119095","0.12195611745119095","0.12195611745119095"
"34563","0.10862027108669281","0.10862027108669281","0.10862027108669281"
"34566","0.11403238773345947","0.11403238773345947","0.11403238773345947"
"34575","0.21649423241615295","0.21649423241615295","0.21649423241615295"
"34578","0.08372464776039124","0.08372464776039124","0.08372464776039124"
"34584","0.14279264211654663","0.14279264211654663","0.14279264211654663"
"34591","0.06545193493366241","0.06545193493366241","0.06545193493366241"
"34606","0.1417292058467865","0.1417292058467865","0.1417292058467865"
"34616","0.05346166715025902","0.05346166715025902","0.05346166715025902"
"34631","0.08162525296211243","0.08162525296211243","0.08162525296211243"
"34644","0.08798365294933319","0.08798365294933319","0.08798365294933319"
"34645","0.11891669034957886","0.11891669034957886","0.11891669034957886"
"34647","0.0835074633359909","0.0835074633359909","0.0835074633359909"
"34655","0.1678980439901352","0.1678980439901352","0.1678980439901352"
"34660","0.0945369154214859","0.0945369154214859","0.0945369154214859"
"34665","0.1524135172367096","0.1524135172367096","0.1524135172367096"
"34666","0.07175709307193756","0.07175709307193756","0.07175709307193756"
"34671","0.133284792304039","0.133284792304039","0.133284792304039"
"34674","0.1104392483830452","0.1104392483830452","0.1104392483830452"
"34678","0.17068275809288025","0.17068275809288025","0.17068275809288025"
"34693","0.10708604753017426","0.10708604753017426","0.10708604753017426"
"34695","0.13902154564857483","0.13902154564857483","0.13902154564857483"
"34696","0.09701654314994812","0.09701654314994812","0.09701654314994812"
"34697","0.12746980786323547","0.12746980786323547","0.12746980786323547"
"34701","0.16213124990463257","0.16213124990463257","0.16213124990463257"
"34704","0.16301801800727844","0.16301801800727844","0.16301801800727844"
"34705","0.1536378562450409","0.1536378562450409","0.1536378562450409"
"34708","0.14082354307174683","0.14082354307174683","0.14082354307174683"
"34710","0.08999542146921158","0.08999542146921158","0.08999542146921158"
"34712","0.09358000755310059","0.09358000755310059","0.09358000755310059"
"34713","0.07935085147619247","0.07935085147619247","0.07935085147619247"
"34715","0.10288025438785553","0.10288025438785553","0.10288025438785553"
"34717","0.08243240416049957","0.08243240416049957","0.08243240416049957"
"34723","0.14232562482357025","0.14232562482357025","0.14232562482357025"
"34724","0.09069481492042542","0.09069481492042542","0.09069481492042542"
"34730","0.09121768176555634","0.09121768176555634","0.09121768176555634"
"34737","0.10828999429941177","0.10828999429941177","0.10828999429941177"
"34746","0.10948172211647034","0.10948172211647034","0.10948172211647034"
"34747","0.13687413930892944","0.13687413930892944","0.13687413930892944"
"34773","0.11070568114519119","0.11070568114519119","0.11070568114519119"
"34777","0.07582813501358032","0.07582813501358032","0.07582813501358032"
"34778","0.12003888934850693","0.12003888934850693","0.12003888934850693"
"34792","0.09729193150997162","0.09729193150997162","0.09729193150997162"
"34793","0.05330049991607666","0.05330049991607666","0.05330049991607666"
"34794","0.07385759800672531","0.07385759800672531","0.07385759800672531"
"34799","0.10697512328624725","0.10697512328624725","0.10697512328624725"
"34802","0.10872194170951843","0.10872194170951843","0.10872194170951843"
"34818","0.1273462176322937","0.1273462176322937","0.1273462176322937"
"34820","0.12693113088607788","0.12693113088607788","0.12693113088607788"
"34838","0.06592074781656265","0.06592074781656265","0.06592074781656265"
"34841","0.0754447728395462","0.0754447728395462","0.0754447728395462"
"34843","0.12023214250802994","0.12023214250802994","0.12023214250802994"
"34845","0.07144956290721893","0.07144956290721893","0.07144956290721893"
"34850","0.11428539454936981","0.11428539454936981","0.11428539454936981"
"34852","0.12816914916038513","0.12816914916038513","0.12816914916038513"
"34858","0.18072308599948883","0.18072308599948883","0.18072308599948883"
"34873","0.11131669580936432","0.11131669580936432","0.11131669580936432"
"34881","0.09436732530593872","0.09436732530593872","0.09436732530593872"
"34884","0.07622002065181732","0.07622002065181732","0.07622002065181732"
"34888","0.12558358907699585","0.12558358907699585","0.12558358907699585"
"34889","0.09062206000089645","0.09062206000089645","0.09062206000089645"
"34894","0.0788368284702301","0.0788368284702301","0.0788368284702301"
"34899","0.07281403243541718","0.07281403243541718","0.07281403243541718"
"34901","0.1989239603281021","0.1989239603281021","0.1989239603281021"
"34903","0.15959930419921875","0.15959930419921875","0.15959930419921875"
"34904","0.12406542897224426","0.12406542897224426","0.12406542897224426"
"34919","0.12530332803726196","0.12530332803726196","0.12530332803726196"
"34921","0.06879637390375137","0.06879637390375137","0.06879637390375137"
"34922","0.1321319192647934","0.1321319192647934","0.1321319192647934"
"34925","0.07916708290576935","0.07916708290576935","0.07916708290576935"
"34927","0.16224977374076843","0.16224977374076843","0.16224977374076843"
"34929","0.058684930205345154","0.058684930205345154","0.058684930205345154"
"34933","0.10544386506080627","0.10544386506080627","0.10544386506080627"
"34935","0.09371010959148407","0.09371010959148407","0.09371010959148407"
"34951","0.07264114916324615","0.07264114916324615","0.07264114916324615"
"34955","0.14720900356769562","0.14720900356769562","0.14720900356769562"
"34956","0.10793395340442657","0.10793395340442657","0.10793395340442657"
"34961","0.11435393244028091","0.11435393244028091","0.11435393244028091"
"34968","0.1023760437965393","0.1023760437965393","0.1023760437965393"
"34969","0.10081655532121658","0.10081655532121658","0.10081655532121658"
"34970","0.17733938992023468","0.17733938992023468","0.17733938992023468"
"34976","0.1541895866394043","0.1541895866394043","0.1541895866394043"
"34977","0.08120765537023544","0.08120765537023544","0.08120765537023544"
"34983","0.12163922190666199","0.12163922190666199","0.12163922190666199"
"34990","0.11284086108207703","0.11284086108207703","0.11284086108207703"
"34991","0.07210786640644073","0.07210786640644073","0.07210786640644073"
"35003","0.1281243860721588","0.1281243860721588","0.1281243860721588"
"35005","0.05019793659448624","0.05019793659448624","0.05019793659448624"
"35009","0.18147021532058716","0.18147021532058716","0.18147021532058716"
"35010","0.13510245084762573","0.13510245084762573","0.13510245084762573"
"35012","0.14550718665122986","0.14550718665122986","0.14550718665122986"
"35025","0.1053251177072525","0.1053251177072525","0.1053251177072525"
"35032","0.116830013692379","0.116830013692379","0.116830013692379"
"35033","0.11357057094573975","0.11357057094573975","0.11357057094573975"
"35034","0.13227833807468414","0.13227833807468414","0.13227833807468414"
"35040","0.09004153311252594","0.09004153311252594","0.09004153311252594"
"35046","0.09027819335460663","0.09027819335460663","0.09027819335460663"
"35054","0.1153232753276825","0.1153232753276825","0.1153232753276825"
"35057","0.1352647840976715","0.1352647840976715","0.1352647840976715"
"35067","0.062029704451560974","0.062029704451560974","0.062029704451560974"
"35070","0.15031473338603973","0.15031473338603973","0.15031473338603973"
"35072","0.100931316614151","0.100931316614151","0.100931316614151"
"35078","0.10610012710094452","0.10610012710094452","0.10610012710094452"
"35082","0.09206999838352203","0.09206999838352203","0.09206999838352203"
"35087","0.09295733273029327","0.09295733273029327","0.09295733273029327"
"35091","0.0665423795580864","0.0665423795580864","0.0665423795580864"
"35096","0.10907475650310516","0.10907475650310516","0.10907475650310516"
"35104","0.08037495613098145","0.08037495613098145","0.08037495613098145"
"35108","0.05462063103914261","0.05462063103914261","0.05462063103914261"
"35113","0.08891670405864716","0.08891670405864716","0.08891670405864716"
"35117","0.07908669114112854","0.07908669114112854","0.07908669114112854"
"35118","0.051625125110149384","0.051625125110149384","0.051625125110149384"
"35121","0.12231309711933136","0.12231309711933136","0.12231309711933136"
"35122","0.08195088803768158","0.08195088803768158","0.08195088803768158"
"35123","0.12667277455329895","0.12667277455329895","0.12667277455329895"
"35135","0.10202354192733765","0.10202354192733765","0.10202354192733765"
"35154","0.23234142363071442","0.23234142363071442","0.23234142363071442"
"35175","0.11794862896203995","0.11794862896203995","0.11794862896203995"
"35176","0.08955848217010498","0.08955848217010498","0.08955848217010498"
"35179","0.10419014096260071","0.10419014096260071","0.10419014096260071"
"35190","0.13794824481010437","0.13794824481010437","0.13794824481010437"
"35194","0.1406109780073166","0.1406109780073166","0.1406109780073166"
"35195","0.11387964338064194","0.11387964338064194","0.11387964338064194"
"35199","0.08765421062707901","0.08765421062707901","0.08765421062707901"
"35203","0.09542731940746307","0.09542731940746307","0.09542731940746307"
"35215","0.07343690097332001","0.07343690097332001","0.07343690097332001"
"35222","0.139407217502594","0.139407217502594","0.139407217502594"
"35229","0.12384162098169327","0.12384162098169327","0.12384162098169327"
"35230","0.0806913822889328","0.0806913822889328","0.0806913822889328"
"35231","0.17301887273788452","0.17301887273788452","0.17301887273788452"
"35234","0.1062650978565216","0.1062650978565216","0.1062650978565216"
"35243","0.14925602078437805","0.14925602078437805","0.14925602078437805"
"35248","0.12635082006454468","0.12635082006454468","0.12635082006454468"
"35255","0.07116910070180893","0.07116910070180893","0.07116910070180893"
"35257","0.12499392032623291","0.12499392032623291","0.12499392032623291"
"35259","0.07033737003803253","0.07033737003803253","0.07033737003803253"
"35261","0.08495153486728668","0.08495153486728668","0.08495153486728668"
"35265","0.11427474766969681","0.11427474766969681","0.11427474766969681"
"35266","0.10863964259624481","0.10863964259624481","0.10863964259624481"
"35274","0.13258206844329834","0.13258206844329834","0.13258206844329834"
"35277","0.17049166560173035","0.17049166560173035","0.17049166560173035"
"35278","0.13249489665031433","0.13249489665031433","0.13249489665031433"
"35283","0.14066138863563538","0.14066138863563538","0.14066138863563538"
"35297","0.11803163588047028","0.11803163588047028","0.11803163588047028"
"35299","0.1075446605682373","0.1075446605682373","0.1075446605682373"
"35300","0.16785140335559845","0.16785140335559845","0.16785140335559845"
"35307","0.06856409460306168","0.06856409460306168","0.06856409460306168"
"35308","0.1722770482301712","0.1722770482301712","0.1722770482301712"
"35309","0.09478292614221573","0.09478292614221573","0.09478292614221573"
"35333","0.14043168723583221","0.14043168723583221","0.14043168723583221"
"35340","0.1929301619529724","0.1929301619529724","0.1929301619529724"
"35341","0.04290219396352768","0.04290219396352768","0.04290219396352768"
"35350","0.09323599189519882","0.09323599189519882","0.09323599189519882"
"35358","0.1843736320734024","0.1843736320734024","0.1843736320734024"
"35360","0.15550443530082703","0.15550443530082703","0.15550443530082703"
"35362","0.08135126531124115","0.08135126531124115","0.08135126531124115"
"35367","0.15573489665985107","0.15573489665985107","0.15573489665985107"
"35369","0.1190335601568222","0.1190335601568222","0.1190335601568222"
"35375","0.12294861674308777","0.12294861674308777","0.12294861674308777"
"35378","0.12265873700380325","0.12265873700380325","0.12265873700380325"
"35379","0.1289588212966919","0.1289588212966919","0.1289588212966919"
"35389","0.11886873841285706","0.11886873841285706","0.11886873841285706"
"35395","0.17276693880558014","0.17276693880558014","0.17276693880558014"
"35406","0.1665360927581787","0.1665360927581787","0.1665360927581787"
"35407","0.09199899435043335","0.09199899435043335","0.09199899435043335"
"35413","0.09155553579330444","0.09155553579330444","0.09155553579330444"
"35415","0.09636786580085754","0.09636786580085754","0.09636786580085754"
"35420","0.1379469931125641","0.1379469931125641","0.1379469931125641"
"35428","0.12781424820423126","0.12781424820423126","0.12781424820423126"
"35451","0.08323720097541809","0.08323720097541809","0.08323720097541809"
"35461","0.2049163579940796","0.2049163579940796","0.2049163579940796"
"35469","0.13735529780387878","0.13735529780387878","0.13735529780387878"
"35476","0.11977964639663696","0.11977964639663696","0.11977964639663696"
"35483","0.13818839192390442","0.13818839192390442","0.13818839192390442"
"35485","0.0744910016655922","0.0744910016655922","0.0744910016655922"
"35489","0.11642381548881531","0.11642381548881531","0.11642381548881531"
"35494","0.1161835789680481","0.1161835789680481","0.1161835789680481"
"35499","0.09019021689891815","0.09019021689891815","0.09019021689891815"
"35507","0.11851829290390015","0.11851829290390015","0.11851829290390015"
"35514","0.16598214209079742","0.16598214209079742","0.16598214209079742"
"35516","0.09386810660362244","0.09386810660362244","0.09386810660362244"
"35529","0.13279780745506287","0.13279780745506287","0.13279780745506287"
"35531","0.11103010177612305","0.11103010177612305","0.11103010177612305"
"35532","0.08680862188339233","0.08680862188339233","0.08680862188339233"
"35534","0.10777875036001205","0.10777875036001205","0.10777875036001205"
"35552","0.0799970030784607","0.0799970030784607","0.0799970030784607"
"35553","0.08304515480995178","0.08304515480995178","0.08304515480995178"
"35555","0.12399673461914062","0.12399673461914062","0.12399673461914062"
"35561","0.15364718437194824","0.15364718437194824","0.15364718437194824"
"35573","0.06989351660013199","0.06989351660013199","0.06989351660013199"
"35576","0.07633957266807556","0.07633957266807556","0.07633957266807556"
"35592","0.11623802036046982","0.11623802036046982","0.11623802036046982"
"35599","0.13540129363536835","0.13540129363536835","0.13540129363536835"
"35609","0.11387703567743301","0.11387703567743301","0.11387703567743301"
"35619","0.06621380150318146","0.06621380150318146","0.06621380150318146"
"35620","0.07620632648468018","0.07620632648468018","0.07620632648468018"
"35628","0.17164379358291626","0.17164379358291626","0.17164379358291626"
"35631","0.06014520302414894","0.06014520302414894","0.06014520302414894"
"35632","0.06557882577180862","0.06557882577180862","0.06557882577180862"
"35641","0.09263035655021667","0.09263035655021667","0.09263035655021667"
"35648","0.1232069656252861","0.1232069656252861","0.1232069656252861"
"35650","0.12416114658117294","0.12416114658117294","0.12416114658117294"
"35651","0.12614628672599792","0.12614628672599792","0.12614628672599792"
"35652","0.11315081268548965","0.11315081268548965","0.11315081268548965"
"35660","0.14330750703811646","0.14330750703811646","0.14330750703811646"
"35668","0.10870017111301422","0.10870017111301422","0.10870017111301422"
"35672","0.10496285557746887","0.10496285557746887","0.10496285557746887"
"35674","0.07544587552547455","0.07544587552547455","0.07544587552547455"
"35677","0.18323029577732086","0.18323029577732086","0.18323029577732086"
"35680","0.148687481880188","0.148687481880188","0.148687481880188"
"35681","0.12123110890388489","0.12123110890388489","0.12123110890388489"
"35682","0.062231048941612244","0.062231048941612244","0.062231048941612244"
"35683","0.12398955225944519","0.12398955225944519","0.12398955225944519"
"35685","0.11575362831354141","0.11575362831354141","0.11575362831354141"
"35693","0.09478256851434708","0.09478256851434708","0.09478256851434708"
"35695","0.07942172884941101","0.07942172884941101","0.07942172884941101"
"35702","0.1003597229719162","0.1003597229719162","0.1003597229719162"
"35719","0.12316668033599854","0.12316668033599854","0.12316668033599854"
"35722","0.056808508932590485","0.056808508932590485","0.056808508932590485"
"35726","0.15771040320396423","0.15771040320396423","0.15771040320396423"
"35728","0.21413162350654602","0.21413162350654602","0.21413162350654602"
"35729","0.11884349584579468","0.11884349584579468","0.11884349584579468"
"35730","0.09192032366991043","0.09192032366991043","0.09192032366991043"
"35736","0.16893073916435242","0.16893073916435242","0.16893073916435242"
"35738","0.11524698138237","0.11524698138237","0.11524698138237"
"35742","0.13252605497837067","0.13252605497837067","0.13252605497837067"
"35744","0.07598390430212021","0.07598390430212021","0.07598390430212021"
"35748","0.1161404401063919","0.1161404401063919","0.1161404401063919"
"35754","0.10603920370340347","0.10603920370340347","0.10603920370340347"
"35760","0.09872029721736908","0.09872029721736908","0.09872029721736908"
"35761","0.17855490744113922","0.17855490744113922","0.17855490744113922"
"35768","0.05565768480300903","0.05565768480300903","0.05565768480300903"
"35775","0.14362689852714539","0.14362689852714539","0.14362689852714539"
"35776","0.08672463893890381","0.08672463893890381","0.08672463893890381"
"35778","0.12124384939670563","0.12124384939670563","0.12124384939670563"
"35781","0.07916273176670074","0.07916273176670074","0.07916273176670074"
"35784","0.07367610186338425","0.07367610186338425","0.07367610186338425"
"35785","0.12747031450271606","0.12747031450271606","0.12747031450271606"
"35789","0.157404363155365","0.157404363155365","0.157404363155365"
"35790","0.11780820786952972","0.11780820786952972","0.11780820786952972"
"35800","0.10676487535238266","0.10676487535238266","0.10676487535238266"
"35806","0.08660425990819931","0.08660425990819931","0.08660425990819931"
"35809","0.08628050237894058","0.08628050237894058","0.08628050237894058"
"35810","0.16664807498455048","0.16664807498455048","0.16664807498455048"
"35813","0.12661372125148773","0.12661372125148773","0.12661372125148773"
"35822","0.12636436522006989","0.12636436522006989","0.12636436522006989"
"35824","0.16193994879722595","0.16193994879722595","0.16193994879722595"
"35828","0.11505430936813354","0.11505430936813354","0.11505430936813354"
"35829","0.07295268028974533","0.07295268028974533","0.07295268028974533"
"35830","0.10823993384838104","0.10823993384838104","0.10823993384838104"
"35847","0.06042247265577316","0.06042247265577316","0.06042247265577316"
"35849","0.10385638475418091","0.10385638475418091","0.10385638475418091"
"35857","0.1363639086484909","0.1363639086484909","0.1363639086484909"
"35867","0.09994760155677795","0.09994760155677795","0.09994760155677795"
"35872","0.15405698120594025","0.15405698120594025","0.15405698120594025"
"35876","0.061575498431921005","0.061575498431921005","0.061575498431921005"
"35879","0.12272745370864868","0.12272745370864868","0.12272745370864868"
"35882","0.18186195194721222","0.18186195194721222","0.18186195194721222"
"35883","0.09382358193397522","0.09382358193397522","0.09382358193397522"
"35887","0.17632198333740234","0.17632198333740234","0.17632198333740234"
"35891","0.11321481317281723","0.11321481317281723","0.11321481317281723"
"35894","0.08660340309143066","0.08660340309143066","0.08660340309143066"
"35897","0.11350101232528687","0.11350101232528687","0.11350101232528687"
"35898","0.12775832414627075","0.12775832414627075","0.12775832414627075"
"35903","0.07090137153863907","0.07090137153863907","0.07090137153863907"
"35905","0.13548643887043","0.13548643887043","0.13548643887043"
"35908","0.10647536814212799","0.10647536814212799","0.10647536814212799"
"35914","0.14493149518966675","0.14493149518966675","0.14493149518966675"
"35916","0.16513225436210632","0.16513225436210632","0.16513225436210632"
"35917","0.07886689901351929","0.07886689901351929","0.07886689901351929"
"35919","0.12572920322418213","0.12572920322418213","0.12572920322418213"
"35922","0.12969765067100525","0.12969765067100525","0.12969765067100525"
"35923","0.10505372285842896","0.10505372285842896","0.10505372285842896"
"35925","0.07930147647857666","0.07930147647857666","0.07930147647857666"
"35928","0.12532071769237518","0.12532071769237518","0.12532071769237518"
"35932","0.09507215023040771","0.09507215023040771","0.09507215023040771"
"35952","0.1163417249917984","0.1163417249917984","0.1163417249917984"
"35957","0.11164557933807373","0.11164557933807373","0.11164557933807373"
"35964","0.12625646591186523","0.12625646591186523","0.12625646591186523"
"35974","0.13921372592449188","0.13921372592449188","0.13921372592449188"
"35978","0.10598289966583252","0.10598289966583252","0.10598289966583252"
"35989","0.055113520473241806","0.055113520473241806","0.055113520473241806"
"35994","0.09806878864765167","0.09806878864765167","0.09806878864765167"
"35995","0.09794354438781738","0.09794354438781738","0.09794354438781738"
"36001","0.09144316613674164","0.09144316613674164","0.09144316613674164"
"36015","0.12692515552043915","0.12692515552043915","0.12692515552043915"
"36017","0.16124099493026733","0.16124099493026733","0.16124099493026733"
"36018","0.20372360944747925","0.20372360944747925","0.20372360944747925"
"36021","0.09347203373908997","0.09347203373908997","0.09347203373908997"
"36025","0.09977924823760986","0.09977924823760986","0.09977924823760986"
"36032","0.18771204352378845","0.18771204352378845","0.18771204352378845"
"36040","0.11109022796154022","0.11109022796154022","0.11109022796154022"
"36056","0.16942453384399414","0.16942453384399414","0.16942453384399414"
"36058","0.11204309016466141","0.11204309016466141","0.11204309016466141"
"36060","0.08766014873981476","0.08766014873981476","0.08766014873981476"
"36064","0.04818296432495117","0.04818296432495117","0.04818296432495117"
"36067","0.1216956302523613","0.1216956302523613","0.1216956302523613"
"36070","0.11597537249326706","0.11597537249326706","0.11597537249326706"
"36074","0.12108171731233597","0.12108171731233597","0.12108171731233597"
"36077","0.14070945978164673","0.14070945978164673","0.14070945978164673"
"36091","0.13353201746940613","0.13353201746940613","0.13353201746940613"
"36092","0.10490581393241882","0.10490581393241882","0.10490581393241882"
"36095","0.11525636911392212","0.11525636911392212","0.11525636911392212"
"36104","0.10178658366203308","0.10178658366203308","0.10178658366203308"
"36108","0.11227075755596161","0.11227075755596161","0.11227075755596161"
"36112","0.12606126070022583","0.12606126070022583","0.12606126070022583"
"36119","0.04144017770886421","0.04144017770886421","0.04144017770886421"
"36128","0.06603679060935974","0.06603679060935974","0.06603679060935974"
"36130","0.09281204640865326","0.09281204640865326","0.09281204640865326"
"36137","0.12924109399318695","0.12924109399318695","0.12924109399318695"
"36138","0.06212184950709343","0.06212184950709343","0.06212184950709343"
"36145","0.13962113857269287","0.13962113857269287","0.13962113857269287"
"36151","0.15671025216579437","0.15671025216579437","0.15671025216579437"
"36156","0.07077208161354065","0.07077208161354065","0.07077208161354065"
"36160","0.06585320830345154","0.06585320830345154","0.06585320830345154"
"36176","0.061567798256874084","0.061567798256874084","0.061567798256874084"
"36187","0.19193744659423828","0.19193744659423828","0.19193744659423828"
"36193","0.08950100839138031","0.08950100839138031","0.08950100839138031"
"36203","0.10394147038459778","0.10394147038459778","0.10394147038459778"
"36205","0.18002408742904663","0.18002408742904663","0.18002408742904663"
"36206","0.09398829936981201","0.09398829936981201","0.09398829936981201"
"36209","0.10415233671665192","0.10415233671665192","0.10415233671665192"
"36240","0.10387204587459564","0.10387204587459564","0.10387204587459564"
"36241","0.12070177495479584","0.12070177495479584","0.12070177495479584"
"36243","0.11538286507129669","0.11538286507129669","0.11538286507129669"
"36253","0.10328145325183868","0.10328145325183868","0.10328145325183868"
"36260","0.08431287109851837","0.08431287109851837","0.08431287109851837"
"36263","0.11745664477348328","0.11745664477348328","0.11745664477348328"
"36268","0.11471273005008698","0.11471273005008698","0.11471273005008698"
"36270","0.08527206629514694","0.08527206629514694","0.08527206629514694"
"36275","0.13947448134422302","0.13947448134422302","0.13947448134422302"
"36282","0.09196023643016815","0.09196023643016815","0.09196023643016815"
"36295","0.09666147083044052","0.09666147083044052","0.09666147083044052"
"36298","0.09888598322868347","0.09888598322868347","0.09888598322868347"
"36299","0.1769864857196808","0.1769864857196808","0.1769864857196808"
"36303","0.05163286626338959","0.05163286626338959","0.05163286626338959"
"36307","0.12982329726219177","0.12982329726219177","0.12982329726219177"
"36308","0.08172866702079773","0.08172866702079773","0.08172866702079773"
"36314","0.10776710510253906","0.10776710510253906","0.10776710510253906"
"36315","0.1396540403366089","0.1396540403366089","0.1396540403366089"
"36316","0.10181066393852234","0.10181066393852234","0.10181066393852234"
"36318","0.14824524521827698","0.14824524521827698","0.14824524521827698"
"36326","0.128010556101799","0.128010556101799","0.128010556101799"
"36332","0.1033129096031189","0.1033129096031189","0.1033129096031189"
"36334","0.13999773561954498","0.13999773561954498","0.13999773561954498"
"36335","0.10048709064722061","0.10048709064722061","0.10048709064722061"
"36343","0.23432309925556183","0.23432309925556183","0.23432309925556183"
"36344","0.0957539975643158","0.0957539975643158","0.0957539975643158"
"36354","0.12204927206039429","0.12204927206039429","0.12204927206039429"
"36355","0.1265152394771576","0.1265152394771576","0.1265152394771576"
"36362","0.18277029693126678","0.18277029693126678","0.18277029693126678"
"36363","0.1040966659784317","0.1040966659784317","0.1040966659784317"
"36369","0.1359042376279831","0.1359042376279831","0.1359042376279831"
"36370","0.1825522780418396","0.1825522780418396","0.1825522780418396"
"36372","0.07962654531002045","0.07962654531002045","0.07962654531002045"
"36374","0.10698812454938889","0.10698812454938889","0.10698812454938889"
"36382","0.08117571473121643","0.08117571473121643","0.08117571473121643"
"36383","0.07360497117042542","0.07360497117042542","0.07360497117042542"
"36385","0.10298831760883331","0.10298831760883331","0.10298831760883331"
"36386","0.08505179733037949","0.08505179733037949","0.08505179733037949"
"36392","0.10946197807788849","0.10946197807788849","0.10946197807788849"
"36396","0.11012254655361176","0.11012254655361176","0.11012254655361176"
"36404","0.12436967343091965","0.12436967343091965","0.12436967343091965"
"36410","0.09782600402832031","0.09782600402832031","0.09782600402832031"
"36412","0.11067710816860199","0.11067710816860199","0.11067710816860199"
"36414","0.11983004957437515","0.11983004957437515","0.11983004957437515"
"36417","0.1082196980714798","0.1082196980714798","0.1082196980714798"
"36419","0.16714385151863098","0.16714385151863098","0.16714385151863098"
"36423","0.11714592576026917","0.11714592576026917","0.11714592576026917"
"36430","0.1811676323413849","0.1811676323413849","0.1811676323413849"
"36431","0.07315826416015625","0.07315826416015625","0.07315826416015625"
"36435","0.11419740319252014","0.11419740319252014","0.11419740319252014"
"36436","0.1696334183216095","0.1696334183216095","0.1696334183216095"
"36445","0.11105939745903015","0.11105939745903015","0.11105939745903015"
"36446","0.07335659861564636","0.07335659861564636","0.07335659861564636"
"36457","0.11394219100475311","0.11394219100475311","0.11394219100475311"
"36462","0.1337532103061676","0.1337532103061676","0.1337532103061676"
"36465","0.0957881286740303","0.0957881286740303","0.0957881286740303"
"36466","0.09511866420507431","0.09511866420507431","0.09511866420507431"
"36467","0.17564940452575684","0.17564940452575684","0.17564940452575684"
"36468","0.09633354842662811","0.09633354842662811","0.09633354842662811"
"36475","0.15681427717208862","0.15681427717208862","0.15681427717208862"
"36485","0.11418817937374115","0.11418817937374115","0.11418817937374115"
"36488","0.1519489735364914","0.1519489735364914","0.1519489735364914"
"36489","0.15444475412368774","0.15444475412368774","0.15444475412368774"
"36493","0.07944268733263016","0.07944268733263016","0.07944268733263016"
"36501","0.1770896464586258","0.1770896464586258","0.1770896464586258"
"36502","0.09215101599693298","0.09215101599693298","0.09215101599693298"
"36504","0.08395060151815414","0.08395060151815414","0.08395060151815414"
"36517","0.06796189397573471","0.06796189397573471","0.06796189397573471"
"36518","0.1408839225769043","0.1408839225769043","0.1408839225769043"
"36534","0.17033013701438904","0.17033013701438904","0.17033013701438904"
"36549","0.12855643033981323","0.12855643033981323","0.12855643033981323"
"36553","0.08940837532281876","0.08940837532281876","0.08940837532281876"
"36567","0.14560048282146454","0.14560048282146454","0.14560048282146454"
"36573","0.10790520161390305","0.10790520161390305","0.10790520161390305"
"36576","0.11409799754619598","0.11409799754619598","0.11409799754619598"
"36578","0.1393742859363556","0.1393742859363556","0.1393742859363556"
"36581","0.1302289515733719","0.1302289515733719","0.1302289515733719"
"36582","0.10484972596168518","0.10484972596168518","0.10484972596168518"
"36588","0.07684772461652756","0.07684772461652756","0.07684772461652756"
"36591","0.12760598957538605","0.12760598957538605","0.12760598957538605"
"36594","0.14269599318504333","0.14269599318504333","0.14269599318504333"
"36595","0.09858056902885437","0.09858056902885437","0.09858056902885437"
"36598","0.14264900982379913","0.14264900982379913","0.14264900982379913"
"36599","0.07538188993930817","0.07538188993930817","0.07538188993930817"
"36600","0.07273261249065399","0.07273261249065399","0.07273261249065399"
"36607","0.05434858798980713","0.05434858798980713","0.05434858798980713"
"36610","0.12934887409210205","0.12934887409210205","0.12934887409210205"
"36613","0.20301836729049683","0.20301836729049683","0.20301836729049683"
"36616","0.10157062113285065","0.10157062113285065","0.10157062113285065"
"36636","0.17424866557121277","0.17424866557121277","0.17424866557121277"
"36637","0.06499725580215454","0.06499725580215454","0.06499725580215454"
"36639","0.11845916509628296","0.11845916509628296","0.11845916509628296"
"36640","0.07630223780870438","0.07630223780870438","0.07630223780870438"
"36642","0.05179791525006294","0.05179791525006294","0.05179791525006294"
"36645","0.12092659622430801","0.12092659622430801","0.12092659622430801"
"36652","0.18766137957572937","0.18766137957572937","0.18766137957572937"
"36656","0.1344130039215088","0.1344130039215088","0.1344130039215088"
"36658","0.11474847793579102","0.11474847793579102","0.11474847793579102"
"36662","0.12220995128154755","0.12220995128154755","0.12220995128154755"
"36666","0.09795847535133362","0.09795847535133362","0.09795847535133362"
"36670","0.05787757784128189","0.05787757784128189","0.05787757784128189"
"36683","0.15726475417613983","0.15726475417613983","0.15726475417613983"
"36686","0.19913868606090546","0.19913868606090546","0.19913868606090546"
"36688","0.14844375848770142","0.14844375848770142","0.14844375848770142"
"36689","0.1338418424129486","0.1338418424129486","0.1338418424129486"
"36691","0.08014033734798431","0.08014033734798431","0.08014033734798431"
"36693","0.11716100573539734","0.11716100573539734","0.11716100573539734"
"36697","0.09041984379291534","0.09041984379291534","0.09041984379291534"
"36706","0.08859235048294067","0.08859235048294067","0.08859235048294067"
"36707","0.12123288959264755","0.12123288959264755","0.12123288959264755"
"36709","0.14453017711639404","0.14453017711639404","0.14453017711639404"
"36710","0.08145695179700851","0.08145695179700851","0.08145695179700851"
"36714","0.13574212789535522","0.13574212789535522","0.13574212789535522"
"36717","0.09253130853176117","0.09253130853176117","0.09253130853176117"
"36720","0.1321946084499359","0.1321946084499359","0.1321946084499359"
"36722","0.12520863115787506","0.12520863115787506","0.12520863115787506"
"36729","0.07792007178068161","0.07792007178068161","0.07792007178068161"
"36732","0.17856745421886444","0.17856745421886444","0.17856745421886444"
"36742","0.17955900728702545","0.17955900728702545","0.17955900728702545"
"36743","0.09924645721912384","0.09924645721912384","0.09924645721912384"
"36757","0.13875634968280792","0.13875634968280792","0.13875634968280792"
"36762","0.15290825068950653","0.15290825068950653","0.15290825068950653"
"36766","0.09517985582351685","0.09517985582351685","0.09517985582351685"
"36767","0.11658594757318497","0.11658594757318497","0.11658594757318497"
"36769","0.11814016848802567","0.11814016848802567","0.11814016848802567"
"36777","0.13838011026382446","0.13838011026382446","0.13838011026382446"
"36783","0.12106559425592422","0.12106559425592422","0.12106559425592422"
"36786","0.06511285901069641","0.06511285901069641","0.06511285901069641"
"36790","0.0964050441980362","0.0964050441980362","0.0964050441980362"
"36801","0.15241822600364685","0.15241822600364685","0.15241822600364685"
"36802","0.14830239117145538","0.14830239117145538","0.14830239117145538"
"36804","0.129916250705719","0.129916250705719","0.129916250705719"
"36808","0.13845029473304749","0.13845029473304749","0.13845029473304749"
"36810","0.15545371174812317","0.15545371174812317","0.15545371174812317"
"36819","0.11701352894306183","0.11701352894306183","0.11701352894306183"
"36820","0.08781948685646057","0.08781948685646057","0.08781948685646057"
"36822","0.11057426035404205","0.11057426035404205","0.11057426035404205"
"36838","0.12406845390796661","0.12406845390796661","0.12406845390796661"
"36840","0.05390983819961548","0.05390983819961548","0.05390983819961548"
"36841","0.13472099602222443","0.13472099602222443","0.13472099602222443"
"36842","0.12711256742477417","0.12711256742477417","0.12711256742477417"
"36845","0.07286033034324646","0.07286033034324646","0.07286033034324646"
"36846","0.13157469034194946","0.13157469034194946","0.13157469034194946"
"36849","0.19275784492492676","0.19275784492492676","0.19275784492492676"
"36851","0.15221275389194489","0.15221275389194489","0.15221275389194489"
"36855","0.17348796129226685","0.17348796129226685","0.17348796129226685"
"36858","0.1818147897720337","0.1818147897720337","0.1818147897720337"
"36859","0.04432617872953415","0.04432617872953415","0.04432617872953415"
"36863","0.14072126150131226","0.14072126150131226","0.14072126150131226"
"36866","0.058394286781549454","0.058394286781549454","0.058394286781549454"
"36867","0.13421331346035004","0.13421331346035004","0.13421331346035004"
"36868","0.08501144498586655","0.08501144498586655","0.08501144498586655"
"36871","0.06776757538318634","0.06776757538318634","0.06776757538318634"
"36872","0.10308095812797546","0.10308095812797546","0.10308095812797546"
"36874","0.10696191340684891","0.10696191340684891","0.10696191340684891"
"36879","0.09227921813726425","0.09227921813726425","0.09227921813726425"
"36881","0.10833651572465897","0.10833651572465897","0.10833651572465897"
"36891","0.15754930675029755","0.15754930675029755","0.15754930675029755"
"36896","0.09250815212726593","0.09250815212726593","0.09250815212726593"
"36897","0.17018568515777588","0.17018568515777588","0.17018568515777588"
"36902","0.09228013455867767","0.09228013455867767","0.09228013455867767"
"36907","0.12515226006507874","0.12515226006507874","0.12515226006507874"
"36910","0.07496803998947144","0.07496803998947144","0.07496803998947144"
"36916","0.09841945767402649","0.09841945767402649","0.09841945767402649"
"36933","0.1110745519399643","0.1110745519399643","0.1110745519399643"
"36936","0.10476197302341461","0.10476197302341461","0.10476197302341461"
"36938","0.2036483883857727","0.2036483883857727","0.2036483883857727"
"36940","0.10258446633815765","0.10258446633815765","0.10258446633815765"
"36941","0.09092080593109131","0.09092080593109131","0.09092080593109131"
"36942","0.06036084517836571","0.06036084517836571","0.06036084517836571"
"36946","0.07632618397474289","0.07632618397474289","0.07632618397474289"
"36954","0.13110874593257904","0.13110874593257904","0.13110874593257904"
"36955","0.09836146235466003","0.09836146235466003","0.09836146235466003"
"36957","0.09616897255182266","0.09616897255182266","0.09616897255182266"
"36962","0.121293805539608","0.121293805539608","0.121293805539608"
"36965","0.12213218957185745","0.12213218957185745","0.12213218957185745"
"36966","0.09454596042633057","0.09454596042633057","0.09454596042633057"
"36975","0.09475752711296082","0.09475752711296082","0.09475752711296082"
"36982","0.17377425730228424","0.17377425730228424","0.17377425730228424"
"36989","0.13731268048286438","0.13731268048286438","0.13731268048286438"
"36992","0.14093762636184692","0.14093762636184692","0.14093762636184692"
"36994","0.16475552320480347","0.16475552320480347","0.16475552320480347"
"36999","0.11998419463634491","0.11998419463634491","0.11998419463634491"
"37014","0.10423930734395981","0.10423930734395981","0.10423930734395981"
"37017","0.17335858941078186","0.17335858941078186","0.17335858941078186"
"37025","0.10351330041885376","0.10351330041885376","0.10351330041885376"
"37027","0.08991583436727524","0.08991583436727524","0.08991583436727524"
"37031","0.1204533576965332","0.1204533576965332","0.1204533576965332"
"37039","0.1310890018939972","0.1310890018939972","0.1310890018939972"
"37040","0.12373818457126617","0.12373818457126617","0.12373818457126617"
"37044","0.046047866344451904","0.046047866344451904","0.046047866344451904"
"37048","0.02613973617553711","0.02613973617553711","0.02613973617553711"
"37050","0.09622961282730103","0.09622961282730103","0.09622961282730103"
"37052","0.10940097272396088","0.10940097272396088","0.10940097272396088"
"37056","0.11167550832033157","0.11167550832033157","0.11167550832033157"
"37057","0.10195422917604446","0.10195422917604446","0.10195422917604446"
"37058","0.0961710661649704","0.0961710661649704","0.0961710661649704"
"37059","0.12440123409032822","0.12440123409032822","0.12440123409032822"
"37065","0.21025468409061432","0.21025468409061432","0.21025468409061432"
"37068","0.12148023396730423","0.12148023396730423","0.12148023396730423"
"37074","0.12569363415241241","0.12569363415241241","0.12569363415241241"
"37084","0.07648393511772156","0.07648393511772156","0.07648393511772156"
"37087","0.09624511748552322","0.09624511748552322","0.09624511748552322"
"37096","0.12629200518131256","0.12629200518131256","0.12629200518131256"
"37099","0.10775667428970337","0.10775667428970337","0.10775667428970337"
"37100","0.08400969952344894","0.08400969952344894","0.08400969952344894"
"37104","0.09223851561546326","0.09223851561546326","0.09223851561546326"
"37107","0.10627216100692749","0.10627216100692749","0.10627216100692749"
"37109","0.10229016840457916","0.10229016840457916","0.10229016840457916"
"37121","0.10581821948289871","0.10581821948289871","0.10581821948289871"
"37122","0.12100964039564133","0.12100964039564133","0.12100964039564133"
"37127","0.0972667783498764","0.0972667783498764","0.0972667783498764"
"37129","0.1575191617012024","0.1575191617012024","0.1575191617012024"
"37131","0.11957813054323196","0.11957813054323196","0.11957813054323196"
"37138","0.15460488200187683","0.15460488200187683","0.15460488200187683"
"37151","0.10618768632411957","0.10618768632411957","0.10618768632411957"
"37153","0.143959641456604","0.143959641456604","0.143959641456604"
"37156","0.1508645862340927","0.1508645862340927","0.1508645862340927"
"37161","0.09097639471292496","0.09097639471292496","0.09097639471292496"
"37167","0.0981135368347168","0.0981135368347168","0.0981135368347168"
"37184","0.09889067709445953","0.09889067709445953","0.09889067709445953"
"37185","0.11395785212516785","0.11395785212516785","0.11395785212516785"
"37204","0.07150060683488846","0.07150060683488846","0.07150060683488846"
"37212","0.10224132239818573","0.10224132239818573","0.10224132239818573"
"37215","0.07759164273738861","0.07759164273738861","0.07759164273738861"
"37216","0.07073374092578888","0.07073374092578888","0.07073374092578888"
"37217","0.13508358597755432","0.13508358597755432","0.13508358597755432"
"37220","0.12462075054645538","0.12462075054645538","0.12462075054645538"
"37228","0.1981942057609558","0.1981942057609558","0.1981942057609558"
"37230","0.12503433227539062","0.12503433227539062","0.12503433227539062"
"37232","0.07581334561109543","0.07581334561109543","0.07581334561109543"
"37238","0.08880266547203064","0.08880266547203064","0.08880266547203064"
"37240","0.10279277712106705","0.10279277712106705","0.10279277712106705"
"37242","0.08944462984800339","0.08944462984800339","0.08944462984800339"
"37245","0.19382120668888092","0.19382120668888092","0.19382120668888092"
"37246","0.11261077225208282","0.11261077225208282","0.11261077225208282"
"37248","0.15673783421516418","0.15673783421516418","0.15673783421516418"
"37251","0.16541671752929688","0.16541671752929688","0.16541671752929688"
"37253","0.11023914813995361","0.11023914813995361","0.11023914813995361"
"37263","0.06654515117406845","0.06654515117406845","0.06654515117406845"
"37267","0.12613296508789062","0.12613296508789062","0.12613296508789062"
"37268","0.12257248163223267","0.12257248163223267","0.12257248163223267"
"37270","0.13000568747520447","0.13000568747520447","0.13000568747520447"
"37279","0.1955597996711731","0.1955597996711731","0.1955597996711731"
"37281","0.11697889119386673","0.11697889119386673","0.11697889119386673"
"37282","0.10565085709095001","0.10565085709095001","0.10565085709095001"
"37283","0.14566221833229065","0.14566221833229065","0.14566221833229065"
"37289","0.1547573208808899","0.1547573208808899","0.1547573208808899"
"37293","0.09389493614435196","0.09389493614435196","0.09389493614435196"
"37300","0.07061518728733063","0.07061518728733063","0.07061518728733063"
"37304","0.1256234496831894","0.1256234496831894","0.1256234496831894"
"37306","0.09558241814374924","0.09558241814374924","0.09558241814374924"
"37314","0.06889617443084717","0.06889617443084717","0.06889617443084717"
"37319","0.10326342284679413","0.10326342284679413","0.10326342284679413"
"37323","0.09108950197696686","0.09108950197696686","0.09108950197696686"
"37324","0.13767828047275543","0.13767828047275543","0.13767828047275543"
"37326","0.1342211812734604","0.1342211812734604","0.1342211812734604"
"37347","0.15069156885147095","0.15069156885147095","0.15069156885147095"
"37354","0.11627721786499023","0.11627721786499023","0.11627721786499023"
"37357","0.11701440066099167","0.11701440066099167","0.11701440066099167"
"37361","0.09958075731992722","0.09958075731992722","0.09958075731992722"
"37373","0.11154812574386597","0.11154812574386597","0.11154812574386597"
"37381","0.15457800030708313","0.15457800030708313","0.15457800030708313"
"37385","0.1348288655281067","0.1348288655281067","0.1348288655281067"
"37399","0.10341666638851166","0.10341666638851166","0.10341666638851166"
"37400","0.10566816478967667","0.10566816478967667","0.10566816478967667"
"37406","0.15813416242599487","0.15813416242599487","0.15813416242599487"
"37411","0.12021408975124359","0.12021408975124359","0.12021408975124359"
"37412","0.132805734872818","0.132805734872818","0.132805734872818"
"37413","0.12865611910820007","0.12865611910820007","0.12865611910820007"
"37421","0.1130814403295517","0.1130814403295517","0.1130814403295517"
"37428","0.09069906175136566","0.09069906175136566","0.09069906175136566"
"37432","0.09813404083251953","0.09813404083251953","0.09813404083251953"
"37439","0.13601401448249817","0.13601401448249817","0.13601401448249817"
"37443","0.13279539346694946","0.13279539346694946","0.13279539346694946"
"37448","0.15395712852478027","0.15395712852478027","0.15395712852478027"
"37455","0.10729552060365677","0.10729552060365677","0.10729552060365677"
"37464","0.060090839862823486","0.060090839862823486","0.060090839862823486"
"37466","0.14263680577278137","0.14263680577278137","0.14263680577278137"
"37470","0.1119568943977356","0.1119568943977356","0.1119568943977356"
"37472","0.14134250581264496","0.14134250581264496","0.14134250581264496"
"37474","0.12967392802238464","0.12967392802238464","0.12967392802238464"
"37480","0.1590985655784607","0.1590985655784607","0.1590985655784607"
"37485","0.12265153229236603","0.12265153229236603","0.12265153229236603"
"37490","0.11624135822057724","0.11624135822057724","0.11624135822057724"
"37493","0.1099792867898941","0.1099792867898941","0.1099792867898941"
"37495","0.08618848770856857","0.08618848770856857","0.08618848770856857"
"37496","0.09117995202541351","0.09117995202541351","0.09117995202541351"
"37499","0.09288273751735687","0.09288273751735687","0.09288273751735687"
"37502","0.10384612530469894","0.10384612530469894","0.10384612530469894"
"37508","0.14834943413734436","0.14834943413734436","0.14834943413734436"
"37511","0.1716872751712799","0.1716872751712799","0.1716872751712799"
"37520","0.08354082703590393","0.08354082703590393","0.08354082703590393"
"37530","0.07431669533252716","0.07431669533252716","0.07431669533252716"
"37532","0.09192311763763428","0.09192311763763428","0.09192311763763428"
"37533","0.09258729219436646","0.09258729219436646","0.09258729219436646"
"37535","0.08550135791301727","0.08550135791301727","0.08550135791301727"
"37537","0.141940176486969","0.141940176486969","0.141940176486969"
"37538","0.07317007333040237","0.07317007333040237","0.07317007333040237"
"37548","0.16319794952869415","0.16319794952869415","0.16319794952869415"
"37553","0.16173285245895386","0.16173285245895386","0.16173285245895386"
"37557","0.1529989242553711","0.1529989242553711","0.1529989242553711"
"37558","0.1219462901353836","0.1219462901353836","0.1219462901353836"
"37560","0.07766164839267731","0.07766164839267731","0.07766164839267731"
"37563","0.11761102080345154","0.11761102080345154","0.11761102080345154"
"37569","0.1876842975616455","0.1876842975616455","0.1876842975616455"
"37575","0.10448247194290161","0.10448247194290161","0.10448247194290161"
"37577","0.15184752643108368","0.15184752643108368","0.15184752643108368"
"37578","0.14832763373851776","0.14832763373851776","0.14832763373851776"
"37586","0.1214156448841095","0.1214156448841095","0.1214156448841095"
"37591","0.08917252719402313","0.08917252719402313","0.08917252719402313"
"37592","0.1368127167224884","0.1368127167224884","0.1368127167224884"
"37596","0.10707107931375504","0.10707107931375504","0.10707107931375504"
"37608","0.06428616493940353","0.06428616493940353","0.06428616493940353"
"37610","0.13003581762313843","0.13003581762313843","0.13003581762313843"
"37616","0.08611869812011719","0.08611869812011719","0.08611869812011719"
"37621","0.14388984441757202","0.14388984441757202","0.14388984441757202"
"37624","0.07165868580341339","0.07165868580341339","0.07165868580341339"
"37628","0.11050216108560562","0.11050216108560562","0.11050216108560562"
"37630","0.10412366688251495","0.10412366688251495","0.10412366688251495"
"37632","0.14706099033355713","0.14706099033355713","0.14706099033355713"
"37633","0.07759147882461548","0.07759147882461548","0.07759147882461548"
"37636","0.15222030878067017","0.15222030878067017","0.15222030878067017"
"37644","0.14065523445606232","0.14065523445606232","0.14065523445606232"
"37651","0.12074699997901917","0.12074699997901917","0.12074699997901917"
"37655","0.17552219331264496","0.17552219331264496","0.17552219331264496"
"37659","0.10364043712615967","0.10364043712615967","0.10364043712615967"
"37662","0.051044762134552","0.051044762134552","0.051044762134552"
"37665","0.16271533071994781","0.16271533071994781","0.16271533071994781"
"37668","0.06739954650402069","0.06739954650402069","0.06739954650402069"
"37670","0.1102103739976883","0.1102103739976883","0.1102103739976883"
"37672","0.127297505736351","0.127297505736351","0.127297505736351"
"37674","0.14501792192459106","0.14501792192459106","0.14501792192459106"
"37677","0.13478052616119385","0.13478052616119385","0.13478052616119385"
"37678","0.042375266551971436","0.042375266551971436","0.042375266551971436"
"37684","0.11324633657932281","0.11324633657932281","0.11324633657932281"
"37685","0.11171313375234604","0.11171313375234604","0.11171313375234604"
"37688","0.161996528506279","0.161996528506279","0.161996528506279"
"37699","0.13731737434864044","0.13731737434864044","0.13731737434864044"
"37707","0.14085595309734344","0.14085595309734344","0.14085595309734344"
"37711","0.1159132570028305","0.1159132570028305","0.1159132570028305"
"37719","0.10983723402023315","0.10983723402023315","0.10983723402023315"
"37720","0.03688676282763481","0.03688676282763481","0.03688676282763481"
"37727","0.16015642881393433","0.16015642881393433","0.16015642881393433"
"37728","0.09625454246997833","0.09625454246997833","0.09625454246997833"
"37732","0.0732208639383316","0.0732208639383316","0.0732208639383316"
"37745","0.15514671802520752","0.15514671802520752","0.15514671802520752"
"37755","0.12178079038858414","0.12178079038858414","0.12178079038858414"
"37758","0.06150613725185394","0.06150613725185394","0.06150613725185394"
"37773","0.11516803503036499","0.11516803503036499","0.11516803503036499"
"37777","0.17165526747703552","0.17165526747703552","0.17165526747703552"
"37782","0.11161220073699951","0.11161220073699951","0.11161220073699951"
"37794","0.09412427246570587","0.09412427246570587","0.09412427246570587"
"37803","0.156488835811615","0.156488835811615","0.156488835811615"
"37827","0.06204408407211304","0.06204408407211304","0.06204408407211304"
"37828","0.1522948145866394","0.1522948145866394","0.1522948145866394"
"37829","0.17446018755435944","0.17446018755435944","0.17446018755435944"
"37831","0.07237718999385834","0.07237718999385834","0.07237718999385834"
"37833","0.15120592713356018","0.15120592713356018","0.15120592713356018"
"37834","0.14138124883174896","0.14138124883174896","0.14138124883174896"
"37835","0.1141345202922821","0.1141345202922821","0.1141345202922821"
"37841","0.04596683755517006","0.04596683755517006","0.04596683755517006"
"37844","0.1727699339389801","0.1727699339389801","0.1727699339389801"
"37847","0.0780731663107872","0.0780731663107872","0.0780731663107872"
"37849","0.11022420227527618","0.11022420227527618","0.11022420227527618"
"37854","0.06663258373737335","0.06663258373737335","0.06663258373737335"
"37855","0.08545717597007751","0.08545717597007751","0.08545717597007751"
"37856","0.08490005135536194","0.08490005135536194","0.08490005135536194"
"37857","0.12820135056972504","0.12820135056972504","0.12820135056972504"
"37860","0.13231682777404785","0.13231682777404785","0.13231682777404785"
"37863","0.15595592558383942","0.15595592558383942","0.15595592558383942"
"37874","0.09703412652015686","0.09703412652015686","0.09703412652015686"
"37878","0.10318000614643097","0.10318000614643097","0.10318000614643097"
"37881","0.09346029162406921","0.09346029162406921","0.09346029162406921"
"37885","0.049863822758197784","0.049863822758197784","0.049863822758197784"
"37891","0.10630807280540466","0.10630807280540466","0.10630807280540466"
"37893","0.21128620207309723","0.21128620207309723","0.21128620207309723"
"37900","0.1376623511314392","0.1376623511314392","0.1376623511314392"
"37903","0.07360763102769852","0.07360763102769852","0.07360763102769852"
"37904","0.08888626843690872","0.08888626843690872","0.08888626843690872"
"37914","0.09527323395013809","0.09527323395013809","0.09527323395013809"
"37915","0.12271106243133545","0.12271106243133545","0.12271106243133545"
"37916","0.10034982860088348","0.10034982860088348","0.10034982860088348"
"37929","0.1439058482646942","0.1439058482646942","0.1439058482646942"
"37930","0.1160804033279419","0.1160804033279419","0.1160804033279419"
"37934","0.1365547478199005","0.1365547478199005","0.1365547478199005"
"37940","0.08076681196689606","0.08076681196689606","0.08076681196689606"
"37945","0.16335543990135193","0.16335543990135193","0.16335543990135193"
"37950","0.132398784160614","0.132398784160614","0.132398784160614"
"37953","0.09706464409828186","0.09706464409828186","0.09706464409828186"
"37956","0.12777751684188843","0.12777751684188843","0.12777751684188843"
"37974","0.07979679107666016","0.07979679107666016","0.07979679107666016"
"37981","0.10234566777944565","0.10234566777944565","0.10234566777944565"
"37983","0.06863793730735779","0.06863793730735779","0.06863793730735779"
"37988","0.15373830497264862","0.15373830497264862","0.15373830497264862"
"37990","0.08329059183597565","0.08329059183597565","0.08329059183597565"
"37997","0.08553330600261688","0.08553330600261688","0.08553330600261688"
"37998","0.07177969813346863","0.07177969813346863","0.07177969813346863"
"37999","0.12397497892379761","0.12397497892379761","0.12397497892379761"
"38008","0.1379690170288086","0.1379690170288086","0.1379690170288086"
"38009","0.07253748178482056","0.07253748178482056","0.07253748178482056"
"38016","0.09077879041433334","0.09077879041433334","0.09077879041433334"
"38020","0.07699212431907654","0.07699212431907654","0.07699212431907654"
"38021","0.08583616465330124","0.08583616465330124","0.08583616465330124"
"38033","0.1124614030122757","0.1124614030122757","0.1124614030122757"
"38036","0.09304113686084747","0.09304113686084747","0.09304113686084747"
"38041","0.1319650560617447","0.1319650560617447","0.1319650560617447"
"38045","0.1207604855298996","0.1207604855298996","0.1207604855298996"
"38053","0.0743914321064949","0.0743914321064949","0.0743914321064949"
"38055","0.08661803603172302","0.08661803603172302","0.08661803603172302"
"38056","0.13759902119636536","0.13759902119636536","0.13759902119636536"
"38057","0.09610769152641296","0.09610769152641296","0.09610769152641296"
"38058","0.14548194408416748","0.14548194408416748","0.14548194408416748"
"38061","0.09319739043712616","0.09319739043712616","0.09319739043712616"
"38062","0.07396785914897919","0.07396785914897919","0.07396785914897919"
"38067","0.060674309730529785","0.060674309730529785","0.060674309730529785"
"38071","0.13929860293865204","0.13929860293865204","0.13929860293865204"
"38075","0.11466073989868164","0.11466073989868164","0.11466073989868164"
"38087","0.11657977104187012","0.11657977104187012","0.11657977104187012"
"38089","0.0918816328048706","0.0918816328048706","0.0918816328048706"
"38090","0.15450048446655273","0.15450048446655273","0.15450048446655273"
"38108","0.09530137479305267","0.09530137479305267","0.09530137479305267"
"38109","0.13249468803405762","0.13249468803405762","0.13249468803405762"
"38116","0.18562249839305878","0.18562249839305878","0.18562249839305878"
"38118","0.11843131482601166","0.11843131482601166","0.11843131482601166"
"38123","0.11730094254016876","0.11730094254016876","0.11730094254016876"
"38126","0.13517829775810242","0.13517829775810242","0.13517829775810242"
"38128","0.11075080931186676","0.11075080931186676","0.11075080931186676"
"38131","0.04143861308693886","0.04143861308693886","0.04143861308693886"
"38135","0.14979170262813568","0.14979170262813568","0.14979170262813568"
"38137","0.1751914620399475","0.1751914620399475","0.1751914620399475"
"38141","0.07339411973953247","0.07339411973953247","0.07339411973953247"
"38144","0.10484963655471802","0.10484963655471802","0.10484963655471802"
"38160","0.19959630072116852","0.19959630072116852","0.19959630072116852"
"38162","0.13821548223495483","0.13821548223495483","0.13821548223495483"
"38166","0.1630142331123352","0.1630142331123352","0.1630142331123352"
"38167","0.14236041903495789","0.14236041903495789","0.14236041903495789"
"38170","0.08412958681583405","0.08412958681583405","0.08412958681583405"
"38171","0.10589821636676788","0.10589821636676788","0.10589821636676788"
"38183","0.10412152856588364","0.10412152856588364","0.10412152856588364"
"38187","0.1210213154554367","0.1210213154554367","0.1210213154554367"
"38197","0.08295796066522598","0.08295796066522598","0.08295796066522598"
"38199","0.09498030692338943","0.09498030692338943","0.09498030692338943"
"38200","0.10975571721792221","0.10975571721792221","0.10975571721792221"
"38208","0.12080997228622437","0.12080997228622437","0.12080997228622437"
"38209","0.08644169569015503","0.08644169569015503","0.08644169569015503"
"38214","0.14547452330589294","0.14547452330589294","0.14547452330589294"
"38216","0.08472219109535217","0.08472219109535217","0.08472219109535217"
"38222","0.05635788291692734","0.05635788291692734","0.05635788291692734"
"38226","0.11683320999145508","0.11683320999145508","0.11683320999145508"
"38228","0.12696433067321777","0.12696433067321777","0.12696433067321777"
"38240","0.11283716559410095","0.11283716559410095","0.11283716559410095"
"38241","0.0929286777973175","0.0929286777973175","0.0929286777973175"
"38250","0.127627432346344","0.127627432346344","0.127627432346344"
"38251","0.12231176346540451","0.12231176346540451","0.12231176346540451"
"38252","0.0692407488822937","0.0692407488822937","0.0692407488822937"
"38273","0.16159871220588684","0.16159871220588684","0.16159871220588684"
"38275","0.06562645733356476","0.06562645733356476","0.06562645733356476"
"38277","0.17105478048324585","0.17105478048324585","0.17105478048324585"
"38280","0.07552765309810638","0.07552765309810638","0.07552765309810638"
"38284","0.132404625415802","0.132404625415802","0.132404625415802"
"38293","0.06039397418498993","0.06039397418498993","0.06039397418498993"
"38302","0.07229726016521454","0.07229726016521454","0.07229726016521454"
"38304","0.09505987167358398","0.09505987167358398","0.09505987167358398"
"38305","0.12417455017566681","0.12417455017566681","0.12417455017566681"
"38310","0.15188679099082947","0.15188679099082947","0.15188679099082947"
"38311","0.14035803079605103","0.14035803079605103","0.14035803079605103"
"38314","0.11889467388391495","0.11889467388391495","0.11889467388391495"
"38319","0.13040879368782043","0.13040879368782043","0.13040879368782043"
"38322","0.05635472387075424","0.05635472387075424","0.05635472387075424"
"38326","0.10540780425071716","0.10540780425071716","0.10540780425071716"
"38327","0.07304207235574722","0.07304207235574722","0.07304207235574722"
"38330","0.1367916464805603","0.1367916464805603","0.1367916464805603"
"38331","0.07758434861898422","0.07758434861898422","0.07758434861898422"
"38333","0.07552111148834229","0.07552111148834229","0.07552111148834229"
"38346","0.09664841741323471","0.09664841741323471","0.09664841741323471"
"38352","0.07681754976511002","0.07681754976511002","0.07681754976511002"
"38355","0.15494343638420105","0.15494343638420105","0.15494343638420105"
"38367","0.07163183391094208","0.07163183391094208","0.07163183391094208"
"38368","0.091193787753582","0.091193787753582","0.091193787753582"
"38369","0.09788191318511963","0.09788191318511963","0.09788191318511963"
"38381","0.09064655750989914","0.09064655750989914","0.09064655750989914"
"38385","0.09183937311172485","0.09183937311172485","0.09183937311172485"
"38388","0.12655165791511536","0.12655165791511536","0.12655165791511536"
"38389","0.1409642994403839","0.1409642994403839","0.1409642994403839"
"38403","0.12026377022266388","0.12026377022266388","0.12026377022266388"
"38405","0.06094195321202278","0.06094195321202278","0.06094195321202278"
"38408","0.08288849890232086","0.08288849890232086","0.08288849890232086"
"38409","0.15038087964057922","0.15038087964057922","0.15038087964057922"
"38419","0.1103377640247345","0.1103377640247345","0.1103377640247345"
"38421","0.18962617218494415","0.18962617218494415","0.18962617218494415"
"38447","0.09445026516914368","0.09445026516914368","0.09445026516914368"
"38455","0.11996263265609741","0.11996263265609741","0.11996263265609741"
"38491","0.13282731175422668","0.13282731175422668","0.13282731175422668"
"38509","0.06784646213054657","0.06784646213054657","0.06784646213054657"
"38516","0.18231792747974396","0.18231792747974396","0.18231792747974396"
"38517","0.11875006556510925","0.11875006556510925","0.11875006556510925"
"38523","0.09247530996799469","0.09247530996799469","0.09247530996799469"
"38524","0.13200528919696808","0.13200528919696808","0.13200528919696808"
"38533","0.13110396265983582","0.13110396265983582","0.13110396265983582"
"38538","0.12916503846645355","0.12916503846645355","0.12916503846645355"
"38545","0.12021838873624802","0.12021838873624802","0.12021838873624802"
"38547","0.13258732855319977","0.13258732855319977","0.13258732855319977"
"38549","0.11403749138116837","0.11403749138116837","0.11403749138116837"
"38551","0.13481736183166504","0.13481736183166504","0.13481736183166504"
"38568","0.1385078877210617","0.1385078877210617","0.1385078877210617"
"38576","0.09772545844316483","0.09772545844316483","0.09772545844316483"
"38583","0.16222913563251495","0.16222913563251495","0.16222913563251495"
"38593","0.06715080887079239","0.06715080887079239","0.06715080887079239"
"38597","0.10865466296672821","0.10865466296672821","0.10865466296672821"
"38598","0.08953993022441864","0.08953993022441864","0.08953993022441864"
"38602","0.1304619312286377","0.1304619312286377","0.1304619312286377"
"38615","0.11531727761030197","0.11531727761030197","0.11531727761030197"
"38616","0.1380467265844345","0.1380467265844345","0.1380467265844345"
"38617","0.04784536734223366","0.04784536734223366","0.04784536734223366"
"38625","0.08897402137517929","0.08897402137517929","0.08897402137517929"
"38628","0.1021367534995079","0.1021367534995079","0.1021367534995079"
"38629","0.13670794665813446","0.13670794665813446","0.13670794665813446"
"38633","0.12323756515979767","0.12323756515979767","0.12323756515979767"
"38640","0.11652099341154099","0.11652099341154099","0.11652099341154099"
"38642","0.14130376279354095","0.14130376279354095","0.14130376279354095"
"38645","0.07842385768890381","0.07842385768890381","0.07842385768890381"
"38646","0.06888692826032639","0.06888692826032639","0.06888692826032639"
"38663","0.10973086208105087","0.10973086208105087","0.10973086208105087"
"38666","0.10359100997447968","0.10359100997447968","0.10359100997447968"
"38668","0.08987709879875183","0.08987709879875183","0.08987709879875183"
"38669","0.20877674221992493","0.20877674221992493","0.20877674221992493"
"38670","0.11329211294651031","0.11329211294651031","0.11329211294651031"
"38671","0.10397112369537354","0.10397112369537354","0.10397112369537354"
"38681","0.12868261337280273","0.12868261337280273","0.12868261337280273"
"38685","0.09295253455638885","0.09295253455638885","0.09295253455638885"
"38688","0.13788869976997375","0.13788869976997375","0.13788869976997375"
"38689","0.07318896800279617","0.07318896800279617","0.07318896800279617"
"38690","0.13970497250556946","0.13970497250556946","0.13970497250556946"
"38691","0.09210023283958435","0.09210023283958435","0.09210023283958435"
"38694","0.094125896692276","0.094125896692276","0.094125896692276"
"38698","0.10938406735658646","0.10938406735658646","0.10938406735658646"
"38700","0.11700209975242615","0.11700209975242615","0.11700209975242615"
"38718","0.10408531129360199","0.10408531129360199","0.10408531129360199"
"38734","0.10752329230308533","0.10752329230308533","0.10752329230308533"
"38740","0.10464254766702652","0.10464254766702652","0.10464254766702652"
"38749","0.09691081941127777","0.09691081941127777","0.09691081941127777"
"38753","0.09810121357440948","0.09810121357440948","0.09810121357440948"
"38754","0.13320137560367584","0.13320137560367584","0.13320137560367584"
"38772","0.12302722036838531","0.12302722036838531","0.12302722036838531"
"38787","0.13713809847831726","0.13713809847831726","0.13713809847831726"
"38790","0.09227094054222107","0.09227094054222107","0.09227094054222107"
"38792","0.08416732400655746","0.08416732400655746","0.08416732400655746"
"38802","0.17892542481422424","0.17892542481422424","0.17892542481422424"
"38803","0.13995052874088287","0.13995052874088287","0.13995052874088287"
"38807","0.14894241094589233","0.14894241094589233","0.14894241094589233"
"38822","0.14489108324050903","0.14489108324050903","0.14489108324050903"
"38823","0.18816381692886353","0.18816381692886353","0.18816381692886353"
"38825","0.11684153228998184","0.11684153228998184","0.11684153228998184"
"38826","0.12845078110694885","0.12845078110694885","0.12845078110694885"
"38828","0.1104685515165329","0.1104685515165329","0.1104685515165329"
"38829","0.1178494468331337","0.1178494468331337","0.1178494468331337"
"38830","0.10312755405902863","0.10312755405902863","0.10312755405902863"
"38832","0.07630902528762817","0.07630902528762817","0.07630902528762817"
"38835","0.11345522105693817","0.11345522105693817","0.11345522105693817"
"38837","0.12445338070392609","0.12445338070392609","0.12445338070392609"
"38846","0.09467582404613495","0.09467582404613495","0.09467582404613495"
"38847","0.15513233840465546","0.15513233840465546","0.15513233840465546"
"38850","0.13148203492164612","0.13148203492164612","0.13148203492164612"
"38852","0.18551276624202728","0.18551276624202728","0.18551276624202728"
"38859","0.13831555843353271","0.13831555843353271","0.13831555843353271"
"38860","0.18842875957489014","0.18842875957489014","0.18842875957489014"
"38864","0.11329621076583862","0.11329621076583862","0.11329621076583862"
"38867","0.14446675777435303","0.14446675777435303","0.14446675777435303"
"38878","0.12186594307422638","0.12186594307422638","0.12186594307422638"
"38880","0.14962226152420044","0.14962226152420044","0.14962226152420044"
"38881","0.14198541641235352","0.14198541641235352","0.14198541641235352"
"38886","0.103204146027565","0.103204146027565","0.103204146027565"
"38888","0.14574620127677917","0.14574620127677917","0.14574620127677917"
"38892","0.11880078166723251","0.11880078166723251","0.11880078166723251"
"38900","0.20493632555007935","0.20493632555007935","0.20493632555007935"
"38902","0.1360025703907013","0.1360025703907013","0.1360025703907013"
"38910","0.11686956882476807","0.11686956882476807","0.11686956882476807"
"38915","0.08065326511859894","0.08065326511859894","0.08065326511859894"
"38916","0.11759615689516068","0.11759615689516068","0.11759615689516068"
"38917","0.11690743267536163","0.11690743267536163","0.11690743267536163"
"38919","0.16103853285312653","0.16103853285312653","0.16103853285312653"
"38921","0.17112109065055847","0.17112109065055847","0.17112109065055847"
"38931","0.11518058180809021","0.11518058180809021","0.11518058180809021"
"38934","0.10814081877470016","0.10814081877470016","0.10814081877470016"
"38936","0.12168684601783752","0.12168684601783752","0.12168684601783752"
"38941","0.1162479817867279","0.1162479817867279","0.1162479817867279"
"38952","0.1271410882472992","0.1271410882472992","0.1271410882472992"
"38956","0.13320553302764893","0.13320553302764893","0.13320553302764893"
"38957","0.1206418126821518","0.1206418126821518","0.1206418126821518"
"38959","0.11389751732349396","0.11389751732349396","0.11389751732349396"
"38960","0.11516953259706497","0.11516953259706497","0.11516953259706497"
"38963","0.10543065518140793","0.10543065518140793","0.10543065518140793"
"38965","0.11080808192491531","0.11080808192491531","0.11080808192491531"
"38970","0.08451160043478012","0.08451160043478012","0.08451160043478012"
"38974","0.16605520248413086","0.16605520248413086","0.16605520248413086"
"38976","0.08932214975357056","0.08932214975357056","0.08932214975357056"
"38978","0.1483515501022339","0.1483515501022339","0.1483515501022339"
"38982","0.20213374495506287","0.20213374495506287","0.20213374495506287"
"38991","0.08303587883710861","0.08303587883710861","0.08303587883710861"
"38992","0.1039934754371643","0.1039934754371643","0.1039934754371643"
"38995","0.11239977180957794","0.11239977180957794","0.11239977180957794"
"38999","0.21016162633895874","0.21016162633895874","0.21016162633895874"
"39012","0.14579075574874878","0.14579075574874878","0.14579075574874878"
"39014","0.06493185460567474","0.06493185460567474","0.06493185460567474"
"39017","0.0860280767083168","0.0860280767083168","0.0860280767083168"
"39026","0.0885234996676445","0.0885234996676445","0.0885234996676445"
"39028","0.12814712524414062","0.12814712524414062","0.12814712524414062"
"39037","0.120720773935318","0.120720773935318","0.120720773935318"
"39038","0.1353870928287506","0.1353870928287506","0.1353870928287506"
"39042","0.09541165828704834","0.09541165828704834","0.09541165828704834"
"39046","0.10414578765630722","0.10414578765630722","0.10414578765630722"
"39047","0.12019684165716171","0.12019684165716171","0.12019684165716171"
"39048","0.08060752600431442","0.08060752600431442","0.08060752600431442"
"39059","0.12920622527599335","0.12920622527599335","0.12920622527599335"
"39064","0.08979907631874084","0.08979907631874084","0.08979907631874084"
"39089","0.12101545184850693","0.12101545184850693","0.12101545184850693"
"39090","0.09498089551925659","0.09498089551925659","0.09498089551925659"
"39093","0.0758952796459198","0.0758952796459198","0.0758952796459198"
"39096","0.08061784505844116","0.08061784505844116","0.08061784505844116"
"39100","0.06879588961601257","0.06879588961601257","0.06879588961601257"
"39102","0.10307443886995316","0.10307443886995316","0.10307443886995316"
"39110","0.09118030965328217","0.09118030965328217","0.09118030965328217"
"39111","0.11101225018501282","0.11101225018501282","0.11101225018501282"
"39112","0.08017978072166443","0.08017978072166443","0.08017978072166443"
"39114","0.09262681007385254","0.09262681007385254","0.09262681007385254"
"39115","0.20441284775733948","0.20441284775733948","0.20441284775733948"
"39119","0.0913853794336319","0.0913853794336319","0.0913853794336319"
"39120","0.15858405828475952","0.15858405828475952","0.15858405828475952"
"39123","0.11338216066360474","0.11338216066360474","0.11338216066360474"
"39124","0.12957526743412018","0.12957526743412018","0.12957526743412018"
"39134","0.052736543118953705","0.052736543118953705","0.052736543118953705"
"39136","0.08547796308994293","0.08547796308994293","0.08547796308994293"
"39147","0.07037968188524246","0.07037968188524246","0.07037968188524246"
"39148","0.09818898141384125","0.09818898141384125","0.09818898141384125"
"39154","0.12782134115695953","0.12782134115695953","0.12782134115695953"
"39156","0.08461906760931015","0.08461906760931015","0.08461906760931015"
"39163","0.104911670088768","0.104911670088768","0.104911670088768"
"39167","0.06564223766326904","0.06564223766326904","0.06564223766326904"
"39185","0.13038158416748047","0.13038158416748047","0.13038158416748047"
"39191","0.09310305118560791","0.09310305118560791","0.09310305118560791"
"39195","0.13256655633449554","0.13256655633449554","0.13256655633449554"
"39197","0.21621482074260712","0.21621482074260712","0.21621482074260712"
"39203","0.12119385600090027","0.12119385600090027","0.12119385600090027"
"39204","0.10457327961921692","0.10457327961921692","0.10457327961921692"
"39207","0.12596458196640015","0.12596458196640015","0.12596458196640015"
"39210","0.10347385704517365","0.10347385704517365","0.10347385704517365"
"39212","0.17004522681236267","0.17004522681236267","0.17004522681236267"
"39215","0.09361390769481659","0.09361390769481659","0.09361390769481659"
"39217","0.0962473601102829","0.0962473601102829","0.0962473601102829"
"39219","0.10564307868480682","0.10564307868480682","0.10564307868480682"
"39244","0.10826333612203598","0.10826333612203598","0.10826333612203598"
"39249","0.10062353312969208","0.10062353312969208","0.10062353312969208"
"39252","0.13883526623249054","0.13883526623249054","0.13883526623249054"
"39255","0.1061028242111206","0.1061028242111206","0.1061028242111206"
"39264","0.08663973212242126","0.08663973212242126","0.08663973212242126"
"39265","0.12960876524448395","0.12960876524448395","0.12960876524448395"
"39274","0.10400938987731934","0.10400938987731934","0.10400938987731934"
"39280","0.1335538774728775","0.1335538774728775","0.1335538774728775"
"39285","0.11564010381698608","0.11564010381698608","0.11564010381698608"
"39287","0.08565224707126617","0.08565224707126617","0.08565224707126617"
"39291","0.13812431693077087","0.13812431693077087","0.13812431693077087"
"39292","0.14865386486053467","0.14865386486053467","0.14865386486053467"
"39293","0.08711786568164825","0.08711786568164825","0.08711786568164825"
"39295","0.160755917429924","0.160755917429924","0.160755917429924"
"39297","0.12860502302646637","0.12860502302646637","0.12860502302646637"
"39299","0.13138563930988312","0.13138563930988312","0.13138563930988312"
"39300","0.08587399125099182","0.08587399125099182","0.08587399125099182"
"39306","0.10728216171264648","0.10728216171264648","0.10728216171264648"
"39310","0.06332707405090332","0.06332707405090332","0.06332707405090332"
"39313","0.059655383229255676","0.059655383229255676","0.059655383229255676"
"39317","0.09851416200399399","0.09851416200399399","0.09851416200399399"
"39322","0.11702997237443924","0.11702997237443924","0.11702997237443924"
"39323","0.0896880105137825","0.0896880105137825","0.0896880105137825"
"39325","0.17058289051055908","0.17058289051055908","0.17058289051055908"
"39328","0.07586334645748138","0.07586334645748138","0.07586334645748138"
"39331","0.1592453569173813","0.1592453569173813","0.1592453569173813"
"39336","0.08227631449699402","0.08227631449699402","0.08227631449699402"
"39339","0.09506316483020782","0.09506316483020782","0.09506316483020782"
"39347","0.15190726518630981","0.15190726518630981","0.15190726518630981"
"39362","0.2133278250694275","0.2133278250694275","0.2133278250694275"
"39371","0.16516338288784027","0.16516338288784027","0.16516338288784027"
"39376","0.10207978636026382","0.10207978636026382","0.10207978636026382"
"39387","0.10575640201568604","0.10575640201568604","0.10575640201568604"
"39388","0.13237421214580536","0.13237421214580536","0.13237421214580536"
"39412","0.05417102947831154","0.05417102947831154","0.05417102947831154"
"39417","0.147266685962677","0.147266685962677","0.147266685962677"
"39424","0.13191500306129456","0.13191500306129456","0.13191500306129456"
"39425","0.1092943549156189","0.1092943549156189","0.1092943549156189"
"39428","0.1539941281080246","0.1539941281080246","0.1539941281080246"
"39432","0.09452027082443237","0.09452027082443237","0.09452027082443237"
"39437","0.15814343094825745","0.15814343094825745","0.15814343094825745"
"39438","0.0969458669424057","0.0969458669424057","0.0969458669424057"
"39452","0.1413281261920929","0.1413281261920929","0.1413281261920929"
"39460","0.15153509378433228","0.15153509378433228","0.15153509378433228"
"39473","0.09658659994602203","0.09658659994602203","0.09658659994602203"
"39477","0.06593844294548035","0.06593844294548035","0.06593844294548035"
"39479","0.09757011383771896","0.09757011383771896","0.09757011383771896"
"39483","0.093080535531044","0.093080535531044","0.093080535531044"
"39498","0.10632215440273285","0.10632215440273285","0.10632215440273285"
"39502","0.16074660420417786","0.16074660420417786","0.16074660420417786"
"39507","0.16749507188796997","0.16749507188796997","0.16749507188796997"
"39508","0.1207706481218338","0.1207706481218338","0.1207706481218338"
"39511","0.09125856310129166","0.09125856310129166","0.09125856310129166"
"39515","0.11960423737764359","0.11960423737764359","0.11960423737764359"
"39516","0.11447806656360626","0.11447806656360626","0.11447806656360626"
"39518","0.13333383202552795","0.13333383202552795","0.13333383202552795"
"39520","0.09336940944194794","0.09336940944194794","0.09336940944194794"
"39539","0.09841488301753998","0.09841488301753998","0.09841488301753998"
"39543","0.1167944148182869","0.1167944148182869","0.1167944148182869"
"39546","0.11747737228870392","0.11747737228870392","0.11747737228870392"
"39553","0.19816330075263977","0.19816330075263977","0.19816330075263977"
"39554","0.11236952990293503","0.11236952990293503","0.11236952990293503"
"39564","0.11653591692447662","0.11653591692447662","0.11653591692447662"
"39566","0.06927236914634705","0.06927236914634705","0.06927236914634705"
"39575","0.06715874373912811","0.06715874373912811","0.06715874373912811"
"39583","0.13818801939487457","0.13818801939487457","0.13818801939487457"
"39593","0.08515854179859161","0.08515854179859161","0.08515854179859161"
"39596","0.11891843378543854","0.11891843378543854","0.11891843378543854"
"39602","0.13942614197731018","0.13942614197731018","0.13942614197731018"
"39603","0.1050635278224945","0.1050635278224945","0.1050635278224945"
"39614","0.07924138009548187","0.07924138009548187","0.07924138009548187"
"39622","0.1092577651143074","0.1092577651143074","0.1092577651143074"
"39630","0.1290828138589859","0.1290828138589859","0.1290828138589859"
"39635","0.09329308569431305","0.09329308569431305","0.09329308569431305"
"39636","0.12718220055103302","0.12718220055103302","0.12718220055103302"
"39639","0.06815089285373688","0.06815089285373688","0.06815089285373688"
"39640","0.12150564789772034","0.12150564789772034","0.12150564789772034"
"39644","0.09729193150997162","0.09729193150997162","0.09729193150997162"
"39648","0.12124685198068619","0.12124685198068619","0.12124685198068619"
"39650","0.09219960868358612","0.09219960868358612","0.09219960868358612"
"39653","0.15973049402236938","0.15973049402236938","0.15973049402236938"
"39654","0.07358870655298233","0.07358870655298233","0.07358870655298233"
"39658","0.11671029776334763","0.11671029776334763","0.11671029776334763"
"39668","0.1141049712896347","0.1141049712896347","0.1141049712896347"
"39669","0.06830842792987823","0.06830842792987823","0.06830842792987823"
"39670","0.09903375804424286","0.09903375804424286","0.09903375804424286"
"39672","0.09386720508337021","0.09386720508337021","0.09386720508337021"
"39675","0.1141112893819809","0.1141112893819809","0.1141112893819809"
"39681","0.11353900283575058","0.11353900283575058","0.11353900283575058"
"39684","0.12213627249002457","0.12213627249002457","0.12213627249002457"
"39685","0.1285504251718521","0.1285504251718521","0.1285504251718521"
"39686","0.0861753299832344","0.0861753299832344","0.0861753299832344"
"39695","0.08647319674491882","0.08647319674491882","0.08647319674491882"
"39701","0.09159818291664124","0.09159818291664124","0.09159818291664124"
"39706","0.16814908385276794","0.16814908385276794","0.16814908385276794"
"39708","0.09207643568515778","0.09207643568515778","0.09207643568515778"
"39712","0.12757998704910278","0.12757998704910278","0.12757998704910278"
"39715","0.11367467045783997","0.11367467045783997","0.11367467045783997"
"39717","0.17425614595413208","0.17425614595413208","0.17425614595413208"
"39732","0.10810859501361847","0.10810859501361847","0.10810859501361847"
"39734","0.12137969583272934","0.12137969583272934","0.12137969583272934"
"39737","0.15661939978599548","0.15661939978599548","0.15661939978599548"
"39743","0.14219459891319275","0.14219459891319275","0.14219459891319275"
"39745","0.17327207326889038","0.17327207326889038","0.17327207326889038"
"39746","0.1575084924697876","0.1575084924697876","0.1575084924697876"
"39747","0.051004018634557724","0.051004018634557724","0.051004018634557724"
"39751","0.07691870629787445","0.07691870629787445","0.07691870629787445"
"39764","0.12107845395803452","0.12107845395803452","0.12107845395803452"
"39765","0.10914656519889832","0.10914656519889832","0.10914656519889832"
"39777","0.12955346703529358","0.12955346703529358","0.12955346703529358"
"39788","0.14552359282970428","0.14552359282970428","0.14552359282970428"
"39794","0.11509005725383759","0.11509005725383759","0.11509005725383759"
"39795","0.07101988047361374","0.07101988047361374","0.07101988047361374"
"39798","0.08559416234493256","0.08559416234493256","0.08559416234493256"
"39800","0.07269430160522461","0.07269430160522461","0.07269430160522461"
"39806","0.08073282986879349","0.08073282986879349","0.08073282986879349"
"39811","0.0860595554113388","0.0860595554113388","0.0860595554113388"
"39819","0.07598760724067688","0.07598760724067688","0.07598760724067688"
"39826","0.12932197749614716","0.12932197749614716","0.12932197749614716"
"39829","0.1566362977027893","0.1566362977027893","0.1566362977027893"
"39837","0.1011277288198471","0.1011277288198471","0.1011277288198471"
"39842","0.12276189029216766","0.12276189029216766","0.12276189029216766"
"39862","0.12955954670906067","0.12955954670906067","0.12955954670906067"
"39867","0.1628284603357315","0.1628284603357315","0.1628284603357315"
"39868","0.12302923202514648","0.12302923202514648","0.12302923202514648"
"39870","0.07084881514310837","0.07084881514310837","0.07084881514310837"
"39876","0.08812621235847473","0.08812621235847473","0.08812621235847473"
"39877","0.12074074149131775","0.12074074149131775","0.12074074149131775"
"39878","0.17622444033622742","0.17622444033622742","0.17622444033622742"
"39882","0.09287193417549133","0.09287193417549133","0.09287193417549133"
"39891","0.0361662320792675","0.0361662320792675","0.0361662320792675"
"39896","0.06769771873950958","0.06769771873950958","0.06769771873950958"
"39924","0.06793315708637238","0.06793315708637238","0.06793315708637238"
"39930","0.08869297802448273","0.08869297802448273","0.08869297802448273"
"39942","0.10587332397699356","0.10587332397699356","0.10587332397699356"
"39954","0.1281224638223648","0.1281224638223648","0.1281224638223648"
"39959","0.13030441105365753","0.13030441105365753","0.13030441105365753"
"39969","0.135453462600708","0.135453462600708","0.135453462600708"
"39971","0.13982366025447845","0.13982366025447845","0.13982366025447845"
"39973","0.08860909193754196","0.08860909193754196","0.08860909193754196"
"39978","0.1640883833169937","0.1640883833169937","0.1640883833169937"
"39985","0.10970935225486755","0.10970935225486755","0.10970935225486755"
"39986","0.07235649973154068","0.07235649973154068","0.07235649973154068"
"39988","0.20602402091026306","0.20602402091026306","0.20602402091026306"
"39992","0.07864119857549667","0.07864119857549667","0.07864119857549667"
"40003","0.1432856321334839","0.1432856321334839","0.1432856321334839"
"40004","0.10136076807975769","0.10136076807975769","0.10136076807975769"
"40010","0.11596877872943878","0.11596877872943878","0.11596877872943878"
"40013","0.14290302991867065","0.14290302991867065","0.14290302991867065"
"40032","0.10951735079288483","0.10951735079288483","0.10951735079288483"
"40037","0.06935836374759674","0.06935836374759674","0.06935836374759674"
"40044","0.07609421759843826","0.07609421759843826","0.07609421759843826"
"40045","0.10447143018245697","0.10447143018245697","0.10447143018245697"
"40051","0.10683003813028336","0.10683003813028336","0.10683003813028336"
"40060","0.14603491127490997","0.14603491127490997","0.14603491127490997"
"40067","0.07631117850542068","0.07631117850542068","0.07631117850542068"
"40076","0.11046085506677628","0.11046085506677628","0.11046085506677628"
"40077","0.15909728407859802","0.15909728407859802","0.15909728407859802"
"40081","0.14328819513320923","0.14328819513320923","0.14328819513320923"
"40084","0.0932709127664566","0.0932709127664566","0.0932709127664566"
"40087","0.11154408752918243","0.11154408752918243","0.11154408752918243"
"40092","0.06853041052818298","0.06853041052818298","0.06853041052818298"
"40093","0.1161879450082779","0.1161879450082779","0.1161879450082779"
"40096","0.04975913465023041","0.04975913465023041","0.04975913465023041"
"40114","0.1445990353822708","0.1445990353822708","0.1445990353822708"
"40118","0.06222281605005264","0.06222281605005264","0.06222281605005264"
"40126","0.06844384968280792","0.06844384968280792","0.06844384968280792"
"40131","0.10106447339057922","0.10106447339057922","0.10106447339057922"
"40133","0.07140352576971054","0.07140352576971054","0.07140352576971054"
"40135","0.1987522840499878","0.1987522840499878","0.1987522840499878"
"40139","0.11208604276180267","0.11208604276180267","0.11208604276180267"
"40143","0.08981247246265411","0.08981247246265411","0.08981247246265411"
"40144","0.053010523319244385","0.053010523319244385","0.053010523319244385"
"40145","0.09815271198749542","0.09815271198749542","0.09815271198749542"
"40146","0.14022091031074524","0.14022091031074524","0.14022091031074524"
"40150","0.07678867131471634","0.07678867131471634","0.07678867131471634"
"40153","0.09660251438617706","0.09660251438617706","0.09660251438617706"
"40159","0.1271706223487854","0.1271706223487854","0.1271706223487854"
"40161","0.09115711599588394","0.09115711599588394","0.09115711599588394"
"40165","0.16795668005943298","0.16795668005943298","0.16795668005943298"
"40166","0.13675960898399353","0.13675960898399353","0.13675960898399353"
"40167","0.10873517394065857","0.10873517394065857","0.10873517394065857"
"40168","0.10875541716814041","0.10875541716814041","0.10875541716814041"
"40169","0.11774337291717529","0.11774337291717529","0.11774337291717529"
"40171","0.12831777334213257","0.12831777334213257","0.12831777334213257"
"40180","0.09635099768638611","0.09635099768638611","0.09635099768638611"
"40185","0.021385198459029198","0.021385198459029198","0.021385198459029198"
"40189","0.11963102221488953","0.11963102221488953","0.11963102221488953"
"40194","0.08125753700733185","0.08125753700733185","0.08125753700733185"
"40200","0.11729075014591217","0.11729075014591217","0.11729075014591217"
"40204","0.10377384722232819","0.10377384722232819","0.10377384722232819"
"40205","0.11642937362194061","0.11642937362194061","0.11642937362194061"
"40208","0.13454607129096985","0.13454607129096985","0.13454607129096985"
"40220","0.10906441509723663","0.10906441509723663","0.10906441509723663"
"40224","0.08802290260791779","0.08802290260791779","0.08802290260791779"
"40231","0.12211203575134277","0.12211203575134277","0.12211203575134277"
"40235","0.09628312289714813","0.09628312289714813","0.09628312289714813"
"40236","0.09662339091300964","0.09662339091300964","0.09662339091300964"
"40240","0.13096369802951813","0.13096369802951813","0.13096369802951813"
"40249","0.1250305473804474","0.1250305473804474","0.1250305473804474"
"40251","0.1354295313358307","0.1354295313358307","0.1354295313358307"
"40252","0.15531089901924133","0.15531089901924133","0.15531089901924133"
"40256","0.09386839717626572","0.09386839717626572","0.09386839717626572"
"40264","0.16796037554740906","0.16796037554740906","0.16796037554740906"
"40265","0.15128712356090546","0.15128712356090546","0.15128712356090546"
"40267","0.10508787631988525","0.10508787631988525","0.10508787631988525"
"40268","0.1842169463634491","0.1842169463634491","0.1842169463634491"
"40269","0.10825259238481522","0.10825259238481522","0.10825259238481522"
"40278","0.11405549943447113","0.11405549943447113","0.11405549943447113"
"40279","0.12545788288116455","0.12545788288116455","0.12545788288116455"
"40294","0.07432772219181061","0.07432772219181061","0.07432772219181061"
"40295","0.10251490771770477","0.10251490771770477","0.10251490771770477"
"40297","0.11943250894546509","0.11943250894546509","0.11943250894546509"
"40301","0.17119404673576355","0.17119404673576355","0.17119404673576355"
"40309","0.1542425900697708","0.1542425900697708","0.1542425900697708"
"40316","0.09384725987911224","0.09384725987911224","0.09384725987911224"
"40325","0.11735424399375916","0.11735424399375916","0.11735424399375916"
"40328","0.09543713182210922","0.09543713182210922","0.09543713182210922"
"40337","0.16994138062000275","0.16994138062000275","0.16994138062000275"
"40340","0.08573786914348602","0.08573786914348602","0.08573786914348602"
"40341","0.11180917173624039","0.11180917173624039","0.11180917173624039"
"40343","0.12592390179634094","0.12592390179634094","0.12592390179634094"
"40348","0.0850842073559761","0.0850842073559761","0.0850842073559761"
"40349","0.08667296916246414","0.08667296916246414","0.08667296916246414"
"40352","0.07151564955711365","0.07151564955711365","0.07151564955711365"
"40368","0.18347226083278656","0.18347226083278656","0.18347226083278656"
"40370","0.08761899173259735","0.08761899173259735","0.08761899173259735"
"40371","0.08636058866977692","0.08636058866977692","0.08636058866977692"
"40384","0.10871195793151855","0.10871195793151855","0.10871195793151855"
"40387","0.15028536319732666","0.15028536319732666","0.15028536319732666"
"40393","0.06759323924779892","0.06759323924779892","0.06759323924779892"
"40394","0.1494864523410797","0.1494864523410797","0.1494864523410797"
"40395","0.145990788936615","0.145990788936615","0.145990788936615"
"40397","0.13224786520004272","0.13224786520004272","0.13224786520004272"
"40408","0.10099150985479355","0.10099150985479355","0.10099150985479355"
"40418","0.09991063177585602","0.09991063177585602","0.09991063177585602"
"40422","0.08182097226381302","0.08182097226381302","0.08182097226381302"
"40427","0.10314739495515823","0.10314739495515823","0.10314739495515823"
"40429","0.10770900547504425","0.10770900547504425","0.10770900547504425"
"40438","0.15502116084098816","0.15502116084098816","0.15502116084098816"
"40443","0.12423398345708847","0.12423398345708847","0.12423398345708847"
"40444","0.14910537004470825","0.14910537004470825","0.14910537004470825"
"40446","0.1353500485420227","0.1353500485420227","0.1353500485420227"
"40452","0.12896043062210083","0.12896043062210083","0.12896043062210083"
"40454","0.1403588354587555","0.1403588354587555","0.1403588354587555"
"40456","0.10262436419725418","0.10262436419725418","0.10262436419725418"
"40463","0.11079160124063492","0.11079160124063492","0.11079160124063492"
"40465","0.13509510457515717","0.13509510457515717","0.13509510457515717"
"40470","0.135572612285614","0.135572612285614","0.135572612285614"
"40474","0.03775957226753235","0.03775957226753235","0.03775957226753235"
"40481","0.13884644210338593","0.13884644210338593","0.13884644210338593"
"40482","0.06920237839221954","0.06920237839221954","0.06920237839221954"
"40484","0.11625666171312332","0.11625666171312332","0.11625666171312332"
"40489","0.08427134901285172","0.08427134901285172","0.08427134901285172"
"40492","0.11312089115381241","0.11312089115381241","0.11312089115381241"
"40494","0.10331598669290543","0.10331598669290543","0.10331598669290543"
"40507","0.0565563403069973","0.0565563403069973","0.0565563403069973"
"40508","0.10990157723426819","0.10990157723426819","0.10990157723426819"
"40509","0.06576842814683914","0.06576842814683914","0.06576842814683914"
"40515","0.10879869759082794","0.10879869759082794","0.10879869759082794"
"40518","0.08470679819583893","0.08470679819583893","0.08470679819583893"
"40520","0.1292644739151001","0.1292644739151001","0.1292644739151001"
"40521","0.1152685135602951","0.1152685135602951","0.1152685135602951"
"40524","0.1170724406838417","0.1170724406838417","0.1170724406838417"
"40526","0.11917567253112793","0.11917567253112793","0.11917567253112793"
"40531","0.035856109112501144","0.035856109112501144","0.035856109112501144"
"40538","0.17891797423362732","0.17891797423362732","0.17891797423362732"
"40539","0.134169802069664","0.134169802069664","0.134169802069664"
"40543","0.12892621755599976","0.12892621755599976","0.12892621755599976"
"40550","0.19147571921348572","0.19147571921348572","0.19147571921348572"
"40553","0.10499297082424164","0.10499297082424164","0.10499297082424164"
"40556","0.15205776691436768","0.15205776691436768","0.15205776691436768"
"40559","0.12770900130271912","0.12770900130271912","0.12770900130271912"
"40561","0.15631720423698425","0.15631720423698425","0.15631720423698425"
"40568","0.09870761632919312","0.09870761632919312","0.09870761632919312"
"40570","0.13798391819000244","0.13798391819000244","0.13798391819000244"
"40571","0.09016849100589752","0.09016849100589752","0.09016849100589752"
"40577","0.06525596976280212","0.06525596976280212","0.06525596976280212"
"40578","0.12771689891815186","0.12771689891815186","0.12771689891815186"
"40580","0.10565249621868134","0.10565249621868134","0.10565249621868134"
"40581","0.08988313376903534","0.08988313376903534","0.08988313376903534"
"40590","0.07315026968717575","0.07315026968717575","0.07315026968717575"
"40591","0.13450400531291962","0.13450400531291962","0.13450400531291962"
"40595","0.11660762131214142","0.11660762131214142","0.11660762131214142"
"40599","0.10102036595344543","0.10102036595344543","0.10102036595344543"
"40601","0.13045647740364075","0.13045647740364075","0.13045647740364075"
"40608","0.11764294654130936","0.11764294654130936","0.11764294654130936"
"40615","0.1613093465566635","0.1613093465566635","0.1613093465566635"
"40625","0.20325568318367004","0.20325568318367004","0.20325568318367004"
"40632","0.12030622363090515","0.12030622363090515","0.12030622363090515"
"40638","0.08348377048969269","0.08348377048969269","0.08348377048969269"
"40655","0.1706274449825287","0.1706274449825287","0.1706274449825287"
"40658","0.10490713268518448","0.10490713268518448","0.10490713268518448"
"40660","0.105476975440979","0.105476975440979","0.105476975440979"
"40667","0.1241830363869667","0.1241830363869667","0.1241830363869667"
"40673","0.13686907291412354","0.13686907291412354","0.13686907291412354"
"40674","0.06283194571733475","0.06283194571733475","0.06283194571733475"
"40679","0.10243964940309525","0.10243964940309525","0.10243964940309525"
"40680","0.10272206366062164","0.10272206366062164","0.10272206366062164"
"40684","0.07632196694612503","0.07632196694612503","0.07632196694612503"
"40685","0.0787864550948143","0.0787864550948143","0.0787864550948143"
"40700","0.07117574661970139","0.07117574661970139","0.07117574661970139"
"40703","0.10638801008462906","0.10638801008462906","0.10638801008462906"
"40705","0.13022348284721375","0.13022348284721375","0.13022348284721375"
"40706","0.11401945352554321","0.11401945352554321","0.11401945352554321"
"40708","0.04622633755207062","0.04622633755207062","0.04622633755207062"
"40714","0.09342563897371292","0.09342563897371292","0.09342563897371292"
"40718","0.14761605858802795","0.14761605858802795","0.14761605858802795"
"40722","0.06556251645088196","0.06556251645088196","0.06556251645088196"
"40724","0.09345608949661255","0.09345608949661255","0.09345608949661255"
"40727","0.1394147276878357","0.1394147276878357","0.1394147276878357"
"40730","0.06666600704193115","0.06666600704193115","0.06666600704193115"
"40745","0.13920843601226807","0.13920843601226807","0.13920843601226807"
"40754","0.210438072681427","0.210438072681427","0.210438072681427"
"40757","0.08657786250114441","0.08657786250114441","0.08657786250114441"
"40765","0.1101970449090004","0.1101970449090004","0.1101970449090004"
"40770","0.13166871666908264","0.13166871666908264","0.13166871666908264"
"40775","0.08433549106121063","0.08433549106121063","0.08433549106121063"
"40776","0.1653975546360016","0.1653975546360016","0.1653975546360016"
"40779","0.14019542932510376","0.14019542932510376","0.14019542932510376"
"40783","0.104306161403656","0.104306161403656","0.104306161403656"
"40786","0.09956596046686172","0.09956596046686172","0.09956596046686172"
"40788","0.05988599359989166","0.05988599359989166","0.05988599359989166"
"40793","0.08466222882270813","0.08466222882270813","0.08466222882270813"
"40795","0.13544557988643646","0.13544557988643646","0.13544557988643646"
"40798","0.13492631912231445","0.13492631912231445","0.13492631912231445"
"40799","0.15760216116905212","0.15760216116905212","0.15760216116905212"
"40804","0.10577230900526047","0.10577230900526047","0.10577230900526047"
"40805","0.16548460721969604","0.16548460721969604","0.16548460721969604"
"40808","0.1060471162199974","0.1060471162199974","0.1060471162199974"
"40816","0.12924668192863464","0.12924668192863464","0.12924668192863464"
"40823","0.07839465141296387","0.07839465141296387","0.07839465141296387"
"40824","0.11441871523857117","0.11441871523857117","0.11441871523857117"
"40828","0.08820682764053345","0.08820682764053345","0.08820682764053345"
"40833","0.11397513747215271","0.11397513747215271","0.11397513747215271"
"40838","0.11799845844507217","0.11799845844507217","0.11799845844507217"
"40846","0.07783125340938568","0.07783125340938568","0.07783125340938568"
"40856","0.09759917855262756","0.09759917855262756","0.09759917855262756"
"40859","0.08499152958393097","0.08499152958393097","0.08499152958393097"
"40862","0.15263181924819946","0.15263181924819946","0.15263181924819946"
"40870","0.1494496762752533","0.1494496762752533","0.1494496762752533"
"40872","0.06129002571105957","0.06129002571105957","0.06129002571105957"
"40878","0.11587131023406982","0.11587131023406982","0.11587131023406982"
"40881","0.08991838246583939","0.08991838246583939","0.08991838246583939"
"40884","0.10579762607812881","0.10579762607812881","0.10579762607812881"
"40885","0.15264016389846802","0.15264016389846802","0.15264016389846802"
"40890","0.14582450687885284","0.14582450687885284","0.14582450687885284"
"40895","0.11699363589286804","0.11699363589286804","0.11699363589286804"
"40906","0.16407011449337006","0.16407011449337006","0.16407011449337006"
"40916","0.08491706103086472","0.08491706103086472","0.08491706103086472"
"40917","0.07275211066007614","0.07275211066007614","0.07275211066007614"
"40925","0.07048523426055908","0.07048523426055908","0.07048523426055908"
"40928","0.10909302532672882","0.10909302532672882","0.10909302532672882"
"40929","0.11959658563137054","0.11959658563137054","0.11959658563137054"
"40938","0.12618109583854675","0.12618109583854675","0.12618109583854675"
"40939","0.08884643018245697","0.08884643018245697","0.08884643018245697"
"40945","0.07139843702316284","0.07139843702316284","0.07139843702316284"
"40947","0.15406088531017303","0.15406088531017303","0.15406088531017303"
"40960","0.1609903872013092","0.1609903872013092","0.1609903872013092"
"40963","0.12191125005483627","0.12191125005483627","0.12191125005483627"
"40965","0.10995066165924072","0.10995066165924072","0.10995066165924072"
"40967","0.10141382366418839","0.10141382366418839","0.10141382366418839"
"40977","0.08870136737823486","0.08870136737823486","0.08870136737823486"
"40979","0.14160403609275818","0.14160403609275818","0.14160403609275818"
"40994","0.07084622234106064","0.07084622234106064","0.07084622234106064"
"40995","0.07457838207483292","0.07457838207483292","0.07457838207483292"
"40996","0.1074535995721817","0.1074535995721817","0.1074535995721817"
"40997","0.16655896604061127","0.16655896604061127","0.16655896604061127"
"41002","0.09051508456468582","0.09051508456468582","0.09051508456468582"
"41010","0.1513945609331131","0.1513945609331131","0.1513945609331131"
"41011","0.1156778410077095","0.1156778410077095","0.1156778410077095"
"41015","0.14483828842639923","0.14483828842639923","0.14483828842639923"
"41016","0.14161594212055206","0.14161594212055206","0.14161594212055206"
"41017","0.08612637221813202","0.08612637221813202","0.08612637221813202"
"41019","0.16095495223999023","0.16095495223999023","0.16095495223999023"
"41020","0.1683705896139145","0.1683705896139145","0.1683705896139145"
"41033","0.16365179419517517","0.16365179419517517","0.16365179419517517"
"41038","0.10913512110710144","0.10913512110710144","0.10913512110710144"
"41039","0.11007843911647797","0.11007843911647797","0.11007843911647797"
"41046","0.15916961431503296","0.15916961431503296","0.15916961431503296"
"41047","0.11382771283388138","0.11382771283388138","0.11382771283388138"
"41048","0.1645319163799286","0.1645319163799286","0.1645319163799286"
"41050","0.12523826956748962","0.12523826956748962","0.12523826956748962"
"41054","0.11451444029808044","0.11451444029808044","0.11451444029808044"
"41071","0.1398596316576004","0.1398596316576004","0.1398596316576004"
"41074","0.061790116131305695","0.061790116131305695","0.061790116131305695"
"41083","0.07364994287490845","0.07364994287490845","0.07364994287490845"
"41085","0.14867183566093445","0.14867183566093445","0.14867183566093445"
"41088","0.1529580056667328","0.1529580056667328","0.1529580056667328"
"41099","0.1699276864528656","0.1699276864528656","0.1699276864528656"
"41106","0.08865572512149811","0.08865572512149811","0.08865572512149811"
"41109","0.13933610916137695","0.13933610916137695","0.13933610916137695"
"41114","0.10202191770076752","0.10202191770076752","0.10202191770076752"
"41125","0.13719242811203003","0.13719242811203003","0.13719242811203003"
"41127","0.10277892649173737","0.10277892649173737","0.10277892649173737"
"41141","0.12634405493736267","0.12634405493736267","0.12634405493736267"
"41149","0.1017165333032608","0.1017165333032608","0.1017165333032608"
"41163","0.12600451707839966","0.12600451707839966","0.12600451707839966"
"41164","0.11076091229915619","0.11076091229915619","0.11076091229915619"
"41170","0.08259379118680954","0.08259379118680954","0.08259379118680954"
"41172","0.08705146610736847","0.08705146610736847","0.08705146610736847"
"41190","0.17551182210445404","0.17551182210445404","0.17551182210445404"
"41199","0.20154082775115967","0.20154082775115967","0.20154082775115967"
"41206","0.12562993168830872","0.12562993168830872","0.12562993168830872"
"41209","0.18876492977142334","0.18876492977142334","0.18876492977142334"
"41210","0.10682100802659988","0.10682100802659988","0.10682100802659988"
"41214","0.09819255769252777","0.09819255769252777","0.09819255769252777"
"41229","0.15667936205863953","0.15667936205863953","0.15667936205863953"
"41231","0.11103677749633789","0.11103677749633789","0.11103677749633789"
"41235","0.13478168845176697","0.13478168845176697","0.13478168845176697"
"41237","0.12358105182647705","0.12358105182647705","0.12358105182647705"
"41249","0.07278271019458771","0.07278271019458771","0.07278271019458771"
"41250","0.06886022537946701","0.06886022537946701","0.06886022537946701"
"41252","0.14690738916397095","0.14690738916397095","0.14690738916397095"
"41265","0.17750929296016693","0.17750929296016693","0.17750929296016693"
"41267","0.10668490082025528","0.10668490082025528","0.10668490082025528"
"41270","0.09813037514686584","0.09813037514686584","0.09813037514686584"
"41276","0.10241587460041046","0.10241587460041046","0.10241587460041046"
"41278","0.09737464785575867","0.09737464785575867","0.09737464785575867"
"41280","0.09236845374107361","0.09236845374107361","0.09236845374107361"
"41286","0.10159187018871307","0.10159187018871307","0.10159187018871307"
"41287","0.08741644024848938","0.08741644024848938","0.08741644024848938"
"41300","0.0972527414560318","0.0972527414560318","0.0972527414560318"
"41301","0.09091600775718689","0.09091600775718689","0.09091600775718689"
"41306","0.10499230027198792","0.10499230027198792","0.10499230027198792"
"41308","0.1128067821264267","0.1128067821264267","0.1128067821264267"
"41309","0.12045709788799286","0.12045709788799286","0.12045709788799286"
"41311","0.12136588990688324","0.12136588990688324","0.12136588990688324"
"41316","0.10671401768922806","0.10671401768922806","0.10671401768922806"
"41317","0.0983193963766098","0.0983193963766098","0.0983193963766098"
"41323","0.10398031771183014","0.10398031771183014","0.10398031771183014"
"41327","0.08580482006072998","0.08580482006072998","0.08580482006072998"
"41329","0.14402207732200623","0.14402207732200623","0.14402207732200623"
"41336","0.14672565460205078","0.14672565460205078","0.14672565460205078"
"41337","0.11433827877044678","0.11433827877044678","0.11433827877044678"
"41338","0.20371600985527039","0.20371600985527039","0.20371600985527039"
"41346","0.11605635285377502","0.11605635285377502","0.11605635285377502"
"41349","0.06853005290031433","0.06853005290031433","0.06853005290031433"
"41354","0.14800815284252167","0.14800815284252167","0.14800815284252167"
"41370","0.1298169493675232","0.1298169493675232","0.1298169493675232"
"41371","0.16033264994621277","0.16033264994621277","0.16033264994621277"
"41374","0.09541446715593338","0.09541446715593338","0.09541446715593338"
"41380","0.16692900657653809","0.16692900657653809","0.16692900657653809"
"41381","0.12501895427703857","0.12501895427703857","0.12501895427703857"
"41384","0.12058509141206741","0.12058509141206741","0.12058509141206741"
"41386","0.17087464034557343","0.17087464034557343","0.17087464034557343"
"41397","0.14926448464393616","0.14926448464393616","0.14926448464393616"
"41398","0.05956435203552246","0.05956435203552246","0.05956435203552246"
"41401","0.049850888550281525","0.049850888550281525","0.049850888550281525"
"41403","0.12243698537349701","0.12243698537349701","0.12243698537349701"
"41405","0.1204758882522583","0.1204758882522583","0.1204758882522583"
"41411","0.19642984867095947","0.19642984867095947","0.19642984867095947"
"41415","0.1935802698135376","0.1935802698135376","0.1935802698135376"
"41417","0.12252280861139297","0.12252280861139297","0.12252280861139297"
"41425","0.1028127372264862","0.1028127372264862","0.1028127372264862"
"41427","0.1087787002325058","0.1087787002325058","0.1087787002325058"
"41429","0.11427412927150726","0.11427412927150726","0.11427412927150726"
"41434","0.18987813591957092","0.18987813591957092","0.18987813591957092"
"41441","0.0988502949476242","0.0988502949476242","0.0988502949476242"
"41442","0.06189201772212982","0.06189201772212982","0.06189201772212982"
"41446","0.14271745085716248","0.14271745085716248","0.14271745085716248"
"41454","0.13747107982635498","0.13747107982635498","0.13747107982635498"
"41457","0.11272817850112915","0.11272817850112915","0.11272817850112915"
"41461","0.08482876420021057","0.08482876420021057","0.08482876420021057"
"41462","0.10638269782066345","0.10638269782066345","0.10638269782066345"
"41467","0.1276857554912567","0.1276857554912567","0.1276857554912567"
"41472","0.08325981348752975","0.08325981348752975","0.08325981348752975"
"41476","0.20579753816127777","0.20579753816127777","0.20579753816127777"
"41479","0.0753500908613205","0.0753500908613205","0.0753500908613205"
"41481","0.131180077791214","0.131180077791214","0.131180077791214"
"41485","0.11357895284891129","0.11357895284891129","0.11357895284891129"
"41491","0.06443125754594803","0.06443125754594803","0.06443125754594803"
"41494","0.033949971199035645","0.033949971199035645","0.033949971199035645"
"41497","0.12277860939502716","0.12277860939502716","0.12277860939502716"
"41499","0.06440945714712143","0.06440945714712143","0.06440945714712143"
"41505","0.13866570591926575","0.13866570591926575","0.13866570591926575"
"41506","0.1256079077720642","0.1256079077720642","0.1256079077720642"
"41507","0.08826158940792084","0.08826158940792084","0.08826158940792084"
"41509","0.16544081270694733","0.16544081270694733","0.16544081270694733"
"41512","0.1271478682756424","0.1271478682756424","0.1271478682756424"
"41518","0.09392105042934418","0.09392105042934418","0.09392105042934418"
"41522","0.08406952023506165","0.08406952023506165","0.08406952023506165"
"41524","0.09849739074707031","0.09849739074707031","0.09849739074707031"
"41526","0.11243325471878052","0.11243325471878052","0.11243325471878052"
"41530","0.16394008696079254","0.16394008696079254","0.16394008696079254"
"41551","0.15082016587257385","0.15082016587257385","0.15082016587257385"
"41552","0.14047327637672424","0.14047327637672424","0.14047327637672424"
"41554","0.14479154348373413","0.14479154348373413","0.14479154348373413"
"41557","0.08755503594875336","0.08755503594875336","0.08755503594875336"
"41560","0.12796226143836975","0.12796226143836975","0.12796226143836975"
"41562","0.11438117176294327","0.11438117176294327","0.11438117176294327"
"41563","0.07804176211357117","0.07804176211357117","0.07804176211357117"
"41566","0.12088751792907715","0.12088751792907715","0.12088751792907715"
"41570","0.13689091801643372","0.13689091801643372","0.13689091801643372"
"41575","0.12325766682624817","0.12325766682624817","0.12325766682624817"
"41578","0.13743337988853455","0.13743337988853455","0.13743337988853455"
"41595","0.102312833070755","0.102312833070755","0.102312833070755"
"41613","0.12550584971904755","0.12550584971904755","0.12550584971904755"
"41624","0.11582992225885391","0.11582992225885391","0.11582992225885391"
"41630","0.17388030886650085","0.17388030886650085","0.17388030886650085"
"41638","0.10043363273143768","0.10043363273143768","0.10043363273143768"
"41642","0.11436555534601212","0.11436555534601212","0.11436555534601212"
"41643","0.1553877294063568","0.1553877294063568","0.1553877294063568"
"41646","0.11925283074378967","0.11925283074378967","0.11925283074378967"
"41653","0.14282019436359406","0.14282019436359406","0.14282019436359406"
"41657","0.15287062525749207","0.15287062525749207","0.15287062525749207"
"41661","0.08173882961273193","0.08173882961273193","0.08173882961273193"
"41667","0.1398809552192688","0.1398809552192688","0.1398809552192688"
"41676","0.1271653026342392","0.1271653026342392","0.1271653026342392"
"41679","0.1128941997885704","0.1128941997885704","0.1128941997885704"
"41683","0.08472807705402374","0.08472807705402374","0.08472807705402374"
"41684","0.11912666261196136","0.11912666261196136","0.11912666261196136"
"41686","0.126815065741539","0.126815065741539","0.126815065741539"
"41687","0.04786844551563263","0.04786844551563263","0.04786844551563263"
"41699","0.12539972364902496","0.12539972364902496","0.12539972364902496"
"41701","0.08411505073308945","0.08411505073308945","0.08411505073308945"
"41706","0.10045359283685684","0.10045359283685684","0.10045359283685684"
"41710","0.16093461215496063","0.16093461215496063","0.16093461215496063"
"41718","0.16049852967262268","0.16049852967262268","0.16049852967262268"
"41719","0.07829749584197998","0.07829749584197998","0.07829749584197998"
"41721","0.14534306526184082","0.14534306526184082","0.14534306526184082"
"41727","0.10592006146907806","0.10592006146907806","0.10592006146907806"
"41742","0.13697394728660583","0.13697394728660583","0.13697394728660583"
"41750","0.08186475187540054","0.08186475187540054","0.08186475187540054"
"41752","0.16057732701301575","0.16057732701301575","0.16057732701301575"
"41755","0.13799834251403809","0.13799834251403809","0.13799834251403809"
"41757","0.1639329493045807","0.1639329493045807","0.1639329493045807"
"41767","0.1296614110469818","0.1296614110469818","0.1296614110469818"
"41772","0.08960092067718506","0.08960092067718506","0.08960092067718506"
"41773","0.1324111521244049","0.1324111521244049","0.1324111521244049"
"41780","0.1451425552368164","0.1451425552368164","0.1451425552368164"
"41782","0.09930935502052307","0.09930935502052307","0.09930935502052307"
"41789","0.11112643033266068","0.11112643033266068","0.11112643033266068"
"41792","0.12217124551534653","0.12217124551534653","0.12217124551534653"
"41793","0.13728676736354828","0.13728676736354828","0.13728676736354828"
"41794","0.13229407370090485","0.13229407370090485","0.13229407370090485"
"41799","0.17187224328517914","0.17187224328517914","0.17187224328517914"
"41802","0.1240638718008995","0.1240638718008995","0.1240638718008995"
"41810","0.10763980448246002","0.10763980448246002","0.10763980448246002"
"41815","0.10923318564891815","0.10923318564891815","0.10923318564891815"
"41816","0.07877178490161896","0.07877178490161896","0.07877178490161896"
"41818","0.11780255287885666","0.11780255287885666","0.11780255287885666"
"41821","0.1113746166229248","0.1113746166229248","0.1113746166229248"
"41824","0.1904236376285553","0.1904236376285553","0.1904236376285553"
"41829","0.10789318382740021","0.10789318382740021","0.10789318382740021"
"41830","0.085028275847435","0.085028275847435","0.085028275847435"
"41834","0.18022453784942627","0.18022453784942627","0.18022453784942627"
"41839","0.1414298415184021","0.1414298415184021","0.1414298415184021"
"41841","0.14227153360843658","0.14227153360843658","0.14227153360843658"
"41842","0.11973415315151215","0.11973415315151215","0.11973415315151215"
"41844","0.07200760394334793","0.07200760394334793","0.07200760394334793"
"41858","0.16054652631282806","0.16054652631282806","0.16054652631282806"
"41867","0.13700580596923828","0.13700580596923828","0.13700580596923828"
"41880","0.14743918180465698","0.14743918180465698","0.14743918180465698"
"41884","0.15081840753555298","0.15081840753555298","0.15081840753555298"
"41893","0.12307664752006531","0.12307664752006531","0.12307664752006531"
"41898","0.051845815032720566","0.051845815032720566","0.051845815032720566"
"41899","0.11300936341285706","0.11300936341285706","0.11300936341285706"
"41902","0.08575539290904999","0.08575539290904999","0.08575539290904999"
"41906","0.11553546786308289","0.11553546786308289","0.11553546786308289"
"41911","0.0828288346529007","0.0828288346529007","0.0828288346529007"
"41916","0.10771225392818451","0.10771225392818451","0.10771225392818451"
"41920","0.09956230223178864","0.09956230223178864","0.09956230223178864"
"41923","0.13826948404312134","0.13826948404312134","0.13826948404312134"
"41931","0.1462448686361313","0.1462448686361313","0.1462448686361313"
"41932","0.12266778200864792","0.12266778200864792","0.12266778200864792"
"41935","0.08502935618162155","0.08502935618162155","0.08502935618162155"
"41937","0.055900685489177704","0.055900685489177704","0.055900685489177704"
"41939","0.12074075639247894","0.12074075639247894","0.12074075639247894"
"41940","0.12571971118450165","0.12571971118450165","0.12571971118450165"
"41953","0.07137933373451233","0.07137933373451233","0.07137933373451233"
"41959","0.12723767757415771","0.12723767757415771","0.12723767757415771"
"41960","0.11510396003723145","0.11510396003723145","0.11510396003723145"
"41965","0.11214087903499603","0.11214087903499603","0.11214087903499603"
"41966","0.12004925310611725","0.12004925310611725","0.12004925310611725"
"41969","0.05967946723103523","0.05967946723103523","0.05967946723103523"
"41975","0.14998888969421387","0.14998888969421387","0.14998888969421387"
"41978","0.16358625888824463","0.16358625888824463","0.16358625888824463"
"41986","0.15843044221401215","0.15843044221401215","0.15843044221401215"
"41987","0.06837145239114761","0.06837145239114761","0.06837145239114761"
"41988","0.14974845945835114","0.14974845945835114","0.14974845945835114"
"41998","0.08123821020126343","0.08123821020126343","0.08123821020126343"
"42004","0.10886643826961517","0.10886643826961517","0.10886643826961517"
"42007","0.14654621481895447","0.14654621481895447","0.14654621481895447"
"42008","0.15558993816375732","0.15558993816375732","0.15558993816375732"
"42011","0.09228714555501938","0.09228714555501938","0.09228714555501938"
"42014","0.19016718864440918","0.19016718864440918","0.19016718864440918"
"42015","0.14810478687286377","0.14810478687286377","0.14810478687286377"
"42024","0.17058634757995605","0.17058634757995605","0.17058634757995605"
"42027","0.11680496484041214","0.11680496484041214","0.11680496484041214"
"42035","0.13641035556793213","0.13641035556793213","0.13641035556793213"
"42040","0.13358747959136963","0.13358747959136963","0.13358747959136963"
"42043","0.1553034782409668","0.1553034782409668","0.1553034782409668"
"42044","0.0945921242237091","0.0945921242237091","0.0945921242237091"
"42050","0.15119899809360504","0.15119899809360504","0.15119899809360504"
"42056","0.1318017542362213","0.1318017542362213","0.1318017542362213"
"42061","0.14068421721458435","0.14068421721458435","0.14068421721458435"
"42071","0.09221981465816498","0.09221981465816498","0.09221981465816498"
"42076","0.15899422764778137","0.15899422764778137","0.15899422764778137"
"42079","0.12843391299247742","0.12843391299247742","0.12843391299247742"
"42086","0.12575596570968628","0.12575596570968628","0.12575596570968628"
"42088","0.18896664679050446","0.18896664679050446","0.18896664679050446"
"42090","0.15267367660999298","0.15267367660999298","0.15267367660999298"
"42094","0.0524832159280777","0.0524832159280777","0.0524832159280777"
"42098","0.11074289679527283","0.11074289679527283","0.11074289679527283"
"42103","0.09856356680393219","0.09856356680393219","0.09856356680393219"
"42105","0.14994889497756958","0.14994889497756958","0.14994889497756958"
"42113","0.09331303834915161","0.09331303834915161","0.09331303834915161"
"42117","0.13166549801826477","0.13166549801826477","0.13166549801826477"
"42122","0.06664301455020905","0.06664301455020905","0.06664301455020905"
"42129","0.14229188859462738","0.14229188859462738","0.14229188859462738"
"42133","0.15975496172904968","0.15975496172904968","0.15975496172904968"
"42134","0.06546095013618469","0.06546095013618469","0.06546095013618469"
"42135","0.1255653202533722","0.1255653202533722","0.1255653202533722"
"42140","0.1694168746471405","0.1694168746471405","0.1694168746471405"
"42144","0.09582076966762543","0.09582076966762543","0.09582076966762543"
"42147","0.13267070055007935","0.13267070055007935","0.13267070055007935"
"42149","0.09014793485403061","0.09014793485403061","0.09014793485403061"
"42153","0.12875661253929138","0.12875661253929138","0.12875661253929138"
"42155","0.13562148809432983","0.13562148809432983","0.13562148809432983"
"42156","0.13148893415927887","0.13148893415927887","0.13148893415927887"
"42159","0.07109235972166061","0.07109235972166061","0.07109235972166061"
"42164","0.17886793613433838","0.17886793613433838","0.17886793613433838"
"42167","0.132902592420578","0.132902592420578","0.132902592420578"
"42168","0.08849191665649414","0.08849191665649414","0.08849191665649414"
"42169","0.09714670479297638","0.09714670479297638","0.09714670479297638"
"42174","0.14370690286159515","0.14370690286159515","0.14370690286159515"
"42181","0.0915018618106842","0.0915018618106842","0.0915018618106842"
"42185","0.14391487836837769","0.14391487836837769","0.14391487836837769"
"42188","0.051629677414894104","0.051629677414894104","0.051629677414894104"
"42189","0.13287420570850372","0.13287420570850372","0.13287420570850372"
"42195","0.10470405966043472","0.10470405966043472","0.10470405966043472"
"42208","0.05587572231888771","0.05587572231888771","0.05587572231888771"
"42209","0.17578817903995514","0.17578817903995514","0.17578817903995514"
"42210","0.07195691019296646","0.07195691019296646","0.07195691019296646"
"42215","0.08184509724378586","0.08184509724378586","0.08184509724378586"
"42218","0.13513199985027313","0.13513199985027313","0.13513199985027313"
"42224","0.07195080816745758","0.07195080816745758","0.07195080816745758"
"42234","0.10449695587158203","0.10449695587158203","0.10449695587158203"
"42235","0.11203813552856445","0.11203813552856445","0.11203813552856445"
"42236","0.09674211591482162","0.09674211591482162","0.09674211591482162"
"42238","0.12712153792381287","0.12712153792381287","0.12712153792381287"
"42239","0.15457269549369812","0.15457269549369812","0.15457269549369812"
"42246","0.10503289848566055","0.10503289848566055","0.10503289848566055"
"42254","0.12845705449581146","0.12845705449581146","0.12845705449581146"
"42255","0.09432747960090637","0.09432747960090637","0.09432747960090637"
"42257","0.09947405755519867","0.09947405755519867","0.09947405755519867"
"42258","0.10519944876432419","0.10519944876432419","0.10519944876432419"
"42260","0.11793679744005203","0.11793679744005203","0.11793679744005203"
"42264","0.17540982365608215","0.17540982365608215","0.17540982365608215"
"42278","0.1379527747631073","0.1379527747631073","0.1379527747631073"
"42279","0.13451926410198212","0.13451926410198212","0.13451926410198212"
"42283","0.12349832057952881","0.12349832057952881","0.12349832057952881"
"42285","0.09644340723752975","0.09644340723752975","0.09644340723752975"
"42292","0.1625821590423584","0.1625821590423584","0.1625821590423584"
"42297","0.07531178742647171","0.07531178742647171","0.07531178742647171"
"42301","0.1023315042257309","0.1023315042257309","0.1023315042257309"
"42308","0.15633653104305267","0.15633653104305267","0.15633653104305267"
"42310","0.14860011637210846","0.14860011637210846","0.14860011637210846"
"42318","0.09772657603025436","0.09772657603025436","0.09772657603025436"
"42320","0.07217496633529663","0.07217496633529663","0.07217496633529663"
"42325","0.08923701196908951","0.08923701196908951","0.08923701196908951"
"42340","0.09006759524345398","0.09006759524345398","0.09006759524345398"
"42345","0.18721669912338257","0.18721669912338257","0.18721669912338257"
"42349","0.118900828063488","0.118900828063488","0.118900828063488"
"42350","0.16438668966293335","0.16438668966293335","0.16438668966293335"
"42351","0.12254392355680466","0.12254392355680466","0.12254392355680466"
"42356","0.06977611780166626","0.06977611780166626","0.06977611780166626"
"42357","0.06032341718673706","0.06032341718673706","0.06032341718673706"
"42365","0.08131676912307739","0.08131676912307739","0.08131676912307739"
"42367","0.1121382862329483","0.1121382862329483","0.1121382862329483"
"42369","0.12284906208515167","0.12284906208515167","0.12284906208515167"
"42378","0.12745332717895508","0.12745332717895508","0.12745332717895508"
"42380","0.14058464765548706","0.14058464765548706","0.14058464765548706"
"42382","0.09130942821502686","0.09130942821502686","0.09130942821502686"
"42384","0.10632456839084625","0.10632456839084625","0.10632456839084625"
"42385","0.10093364119529724","0.10093364119529724","0.10093364119529724"
"42389","0.09829367697238922","0.09829367697238922","0.09829367697238922"
"42391","0.16016709804534912","0.16016709804534912","0.16016709804534912"
"42403","0.1355167180299759","0.1355167180299759","0.1355167180299759"
"42408","0.07149849086999893","0.07149849086999893","0.07149849086999893"
"42415","0.19043812155723572","0.19043812155723572","0.19043812155723572"
"42419","0.17933449149131775","0.17933449149131775","0.17933449149131775"
"42422","0.18869702517986298","0.18869702517986298","0.18869702517986298"
"42430","0.13043761253356934","0.13043761253356934","0.13043761253356934"
"42432","0.15412414073944092","0.15412414073944092","0.15412414073944092"
"42438","0.1513863205909729","0.1513863205909729","0.1513863205909729"
"42444","0.1971055269241333","0.1971055269241333","0.1971055269241333"
"42454","0.1684657335281372","0.1684657335281372","0.1684657335281372"
"42459","0.10813635587692261","0.10813635587692261","0.10813635587692261"
"42461","0.08758873492479324","0.08758873492479324","0.08758873492479324"
"42464","0.15528720617294312","0.15528720617294312","0.15528720617294312"
"42471","0.10649354755878448","0.10649354755878448","0.10649354755878448"
"42472","0.15262967348098755","0.15262967348098755","0.15262967348098755"
"42479","0.10151849687099457","0.10151849687099457","0.10151849687099457"
"42480","0.12892624735832214","0.12892624735832214","0.12892624735832214"
"42486","0.10500811040401459","0.10500811040401459","0.10500811040401459"
"42487","0.18346086144447327","0.18346086144447327","0.18346086144447327"
"42491","0.15491437911987305","0.15491437911987305","0.15491437911987305"
"42505","0.04236242175102234","0.04236242175102234","0.04236242175102234"
"42507","0.08184182643890381","0.08184182643890381","0.08184182643890381"
"42509","0.09552432596683502","0.09552432596683502","0.09552432596683502"
"42517","0.11363725364208221","0.11363725364208221","0.11363725364208221"
"42520","0.07128256559371948","0.07128256559371948","0.07128256559371948"
"42522","0.08215793967247009","0.08215793967247009","0.08215793967247009"
"42528","0.07859159260988235","0.07859159260988235","0.07859159260988235"
"42531","0.1318085789680481","0.1318085789680481","0.1318085789680481"
"42532","0.13655054569244385","0.13655054569244385","0.13655054569244385"
"42542","0.10252620279788971","0.10252620279788971","0.10252620279788971"
"42544","0.09298156946897507","0.09298156946897507","0.09298156946897507"
"42546","0.15871116518974304","0.15871116518974304","0.15871116518974304"
"42548","0.12793847918510437","0.12793847918510437","0.12793847918510437"
"42550","0.19195523858070374","0.19195523858070374","0.19195523858070374"
"42556","0.12441957741975784","0.12441957741975784","0.12441957741975784"
"42558","0.11127084493637085","0.11127084493637085","0.11127084493637085"
"42564","0.18942219018936157","0.18942219018936157","0.18942219018936157"
"42567","0.10295230150222778","0.10295230150222778","0.10295230150222778"
"42570","0.1200321763753891","0.1200321763753891","0.1200321763753891"
"42580","0.1334054172039032","0.1334054172039032","0.1334054172039032"
"42585","0.11340837180614471","0.11340837180614471","0.11340837180614471"
"42586","0.11512785404920578","0.11512785404920578","0.11512785404920578"
"42587","0.09323559701442719","0.09323559701442719","0.09323559701442719"
"42590","0.1524880826473236","0.1524880826473236","0.1524880826473236"
"42592","0.1334296017885208","0.1334296017885208","0.1334296017885208"
"42595","0.12001346051692963","0.12001346051692963","0.12001346051692963"
"42598","0.11775679886341095","0.11775679886341095","0.11775679886341095"
"42600","0.05849091708660126","0.05849091708660126","0.05849091708660126"
"42608","0.12238958477973938","0.12238958477973938","0.12238958477973938"
"42612","0.12801699340343475","0.12801699340343475","0.12801699340343475"
"42616","0.1048661470413208","0.1048661470413208","0.1048661470413208"
"42621","0.06672120839357376","0.06672120839357376","0.06672120839357376"
"42624","0.11449997872114182","0.11449997872114182","0.11449997872114182"
"42629","0.12406676262617111","0.12406676262617111","0.12406676262617111"
"42630","0.09931658208370209","0.09931658208370209","0.09931658208370209"
"42633","0.08696424961090088","0.08696424961090088","0.08696424961090088"
"42634","0.09371209889650345","0.09371209889650345","0.09371209889650345"
"42636","0.14527738094329834","0.14527738094329834","0.14527738094329834"
"42641","0.06247822940349579","0.06247822940349579","0.06247822940349579"
"42642","0.11331804096698761","0.11331804096698761","0.11331804096698761"
"42644","0.17124629020690918","0.17124629020690918","0.17124629020690918"
"42654","0.11879058182239532","0.11879058182239532","0.11879058182239532"
"42655","0.12454099953174591","0.12454099953174591","0.12454099953174591"
"42656","0.14591063559055328","0.14591063559055328","0.14591063559055328"
"42659","0.13256672024726868","0.13256672024726868","0.13256672024726868"
"42661","0.060432448983192444","0.060432448983192444","0.060432448983192444"
"42667","0.10043548792600632","0.10043548792600632","0.10043548792600632"
"42672","0.1395474225282669","0.1395474225282669","0.1395474225282669"
"42673","0.1035323292016983","0.1035323292016983","0.1035323292016983"
"42679","0.09651640057563782","0.09651640057563782","0.09651640057563782"
"42680","0.05423574149608612","0.05423574149608612","0.05423574149608612"
"42681","0.07054004818201065","0.07054004818201065","0.07054004818201065"
"42683","0.11730100214481354","0.11730100214481354","0.11730100214481354"
"42690","0.1034415140748024","0.1034415140748024","0.1034415140748024"
"42692","0.12684974074363708","0.12684974074363708","0.12684974074363708"
"42694","0.0796666145324707","0.0796666145324707","0.0796666145324707"
"42696","0.11032752692699432","0.11032752692699432","0.11032752692699432"
"42705","0.12651479244232178","0.12651479244232178","0.12651479244232178"
"42712","0.14632314443588257","0.14632314443588257","0.14632314443588257"
"42720","0.1553604155778885","0.1553604155778885","0.1553604155778885"
"42722","0.07667101919651031","0.07667101919651031","0.07667101919651031"
"42730","0.13744863867759705","0.13744863867759705","0.13744863867759705"
"42731","0.19748763740062714","0.19748763740062714","0.19748763740062714"
"42733","0.11788851022720337","0.11788851022720337","0.11788851022720337"
"42734","0.16225174069404602","0.16225174069404602","0.16225174069404602"
"42738","0.11295286566019058","0.11295286566019058","0.11295286566019058"
"42744","0.1550949662923813","0.1550949662923813","0.1550949662923813"
"42746","0.12353957444429398","0.12353957444429398","0.12353957444429398"
"42747","0.12248808890581131","0.12248808890581131","0.12248808890581131"
"42749","0.08932667970657349","0.08932667970657349","0.08932667970657349"
"42760","0.17886817455291748","0.17886817455291748","0.17886817455291748"
"42782","0.12226754426956177","0.12226754426956177","0.12226754426956177"
"42785","0.06985348463058472","0.06985348463058472","0.06985348463058472"
"42801","0.13875263929367065","0.13875263929367065","0.13875263929367065"
"42811","0.14918601512908936","0.14918601512908936","0.14918601512908936"
"42812","0.11933272331953049","0.11933272331953049","0.11933272331953049"
"42817","0.06442141532897949","0.06442141532897949","0.06442141532897949"
"42823","0.10249969363212585","0.10249969363212585","0.10249969363212585"
"42824","0.16753780841827393","0.16753780841827393","0.16753780841827393"
"42827","0.11541206389665604","0.11541206389665604","0.11541206389665604"
"42830","0.14182260632514954","0.14182260632514954","0.14182260632514954"
"42832","0.07569220662117004","0.07569220662117004","0.07569220662117004"
"42839","0.09899592399597168","0.09899592399597168","0.09899592399597168"
"42840","0.17052076756954193","0.17052076756954193","0.17052076756954193"
"42842","0.1229395866394043","0.1229395866394043","0.1229395866394043"
"42843","0.20067742466926575","0.20067742466926575","0.20067742466926575"
"42844","0.1733984649181366","0.1733984649181366","0.1733984649181366"
"42845","0.058999836444854736","0.058999836444854736","0.058999836444854736"
"42846","0.11005651950836182","0.11005651950836182","0.11005651950836182"
"42850","0.10819675028324127","0.10819675028324127","0.10819675028324127"
"42854","0.15124350786209106","0.15124350786209106","0.15124350786209106"
"42865","0.07355740666389465","0.07355740666389465","0.07355740666389465"
"42868","0.12358686327934265","0.12358686327934265","0.12358686327934265"
"42871","0.18723031878471375","0.18723031878471375","0.18723031878471375"
"42883","0.12427100539207458","0.12427100539207458","0.12427100539207458"
"42891","0.15653760731220245","0.15653760731220245","0.15653760731220245"
"42897","0.16216009855270386","0.16216009855270386","0.16216009855270386"
"42915","0.12495599687099457","0.12495599687099457","0.12495599687099457"
"42921","0.1019451916217804","0.1019451916217804","0.1019451916217804"
"42924","0.12735727429389954","0.12735727429389954","0.12735727429389954"
"42925","0.1861233413219452","0.1861233413219452","0.1861233413219452"
"42938","0.1250748634338379","0.1250748634338379","0.1250748634338379"
"42939","0.12353501468896866","0.12353501468896866","0.12353501468896866"
"42940","0.20572328567504883","0.20572328567504883","0.20572328567504883"
"42941","0.13131916522979736","0.13131916522979736","0.13131916522979736"
"42943","0.11871914565563202","0.11871914565563202","0.11871914565563202"
"42944","0.15390978753566742","0.15390978753566742","0.15390978753566742"
"42947","0.08216872811317444","0.08216872811317444","0.08216872811317444"
"42966","0.11709890514612198","0.11709890514612198","0.11709890514612198"
"42976","0.1225460097193718","0.1225460097193718","0.1225460097193718"
"42978","0.07108966261148453","0.07108966261148453","0.07108966261148453"
"42980","0.09617286920547485","0.09617286920547485","0.09617286920547485"
"42986","0.10590894520282745","0.10590894520282745","0.10590894520282745"
"42994","0.11053886264562607","0.11053886264562607","0.11053886264562607"
"42996","0.09383843094110489","0.09383843094110489","0.09383843094110489"
"42999","0.11488257348537445","0.11488257348537445","0.11488257348537445"
"43002","0.14701120555400848","0.14701120555400848","0.14701120555400848"
"43016","0.10897515714168549","0.10897515714168549","0.10897515714168549"
"43018","0.09352131932973862","0.09352131932973862","0.09352131932973862"
"43021","0.11059926450252533","0.11059926450252533","0.11059926450252533"
"43030","0.1189982146024704","0.1189982146024704","0.1189982146024704"
"43033","0.06800560653209686","0.06800560653209686","0.06800560653209686"
"43037","0.13727407157421112","0.13727407157421112","0.13727407157421112"
"43043","0.172099769115448","0.172099769115448","0.172099769115448"
"43044","0.07087092101573944","0.07087092101573944","0.07087092101573944"
"43047","0.051224250346422195","0.051224250346422195","0.051224250346422195"
"43050","0.14535704255104065","0.14535704255104065","0.14535704255104065"
"43056","0.09478616714477539","0.09478616714477539","0.09478616714477539"
"43059","0.12220194935798645","0.12220194935798645","0.12220194935798645"
"43065","0.06646746397018433","0.06646746397018433","0.06646746397018433"
"43068","0.12365999817848206","0.12365999817848206","0.12365999817848206"
"43077","0.06834965944290161","0.06834965944290161","0.06834965944290161"
"43086","0.1286250650882721","0.1286250650882721","0.1286250650882721"
"43089","0.12065684795379639","0.12065684795379639","0.12065684795379639"
"43090","0.11402617394924164","0.11402617394924164","0.11402617394924164"
"43094","0.15166743099689484","0.15166743099689484","0.15166743099689484"
"43102","0.12094899266958237","0.12094899266958237","0.12094899266958237"
"43103","0.0985768735408783","0.0985768735408783","0.0985768735408783"
"43112","0.1253131926059723","0.1253131926059723","0.1253131926059723"
"43113","0.0614490769803524","0.0614490769803524","0.0614490769803524"
"43124","0.13640472292900085","0.13640472292900085","0.13640472292900085"
"43137","0.20092667639255524","0.20092667639255524","0.20092667639255524"
"43145","0.0818769559264183","0.0818769559264183","0.0818769559264183"
"43146","0.08680640161037445","0.08680640161037445","0.08680640161037445"
"43151","0.0950486809015274","0.0950486809015274","0.0950486809015274"
"43155","0.10501879453659058","0.10501879453659058","0.10501879453659058"
"43157","0.08581432700157166","0.08581432700157166","0.08581432700157166"
"43162","0.09725797921419144","0.09725797921419144","0.09725797921419144"
"43167","0.1276596337556839","0.1276596337556839","0.1276596337556839"
"43179","0.07032795250415802","0.07032795250415802","0.07032795250415802"
"43189","0.1223946064710617","0.1223946064710617","0.1223946064710617"
"43190","0.10719139128923416","0.10719139128923416","0.10719139128923416"
"43192","0.1236879751086235","0.1236879751086235","0.1236879751086235"
"43199","0.11369491368532181","0.11369491368532181","0.11369491368532181"
"43201","0.07639263570308685","0.07639263570308685","0.07639263570308685"
"43204","0.11069422960281372","0.11069422960281372","0.11069422960281372"
"43225","0.08802920579910278","0.08802920579910278","0.08802920579910278"
"43226","0.14705802500247955","0.14705802500247955","0.14705802500247955"
"43236","0.11712254583835602","0.11712254583835602","0.11712254583835602"
"43237","0.09878835827112198","0.09878835827112198","0.09878835827112198"
"43244","0.09345604479312897","0.09345604479312897","0.09345604479312897"
"43245","0.08524730801582336","0.08524730801582336","0.08524730801582336"
"43256","0.1045885682106018","0.1045885682106018","0.1045885682106018"
"43257","0.13713815808296204","0.13713815808296204","0.13713815808296204"
"43261","0.1274513304233551","0.1274513304233551","0.1274513304233551"
"43266","0.08712171763181686","0.08712171763181686","0.08712171763181686"
"43267","0.10931625217199326","0.10931625217199326","0.10931625217199326"
"43278","0.1747419685125351","0.1747419685125351","0.1747419685125351"
"43282","0.08817685395479202","0.08817685395479202","0.08817685395479202"
"43283","0.11251194030046463","0.11251194030046463","0.11251194030046463"
"43285","0.0850742906332016","0.0850742906332016","0.0850742906332016"
"43286","0.12540605664253235","0.12540605664253235","0.12540605664253235"
"43288","0.07276547700166702","0.07276547700166702","0.07276547700166702"
"43294","0.08225531876087189","0.08225531876087189","0.08225531876087189"
"43299","0.11494750529527664","0.11494750529527664","0.11494750529527664"
"43302","0.11515267938375473","0.11515267938375473","0.11515267938375473"
"43303","0.12886439263820648","0.12886439263820648","0.12886439263820648"
"43308","0.16241928935050964","0.16241928935050964","0.16241928935050964"
"43310","0.1278153359889984","0.1278153359889984","0.1278153359889984"
"43317","0.06969273835420609","0.06969273835420609","0.06969273835420609"
"43321","0.09329570084810257","0.09329570084810257","0.09329570084810257"
"43323","0.1383019983768463","0.1383019983768463","0.1383019983768463"
"43331","0.13152611255645752","0.13152611255645752","0.13152611255645752"
"43336","0.12077898532152176","0.12077898532152176","0.12077898532152176"
"43346","0.1471073180437088","0.1471073180437088","0.1471073180437088"
"43347","0.09152524173259735","0.09152524173259735","0.09152524173259735"
"43352","0.1359620839357376","0.1359620839357376","0.1359620839357376"
"43364","0.10669316351413727","0.10669316351413727","0.10669316351413727"
"43366","0.07945121824741364","0.07945121824741364","0.07945121824741364"
"43371","0.0952373743057251","0.0952373743057251","0.0952373743057251"
"43408","0.107145294547081","0.107145294547081","0.107145294547081"
"43413","0.10784316807985306","0.10784316807985306","0.10784316807985306"
"43414","0.15482020378112793","0.15482020378112793","0.15482020378112793"
"43416","0.09178200364112854","0.09178200364112854","0.09178200364112854"
"43426","0.0804833248257637","0.0804833248257637","0.0804833248257637"
"43428","0.16102078557014465","0.16102078557014465","0.16102078557014465"
"43441","0.08962382376194","0.08962382376194","0.08962382376194"
"43443","0.19127830862998962","0.19127830862998962","0.19127830862998962"
"43448","0.11414018273353577","0.11414018273353577","0.11414018273353577"
"43452","0.12383429706096649","0.12383429706096649","0.12383429706096649"
"43454","0.08104501664638519","0.08104501664638519","0.08104501664638519"
"43456","0.1703227013349533","0.1703227013349533","0.1703227013349533"
"43459","0.08530616015195847","0.08530616015195847","0.08530616015195847"
"43461","0.06643456965684891","0.06643456965684891","0.06643456965684891"
"43463","0.11043670028448105","0.11043670028448105","0.11043670028448105"
"43465","0.1441877782344818","0.1441877782344818","0.1441877782344818"
"43466","0.10553565621376038","0.10553565621376038","0.10553565621376038"
"43476","0.07581701874732971","0.07581701874732971","0.07581701874732971"
"43490","0.10918112099170685","0.10918112099170685","0.10918112099170685"
"43494","0.10641675442457199","0.10641675442457199","0.10641675442457199"
"43498","0.08265743404626846","0.08265743404626846","0.08265743404626846"
"43507","0.09763497859239578","0.09763497859239578","0.09763497859239578"
"43513","0.22614642977714539","0.22614642977714539","0.22614642977714539"
"43519","0.15072467923164368","0.15072467923164368","0.15072467923164368"
"43527","0.11899083852767944","0.11899083852767944","0.11899083852767944"
"43536","0.10649581998586655","0.10649581998586655","0.10649581998586655"
"43540","0.15078462660312653","0.15078462660312653","0.15078462660312653"
"43542","0.10594934225082397","0.10594934225082397","0.10594934225082397"
"43546","0.10509137809276581","0.10509137809276581","0.10509137809276581"
"43547","0.115409255027771","0.115409255027771","0.115409255027771"
"43551","0.1325383484363556","0.1325383484363556","0.1325383484363556"
"43553","0.10605350881814957","0.10605350881814957","0.10605350881814957"
"43555","0.149023175239563","0.149023175239563","0.149023175239563"
"43556","0.047215402126312256","0.047215402126312256","0.047215402126312256"
"43557","0.11265543103218079","0.11265543103218079","0.11265543103218079"
"43558","0.17189089953899384","0.17189089953899384","0.17189089953899384"
"43570","0.12511877715587616","0.12511877715587616","0.12511877715587616"
"43572","0.1304090917110443","0.1304090917110443","0.1304090917110443"
"43578","0.11410541832447052","0.11410541832447052","0.11410541832447052"
"43581","0.19504870474338531","0.19504870474338531","0.19504870474338531"
"43582","0.10465652495622635","0.10465652495622635","0.10465652495622635"
"43587","0.046745363622903824","0.046745363622903824","0.046745363622903824"
"43597","0.08702671527862549","0.08702671527862549","0.08702671527862549"
"43598","0.06173686683177948","0.06173686683177948","0.06173686683177948"
"43606","0.10980458557605743","0.10980458557605743","0.10980458557605743"
"43614","0.09474922716617584","0.09474922716617584","0.09474922716617584"
"43618","0.1645466685295105","0.1645466685295105","0.1645466685295105"
"43622","0.1497994363307953","0.1497994363307953","0.1497994363307953"
"43627","0.16127091646194458","0.16127091646194458","0.16127091646194458"
"43629","0.08827435970306396","0.08827435970306396","0.08827435970306396"
"43630","0.08274486660957336","0.08274486660957336","0.08274486660957336"
"43633","0.07952117919921875","0.07952117919921875","0.07952117919921875"
"43639","0.06349404156208038","0.06349404156208038","0.06349404156208038"
"43646","0.0713835135102272","0.0713835135102272","0.0713835135102272"
"43653","0.11765989661216736","0.11765989661216736","0.11765989661216736"
"43657","0.10069192945957184","0.10069192945957184","0.10069192945957184"
"43659","0.12518462538719177","0.12518462538719177","0.12518462538719177"
"43661","0.16253060102462769","0.16253060102462769","0.16253060102462769"
"43674","0.1477222740650177","0.1477222740650177","0.1477222740650177"
"43677","0.11005239933729172","0.11005239933729172","0.11005239933729172"
"43680","0.1149263083934784","0.1149263083934784","0.1149263083934784"
"43682","0.16677109897136688","0.16677109897136688","0.16677109897136688"
"43684","0.15354517102241516","0.15354517102241516","0.15354517102241516"
"43691","0.09353969246149063","0.09353969246149063","0.09353969246149063"
"43695","0.11765225976705551","0.11765225976705551","0.11765225976705551"
"43709","0.0860828384757042","0.0860828384757042","0.0860828384757042"
"43711","0.08964894711971283","0.08964894711971283","0.08964894711971283"
"43716","0.11470048129558563","0.11470048129558563","0.11470048129558563"
"43718","0.12561234831809998","0.12561234831809998","0.12561234831809998"
"43719","0.07391488552093506","0.07391488552093506","0.07391488552093506"
"43724","0.11265011131763458","0.11265011131763458","0.11265011131763458"
"43727","0.19867867231369019","0.19867867231369019","0.19867867231369019"
"43732","0.1004447415471077","0.1004447415471077","0.1004447415471077"
"43735","0.06739724427461624","0.06739724427461624","0.06739724427461624"
"43738","0.12011770904064178","0.12011770904064178","0.12011770904064178"
"43741","0.13535666465759277","0.13535666465759277","0.13535666465759277"
"43749","0.09277455508708954","0.09277455508708954","0.09277455508708954"
"43752","0.11313745379447937","0.11313745379447937","0.11313745379447937"
"43763","0.08742216229438782","0.08742216229438782","0.08742216229438782"
"43770","0.10273478925228119","0.10273478925228119","0.10273478925228119"
"43776","0.09402147680521011","0.09402147680521011","0.09402147680521011"
"43784","0.05377066880464554","0.05377066880464554","0.05377066880464554"
"43798","0.09531611204147339","0.09531611204147339","0.09531611204147339"
"43800","0.16819453239440918","0.16819453239440918","0.16819453239440918"
"43805","0.09472881257534027","0.09472881257534027","0.09472881257534027"
"43811","0.16228634119033813","0.16228634119033813","0.16228634119033813"
"43812","0.1132182776927948","0.1132182776927948","0.1132182776927948"
"43814","0.08402650058269501","0.08402650058269501","0.08402650058269501"
"43818","0.10897380113601685","0.10897380113601685","0.10897380113601685"
"43819","0.09700512140989304","0.09700512140989304","0.09700512140989304"
"43821","0.13110578060150146","0.13110578060150146","0.13110578060150146"
"43823","0.12598350644111633","0.12598350644111633","0.12598350644111633"
"43824","0.1524878740310669","0.1524878740310669","0.1524878740310669"
"43825","0.12519343197345734","0.12519343197345734","0.12519343197345734"
"43829","0.09435666352510452","0.09435666352510452","0.09435666352510452"
"43830","0.1507326364517212","0.1507326364517212","0.1507326364517212"
"43832","0.12769272923469543","0.12769272923469543","0.12769272923469543"
"43837","0.10815934836864471","0.10815934836864471","0.10815934836864471"
"43851","0.1197054386138916","0.1197054386138916","0.1197054386138916"
"43852","0.15562579035758972","0.15562579035758972","0.15562579035758972"
"43854","0.12101855874061584","0.12101855874061584","0.12101855874061584"
"43856","0.14053383469581604","0.14053383469581604","0.14053383469581604"
"43857","0.0437646210193634","0.0437646210193634","0.0437646210193634"
"43861","0.12856586277484894","0.12856586277484894","0.12856586277484894"
"43866","0.047958314418792725","0.047958314418792725","0.047958314418792725"
"43867","0.10069237649440765","0.10069237649440765","0.10069237649440765"
"43871","0.04049427807331085","0.04049427807331085","0.04049427807331085"
"43874","0.11623884737491608","0.11623884737491608","0.11623884737491608"
"43875","0.11374767124652863","0.11374767124652863","0.11374767124652863"
"43882","0.056446097791194916","0.056446097791194916","0.056446097791194916"
"43883","0.11376766115427017","0.11376766115427017","0.11376766115427017"
"43884","0.0799531564116478","0.0799531564116478","0.0799531564116478"
"43886","0.09941022098064423","0.09941022098064423","0.09941022098064423"
"43887","0.11849081516265869","0.11849081516265869","0.11849081516265869"
"43898","0.19712227582931519","0.19712227582931519","0.19712227582931519"
"43902","0.12335563451051712","0.12335563451051712","0.12335563451051712"
"43905","0.09810176491737366","0.09810176491737366","0.09810176491737366"
"43906","0.09668722003698349","0.09668722003698349","0.09668722003698349"
"43914","0.03651227056980133","0.03651227056980133","0.03651227056980133"
"43916","0.21862852573394775","0.21862852573394775","0.21862852573394775"
"43926","0.11814946681261063","0.11814946681261063","0.11814946681261063"
"43931","0.16536541283130646","0.16536541283130646","0.16536541283130646"
"43936","0.10047776997089386","0.10047776997089386","0.10047776997089386"
"43941","0.14223966002464294","0.14223966002464294","0.14223966002464294"
"43945","0.15069694817066193","0.15069694817066193","0.15069694817066193"
"43948","0.17134013772010803","0.17134013772010803","0.17134013772010803"
"43949","0.08080527186393738","0.08080527186393738","0.08080527186393738"
"43950","0.1416114717721939","0.1416114717721939","0.1416114717721939"
"43968","0.17244704067707062","0.17244704067707062","0.17244704067707062"
"43970","0.09847728908061981","0.09847728908061981","0.09847728908061981"
"43972","0.0680074393749237","0.0680074393749237","0.0680074393749237"
"43975","0.08572176098823547","0.08572176098823547","0.08572176098823547"
"43983","0.08500104397535324","0.08500104397535324","0.08500104397535324"
"43987","0.06865112483501434","0.06865112483501434","0.06865112483501434"
"43988","0.0973811075091362","0.0973811075091362","0.0973811075091362"
"43991","0.13828983902931213","0.13828983902931213","0.13828983902931213"
"43992","0.13157936930656433","0.13157936930656433","0.13157936930656433"
"43996","0.1920456886291504","0.1920456886291504","0.1920456886291504"
"44001","0.12944181263446808","0.12944181263446808","0.12944181263446808"
"44019","0.10813484340906143","0.10813484340906143","0.10813484340906143"
"44024","0.12078136205673218","0.12078136205673218","0.12078136205673218"
"44031","0.1701068878173828","0.1701068878173828","0.1701068878173828"
"44033","0.16529572010040283","0.16529572010040283","0.16529572010040283"
"44034","0.06872290372848511","0.06872290372848511","0.06872290372848511"
"44043","0.0844365656375885","0.0844365656375885","0.0844365656375885"
"44051","0.1863187551498413","0.1863187551498413","0.1863187551498413"
"44053","0.14076343178749084","0.14076343178749084","0.14076343178749084"
"44063","0.13158456981182098","0.13158456981182098","0.13158456981182098"
"44071","0.111077681183815","0.111077681183815","0.111077681183815"
"44076","0.12428072094917297","0.12428072094917297","0.12428072094917297"
"44080","0.09859481453895569","0.09859481453895569","0.09859481453895569"
"44085","0.11776672303676605","0.11776672303676605","0.11776672303676605"
"44087","0.12026244401931763","0.12026244401931763","0.12026244401931763"
"44091","0.08893047273159027","0.08893047273159027","0.08893047273159027"
"44094","0.07415221631526947","0.07415221631526947","0.07415221631526947"
"44100","0.11060968786478043","0.11060968786478043","0.11060968786478043"
"44106","0.14246179163455963","0.14246179163455963","0.14246179163455963"
"44121","0.1004333347082138","0.1004333347082138","0.1004333347082138"
"44126","0.09583930671215057","0.09583930671215057","0.09583930671215057"
"44132","0.09334766864776611","0.09334766864776611","0.09334766864776611"
"44133","0.11289079487323761","0.11289079487323761","0.11289079487323761"
"44134","0.09625013172626495","0.09625013172626495","0.09625013172626495"
"44135","0.19022849202156067","0.19022849202156067","0.19022849202156067"
"44147","0.06585018336772919","0.06585018336772919","0.06585018336772919"
"44149","0.08543111383914948","0.08543111383914948","0.08543111383914948"
"44153","0.12285400927066803","0.12285400927066803","0.12285400927066803"
"44154","0.12986348569393158","0.12986348569393158","0.12986348569393158"
"44157","0.12200020998716354","0.12200020998716354","0.12200020998716354"
"44162","0.11557973921298981","0.11557973921298981","0.11557973921298981"
"44163","0.10961247980594635","0.10961247980594635","0.10961247980594635"
"44173","0.0923619419336319","0.0923619419336319","0.0923619419336319"
"44183","0.07498851418495178","0.07498851418495178","0.07498851418495178"
"44186","0.1506369262933731","0.1506369262933731","0.1506369262933731"
"44187","0.10209977626800537","0.10209977626800537","0.10209977626800537"
"44196","0.1355273276567459","0.1355273276567459","0.1355273276567459"
"44197","0.16605514287948608","0.16605514287948608","0.16605514287948608"
"44199","0.11977584660053253","0.11977584660053253","0.11977584660053253"
"44201","0.16270506381988525","0.16270506381988525","0.16270506381988525"
"44203","0.09558022022247314","0.09558022022247314","0.09558022022247314"
"44207","0.16097155213356018","0.16097155213356018","0.16097155213356018"
"44213","0.0775255560874939","0.0775255560874939","0.0775255560874939"
"44223","0.12582504749298096","0.12582504749298096","0.12582504749298096"
"44227","0.14939990639686584","0.14939990639686584","0.14939990639686584"
"44236","0.13538604974746704","0.13538604974746704","0.13538604974746704"
"44238","0.06534780561923981","0.06534780561923981","0.06534780561923981"
"44251","0.11455178260803223","0.11455178260803223","0.11455178260803223"
"44261","0.07284031808376312","0.07284031808376312","0.07284031808376312"
"44271","0.11978178471326828","0.11978178471326828","0.11978178471326828"
"44272","0.11763607710599899","0.11763607710599899","0.11763607710599899"
"44273","0.16439810395240784","0.16439810395240784","0.16439810395240784"
"44277","0.08693879842758179","0.08693879842758179","0.08693879842758179"
"44279","0.07171827554702759","0.07171827554702759","0.07171827554702759"
"44281","0.11436192691326141","0.11436192691326141","0.11436192691326141"
"44290","0.08074848353862762","0.08074848353862762","0.08074848353862762"
"44291","0.14622649550437927","0.14622649550437927","0.14622649550437927"
"44293","0.1421598494052887","0.1421598494052887","0.1421598494052887"
"44299","0.12351889908313751","0.12351889908313751","0.12351889908313751"
"44300","0.08617450296878815","0.08617450296878815","0.08617450296878815"
"44305","0.12334541976451874","0.12334541976451874","0.12334541976451874"
"44306","0.09569501876831055","0.09569501876831055","0.09569501876831055"
"44312","0.1056419089436531","0.1056419089436531","0.1056419089436531"
"44325","0.11209027469158173","0.11209027469158173","0.11209027469158173"
"44326","0.07889273762702942","0.07889273762702942","0.07889273762702942"
"44328","0.08087429404258728","0.08087429404258728","0.08087429404258728"
"44332","0.07245297729969025","0.07245297729969025","0.07245297729969025"
"44334","0.11360035836696625","0.11360035836696625","0.11360035836696625"
"44335","0.11190451681613922","0.11190451681613922","0.11190451681613922"
"44341","0.10914921760559082","0.10914921760559082","0.10914921760559082"
"44342","0.15134546160697937","0.15134546160697937","0.15134546160697937"
"44349","0.08143278956413269","0.08143278956413269","0.08143278956413269"
"44351","0.12811356782913208","0.12811356782913208","0.12811356782913208"
"44355","0.1658409982919693","0.1658409982919693","0.1658409982919693"
"44357","0.1234196349978447","0.1234196349978447","0.1234196349978447"
"44360","0.08242130279541016","0.08242130279541016","0.08242130279541016"
"44365","0.07900507748126984","0.07900507748126984","0.07900507748126984"
"44368","0.14891797304153442","0.14891797304153442","0.14891797304153442"
"44372","0.1443171352148056","0.1443171352148056","0.1443171352148056"
"44373","0.0540720671415329","0.0540720671415329","0.0540720671415329"
"44378","0.12356903403997421","0.12356903403997421","0.12356903403997421"
"44385","0.12957407534122467","0.12957407534122467","0.12957407534122467"
"44390","0.08786991238594055","0.08786991238594055","0.08786991238594055"
"44396","0.08285132795572281","0.08285132795572281","0.08285132795572281"
"44400","0.138315811753273","0.138315811753273","0.138315811753273"
"44419","0.16551046073436737","0.16551046073436737","0.16551046073436737"
"44427","0.06321193277835846","0.06321193277835846","0.06321193277835846"
"44432","0.1366710066795349","0.1366710066795349","0.1366710066795349"
"44433","0.08584347367286682","0.08584347367286682","0.08584347367286682"
"44435","0.10463893413543701","0.10463893413543701","0.10463893413543701"
"44441","0.18293339014053345","0.18293339014053345","0.18293339014053345"
"44442","0.07693560421466827","0.07693560421466827","0.07693560421466827"
"44443","0.12307735532522202","0.12307735532522202","0.12307735532522202"
"44444","0.06629138439893723","0.06629138439893723","0.06629138439893723"
"44448","0.15992704033851624","0.15992704033851624","0.15992704033851624"
"44451","0.13267308473587036","0.13267308473587036","0.13267308473587036"
"44455","0.1496284306049347","0.1496284306049347","0.1496284306049347"
"44465","0.13871248066425323","0.13871248066425323","0.13871248066425323"
"44468","0.10838794708251953","0.10838794708251953","0.10838794708251953"
"44473","0.10219690948724747","0.10219690948724747","0.10219690948724747"
"44475","0.09908430278301239","0.09908430278301239","0.09908430278301239"
"44477","0.06819760054349899","0.06819760054349899","0.06819760054349899"
"44481","0.13396193087100983","0.13396193087100983","0.13396193087100983"
"44485","0.11171301454305649","0.11171301454305649","0.11171301454305649"
"44490","0.08690759539604187","0.08690759539604187","0.08690759539604187"
"44494","0.0900420993566513","0.0900420993566513","0.0900420993566513"
"44499","0.14362935721874237","0.14362935721874237","0.14362935721874237"
"44502","0.13725142180919647","0.13725142180919647","0.13725142180919647"
"44506","0.18525788187980652","0.18525788187980652","0.18525788187980652"
"44510","0.09441591799259186","0.09441591799259186","0.09441591799259186"
"44511","0.11283349990844727","0.11283349990844727","0.11283349990844727"
"44512","0.14124709367752075","0.14124709367752075","0.14124709367752075"
"44514","0.11930936574935913","0.11930936574935913","0.11930936574935913"
"44519","0.11227241158485413","0.11227241158485413","0.11227241158485413"
"44525","0.07196991890668869","0.07196991890668869","0.07196991890668869"
"44527","0.08286359906196594","0.08286359906196594","0.08286359906196594"
"44529","0.12794356048107147","0.12794356048107147","0.12794356048107147"
"44538","0.1646987497806549","0.1646987497806549","0.1646987497806549"
"44539","0.048691440373659134","0.048691440373659134","0.048691440373659134"
"44540","0.15115107595920563","0.15115107595920563","0.15115107595920563"
"44541","0.14429542422294617","0.14429542422294617","0.14429542422294617"
"44546","0.08654305338859558","0.08654305338859558","0.08654305338859558"
"44547","0.06645648181438446","0.06645648181438446","0.06645648181438446"
"44559","0.11021877825260162","0.11021877825260162","0.11021877825260162"
"44562","0.13686013221740723","0.13686013221740723","0.13686013221740723"
"44564","0.1344345510005951","0.1344345510005951","0.1344345510005951"
"44565","0.1010269969701767","0.1010269969701767","0.1010269969701767"
"44571","0.11269447952508926","0.11269447952508926","0.11269447952508926"
"44573","0.0948353037238121","0.0948353037238121","0.0948353037238121"
"44575","0.15543599426746368","0.15543599426746368","0.15543599426746368"
"44576","0.0774879977107048","0.0774879977107048","0.0774879977107048"
"44581","0.15067167580127716","0.15067167580127716","0.15067167580127716"
"44582","0.09356434643268585","0.09356434643268585","0.09356434643268585"
"44585","0.1319897174835205","0.1319897174835205","0.1319897174835205"
"44590","0.11314360797405243","0.11314360797405243","0.11314360797405243"
"44592","0.10247531533241272","0.10247531533241272","0.10247531533241272"
"44603","0.16213318705558777","0.16213318705558777","0.16213318705558777"
"44604","0.09709690511226654","0.09709690511226654","0.09709690511226654"
"44607","0.17545157670974731","0.17545157670974731","0.17545157670974731"
"44609","0.11118915677070618","0.11118915677070618","0.11118915677070618"
"44626","0.11092907190322876","0.11092907190322876","0.11092907190322876"
"44631","0.13132455945014954","0.13132455945014954","0.13132455945014954"
"44632","0.124012291431427","0.124012291431427","0.124012291431427"
"44641","0.14580734074115753","0.14580734074115753","0.14580734074115753"
"44645","0.09814852476119995","0.09814852476119995","0.09814852476119995"
"44648","0.1380520761013031","0.1380520761013031","0.1380520761013031"
"44649","0.08323239535093307","0.08323239535093307","0.08323239535093307"
"44655","0.09052327275276184","0.09052327275276184","0.09052327275276184"
"44656","0.09457752108573914","0.09457752108573914","0.09457752108573914"
"44661","0.1363200843334198","0.1363200843334198","0.1363200843334198"
"44662","0.08658851683139801","0.08658851683139801","0.08658851683139801"
"44664","0.17864593863487244","0.17864593863487244","0.17864593863487244"
"44667","0.15640605986118317","0.15640605986118317","0.15640605986118317"
"44669","0.09606905281543732","0.09606905281543732","0.09606905281543732"
"44682","0.1656063199043274","0.1656063199043274","0.1656063199043274"
"44686","0.061648666858673096","0.061648666858673096","0.061648666858673096"
"44691","0.09624636173248291","0.09624636173248291","0.09624636173248291"
"44692","0.13848024606704712","0.13848024606704712","0.13848024606704712"
"44693","0.15506181120872498","0.15506181120872498","0.15506181120872498"
"44701","0.16269662976264954","0.16269662976264954","0.16269662976264954"
"44702","0.11329760402441025","0.11329760402441025","0.11329760402441025"
"44703","0.18038544058799744","0.18038544058799744","0.18038544058799744"
"44705","0.14754661917686462","0.14754661917686462","0.14754661917686462"
"44707","0.13382865488529205","0.13382865488529205","0.13382865488529205"
"44711","0.16195429861545563","0.16195429861545563","0.16195429861545563"
"44715","0.15394949913024902","0.15394949913024902","0.15394949913024902"
"44717","0.12585924565792084","0.12585924565792084","0.12585924565792084"
"44718","0.09123774617910385","0.09123774617910385","0.09123774617910385"
"44725","0.10566070675849915","0.10566070675849915","0.10566070675849915"
"44727","0.20938313007354736","0.20938313007354736","0.20938313007354736"
"44729","0.07230119407176971","0.07230119407176971","0.07230119407176971"
"44732","0.09655727446079254","0.09655727446079254","0.09655727446079254"
"44735","0.1218763142824173","0.1218763142824173","0.1218763142824173"
"44736","0.06027977168560028","0.06027977168560028","0.06027977168560028"
"44739","0.05621397867798805","0.05621397867798805","0.05621397867798805"
"44741","0.14417749643325806","0.14417749643325806","0.14417749643325806"
"44751","0.12337027490139008","0.12337027490139008","0.12337027490139008"
"44762","0.15701940655708313","0.15701940655708313","0.15701940655708313"
"44763","0.06809710711240768","0.06809710711240768","0.06809710711240768"
"44766","0.10410550236701965","0.10410550236701965","0.10410550236701965"
"44768","0.11502350866794586","0.11502350866794586","0.11502350866794586"
"44773","0.0963364765048027","0.0963364765048027","0.0963364765048027"
"44775","0.11125200986862183","0.11125200986862183","0.11125200986862183"
"44781","0.09362757205963135","0.09362757205963135","0.09362757205963135"
"44795","0.10496290028095245","0.10496290028095245","0.10496290028095245"
"44798","0.09314502775669098","0.09314502775669098","0.09314502775669098"
"44801","0.13409245014190674","0.13409245014190674","0.13409245014190674"
"44803","0.1277981698513031","0.1277981698513031","0.1277981698513031"
"44807","0.12658163905143738","0.12658163905143738","0.12658163905143738"
"44810","0.10061058402061462","0.10061058402061462","0.10061058402061462"
"44812","0.06213604658842087","0.06213604658842087","0.06213604658842087"
"44813","0.10168133676052094","0.10168133676052094","0.10168133676052094"
"44827","0.07288679480552673","0.07288679480552673","0.07288679480552673"
"44831","0.15719082951545715","0.15719082951545715","0.15719082951545715"
"44832","0.1619063764810562","0.1619063764810562","0.1619063764810562"
"44835","0.17061558365821838","0.17061558365821838","0.17061558365821838"
"44855","0.0945364385843277","0.0945364385843277","0.0945364385843277"
"44860","0.08029823750257492","0.08029823750257492","0.08029823750257492"
"44862","0.15174885094165802","0.15174885094165802","0.15174885094165802"
"44867","0.10625322163105011","0.10625322163105011","0.10625322163105011"
"44881","0.06076944246888161","0.06076944246888161","0.06076944246888161"
"44885","0.08775307238101959","0.08775307238101959","0.08775307238101959"
"44886","0.04589005559682846","0.04589005559682846","0.04589005559682846"
"44893","0.14351753890514374","0.14351753890514374","0.14351753890514374"
"44894","0.07749976962804794","0.07749976962804794","0.07749976962804794"
"44909","0.09896623343229294","0.09896623343229294","0.09896623343229294"
"44913","0.08660347014665604","0.08660347014665604","0.08660347014665604"
"44915","0.0966215431690216","0.0966215431690216","0.0966215431690216"
"44916","0.14446642994880676","0.14446642994880676","0.14446642994880676"
"44918","0.12290225923061371","0.12290225923061371","0.12290225923061371"
"44920","0.1447819173336029","0.1447819173336029","0.1447819173336029"
"44928","0.16979438066482544","0.16979438066482544","0.16979438066482544"
"44929","0.20317594707012177","0.20317594707012177","0.20317594707012177"
"44935","0.10811132937669754","0.10811132937669754","0.10811132937669754"
"44942","0.15808703005313873","0.15808703005313873","0.15808703005313873"
"44947","0.14400306344032288","0.14400306344032288","0.14400306344032288"
"44948","0.11136730015277863","0.11136730015277863","0.11136730015277863"
"44949","0.17261037230491638","0.17261037230491638","0.17261037230491638"
"44950","0.10234126448631287","0.10234126448631287","0.10234126448631287"
"44956","0.13064450025558472","0.13064450025558472","0.13064450025558472"
"44960","0.04249010235071182","0.04249010235071182","0.04249010235071182"
"44963","0.08734133839607239","0.08734133839607239","0.08734133839607239"
"44966","0.09254295378923416","0.09254295378923416","0.09254295378923416"
"44969","0.06047772243618965","0.06047772243618965","0.06047772243618965"
"44987","0.09900821000337601","0.09900821000337601","0.09900821000337601"
"44994","0.12831531465053558","0.12831531465053558","0.12831531465053558"
"44995","0.1386515498161316","0.1386515498161316","0.1386515498161316"
"44996","0.05322473496198654","0.05322473496198654","0.05322473496198654"
"44999","0.17376483976840973","0.17376483976840973","0.17376483976840973"
"45000","0.0982368215918541","0.0982368215918541","0.0982368215918541"
"45002","0.10157300531864166","0.10157300531864166","0.10157300531864166"
"45009","0.07660108804702759","0.07660108804702759","0.07660108804702759"
"45021","0.14048892259597778","0.14048892259597778","0.14048892259597778"
"45025","0.06193552538752556","0.06193552538752556","0.06193552538752556"
"45037","0.056364353746175766","0.056364353746175766","0.056364353746175766"
"45039","0.1452656388282776","0.1452656388282776","0.1452656388282776"
"45040","0.162191241979599","0.162191241979599","0.162191241979599"
"45050","0.10552166402339935","0.10552166402339935","0.10552166402339935"
"45058","0.08564896881580353","0.08564896881580353","0.08564896881580353"
"45065","0.10804412513971329","0.10804412513971329","0.10804412513971329"
"45068","0.09789910167455673","0.09789910167455673","0.09789910167455673"
"45073","0.11794154345989227","0.11794154345989227","0.11794154345989227"
"45075","0.10281504690647125","0.10281504690647125","0.10281504690647125"
"45077","0.1356711983680725","0.1356711983680725","0.1356711983680725"
"45080","0.07064539194107056","0.07064539194107056","0.07064539194107056"
"45083","0.134590744972229","0.134590744972229","0.134590744972229"
"45085","0.08713336288928986","0.08713336288928986","0.08713336288928986"
"45086","0.12612658739089966","0.12612658739089966","0.12612658739089966"
"45091","0.08340254426002502","0.08340254426002502","0.08340254426002502"
"45092","0.08388882130384445","0.08388882130384445","0.08388882130384445"
"45096","0.08483294397592545","0.08483294397592545","0.08483294397592545"
"45110","0.10594509541988373","0.10594509541988373","0.10594509541988373"
"45113","0.10924853384494781","0.10924853384494781","0.10924853384494781"
"45120","0.09635894000530243","0.09635894000530243","0.09635894000530243"
"45123","0.15222696959972382","0.15222696959972382","0.15222696959972382"
"45124","0.14895987510681152","0.14895987510681152","0.14895987510681152"
"45128","0.09860806167125702","0.09860806167125702","0.09860806167125702"
"45130","0.0907147228717804","0.0907147228717804","0.0907147228717804"
"45131","0.14134320616722107","0.14134320616722107","0.14134320616722107"
"45132","0.08612649142742157","0.08612649142742157","0.08612649142742157"
"45134","0.09643485397100449","0.09643485397100449","0.09643485397100449"
"45139","0.10172513872385025","0.10172513872385025","0.10172513872385025"
"45144","0.12765604257583618","0.12765604257583618","0.12765604257583618"
"45150","0.12358635663986206","0.12358635663986206","0.12358635663986206"
"45158","0.047803912311792374","0.047803912311792374","0.047803912311792374"
"45160","0.08054943382740021","0.08054943382740021","0.08054943382740021"
"45165","0.16434037685394287","0.16434037685394287","0.16434037685394287"
"45170","0.12388346344232559","0.12388346344232559","0.12388346344232559"
"45176","0.11958298087120056","0.11958298087120056","0.11958298087120056"
"45183","0.08344098180532455","0.08344098180532455","0.08344098180532455"
"45188","0.17816030979156494","0.17816030979156494","0.17816030979156494"
"45189","0.0720563754439354","0.0720563754439354","0.0720563754439354"
"45190","0.15532752871513367","0.15532752871513367","0.15532752871513367"
"45191","0.1111704409122467","0.1111704409122467","0.1111704409122467"
"45194","0.16811686754226685","0.16811686754226685","0.16811686754226685"
"45199","0.0572303868830204","0.0572303868830204","0.0572303868830204"
"45200","0.12947484850883484","0.12947484850883484","0.12947484850883484"
"45206","0.16161710023880005","0.16161710023880005","0.16161710023880005"
"45207","0.0706048458814621","0.0706048458814621","0.0706048458814621"
"45223","0.08673444390296936","0.08673444390296936","0.08673444390296936"
"45224","0.10270696878433228","0.10270696878433228","0.10270696878433228"
"45227","0.10188104212284088","0.10188104212284088","0.10188104212284088"
"45238","0.09784471243619919","0.09784471243619919","0.09784471243619919"
"45250","0.05163714289665222","0.05163714289665222","0.05163714289665222"
"45259","0.12474408745765686","0.12474408745765686","0.12474408745765686"
"45260","0.07332289218902588","0.07332289218902588","0.07332289218902588"
"45261","0.07217574119567871","0.07217574119567871","0.07217574119567871"
"45277","0.06280706077814102","0.06280706077814102","0.06280706077814102"
"45278","0.0550888255238533","0.0550888255238533","0.0550888255238533"
"45286","0.14645397663116455","0.14645397663116455","0.14645397663116455"
"45288","0.09684336185455322","0.09684336185455322","0.09684336185455322"
"45293","0.07925847172737122","0.07925847172737122","0.07925847172737122"
"45309","0.07074536383152008","0.07074536383152008","0.07074536383152008"
"45313","0.09822660684585571","0.09822660684585571","0.09822660684585571"
"45316","0.09789648652076721","0.09789648652076721","0.09789648652076721"
"45328","0.08182120323181152","0.08182120323181152","0.08182120323181152"
"45329","0.1502470225095749","0.1502470225095749","0.1502470225095749"
"45332","0.06932287663221359","0.06932287663221359","0.06932287663221359"
"45339","0.1576237678527832","0.1576237678527832","0.1576237678527832"
"45340","0.11066897213459015","0.11066897213459015","0.11066897213459015"
"45341","0.1470039188861847","0.1470039188861847","0.1470039188861847"
"45342","0.09969459474086761","0.09969459474086761","0.09969459474086761"
"45343","0.11469314992427826","0.11469314992427826","0.11469314992427826"
"45367","0.15108013153076172","0.15108013153076172","0.15108013153076172"
"45372","0.17531214654445648","0.17531214654445648","0.17531214654445648"
"45373","0.08094538748264313","0.08094538748264313","0.08094538748264313"
"45375","0.11029744148254395","0.11029744148254395","0.11029744148254395"
"45380","0.09848533570766449","0.09848533570766449","0.09848533570766449"
"45386","0.1798715889453888","0.1798715889453888","0.1798715889453888"
"45391","0.17067861557006836","0.17067861557006836","0.17067861557006836"
"45393","0.12884336709976196","0.12884336709976196","0.12884336709976196"
"45395","0.1026042178273201","0.1026042178273201","0.1026042178273201"
"45402","0.10132679343223572","0.10132679343223572","0.10132679343223572"
"45403","0.10411305725574493","0.10411305725574493","0.10411305725574493"
"45409","0.09834487736225128","0.09834487736225128","0.09834487736225128"
"45411","0.06917563825845718","0.06917563825845718","0.06917563825845718"
"45412","0.09690900146961212","0.09690900146961212","0.09690900146961212"
"45413","0.06726288795471191","0.06726288795471191","0.06726288795471191"
"45414","0.1088172048330307","0.1088172048330307","0.1088172048330307"
"45417","0.0885596051812172","0.0885596051812172","0.0885596051812172"
"45424","0.1090804785490036","0.1090804785490036","0.1090804785490036"
"45431","0.04339192062616348","0.04339192062616348","0.04339192062616348"
"45442","0.11131902039051056","0.11131902039051056","0.11131902039051056"
"45443","0.08830421417951584","0.08830421417951584","0.08830421417951584"
"45453","0.14950361847877502","0.14950361847877502","0.14950361847877502"
"45454","0.13028888404369354","0.13028888404369354","0.13028888404369354"
"45473","0.08006005734205246","0.08006005734205246","0.08006005734205246"
"45477","0.05548562854528427","0.05548562854528427","0.05548562854528427"
"45483","0.06010112166404724","0.06010112166404724","0.06010112166404724"
"45489","0.13126416504383087","0.13126416504383087","0.13126416504383087"
"45493","0.1317243129014969","0.1317243129014969","0.1317243129014969"
"45496","0.10472583025693893","0.10472583025693893","0.10472583025693893"
"45497","0.06702315807342529","0.06702315807342529","0.06702315807342529"
"45498","0.04881550744175911","0.04881550744175911","0.04881550744175911"
"45500","0.14188776910305023","0.14188776910305023","0.14188776910305023"
"45505","0.0728977769613266","0.0728977769613266","0.0728977769613266"
"45518","0.1101885586977005","0.1101885586977005","0.1101885586977005"
"45519","0.2198411524295807","0.2198411524295807","0.2198411524295807"
"45526","0.07268702983856201","0.07268702983856201","0.07268702983856201"
"45528","0.11476148664951324","0.11476148664951324","0.11476148664951324"
"45531","0.1171189695596695","0.1171189695596695","0.1171189695596695"
"45533","0.07788719236850739","0.07788719236850739","0.07788719236850739"
"45537","0.08354264497756958","0.08354264497756958","0.08354264497756958"
"45547","0.10725684463977814","0.10725684463977814","0.10725684463977814"
"45548","0.08102656900882721","0.08102656900882721","0.08102656900882721"
"45552","0.08352706581354141","0.08352706581354141","0.08352706581354141"
"45555","0.12093257904052734","0.12093257904052734","0.12093257904052734"
"45556","0.08159612119197845","0.08159612119197845","0.08159612119197845"
"45572","0.10142546892166138","0.10142546892166138","0.10142546892166138"
"45579","0.0853613018989563","0.0853613018989563","0.0853613018989563"
"45581","0.06265409290790558","0.06265409290790558","0.06265409290790558"
"45585","0.07374132424592972","0.07374132424592972","0.07374132424592972"
"45586","0.169340580701828","0.169340580701828","0.169340580701828"
"45588","0.10452041029930115","0.10452041029930115","0.10452041029930115"
"45594","0.13583408296108246","0.13583408296108246","0.13583408296108246"
"45599","0.1363263875246048","0.1363263875246048","0.1363263875246048"
"45606","0.13215966522693634","0.13215966522693634","0.13215966522693634"
"45609","0.09661130607128143","0.09661130607128143","0.09661130607128143"
"45611","0.09404812753200531","0.09404812753200531","0.09404812753200531"
"45624","0.07585656642913818","0.07585656642913818","0.07585656642913818"
"45625","0.06474785506725311","0.06474785506725311","0.06474785506725311"
"45627","0.11546037346124649","0.11546037346124649","0.11546037346124649"
"45628","0.11107790470123291","0.11107790470123291","0.11107790470123291"
"45635","0.08518946170806885","0.08518946170806885","0.08518946170806885"
"45638","0.1675502359867096","0.1675502359867096","0.1675502359867096"
"45642","0.13038820028305054","0.13038820028305054","0.13038820028305054"
"45644","0.10317473113536835","0.10317473113536835","0.10317473113536835"
"45647","0.05512656643986702","0.05512656643986702","0.05512656643986702"
"45657","0.10999484360218048","0.10999484360218048","0.10999484360218048"
"45658","0.13800948858261108","0.13800948858261108","0.13800948858261108"
"45659","0.1241283044219017","0.1241283044219017","0.1241283044219017"
"45662","0.07543615996837616","0.07543615996837616","0.07543615996837616"
"45663","0.10828142613172531","0.10828142613172531","0.10828142613172531"
"45666","0.10341843217611313","0.10341843217611313","0.10341843217611313"
"45670","0.10015729069709778","0.10015729069709778","0.10015729069709778"
"45673","0.09293777495622635","0.09293777495622635","0.09293777495622635"
"45690","0.07764127850532532","0.07764127850532532","0.07764127850532532"
"45701","0.09009166061878204","0.09009166061878204","0.09009166061878204"
"45703","0.13064345717430115","0.13064345717430115","0.13064345717430115"
"45707","0.17618362605571747","0.17618362605571747","0.17618362605571747"
"45709","0.04562504217028618","0.04562504217028618","0.04562504217028618"
"45724","0.1760600060224533","0.1760600060224533","0.1760600060224533"
"45725","0.04004726931452751","0.04004726931452751","0.04004726931452751"
"45730","0.18501444160938263","0.18501444160938263","0.18501444160938263"
"45731","0.11293677985668182","0.11293677985668182","0.11293677985668182"
"45733","0.09874909371137619","0.09874909371137619","0.09874909371137619"
"45735","0.09440711885690689","0.09440711885690689","0.09440711885690689"
"45736","0.10781052708625793","0.10781052708625793","0.10781052708625793"
"45738","0.16316579282283783","0.16316579282283783","0.16316579282283783"
"45739","0.08253736048936844","0.08253736048936844","0.08253736048936844"
"45740","0.10656379908323288","0.10656379908323288","0.10656379908323288"
"45745","0.08713275194168091","0.08713275194168091","0.08713275194168091"
"45749","0.12967723608016968","0.12967723608016968","0.12967723608016968"
"45750","0.16820302605628967","0.16820302605628967","0.16820302605628967"
"45753","0.06898792088031769","0.06898792088031769","0.06898792088031769"
"45755","0.1268898993730545","0.1268898993730545","0.1268898993730545"
"45757","0.10447664558887482","0.10447664558887482","0.10447664558887482"
"45771","0.09193249046802521","0.09193249046802521","0.09193249046802521"
"45772","0.0823144018650055","0.0823144018650055","0.0823144018650055"
"45774","0.10073651373386383","0.10073651373386383","0.10073651373386383"
"45775","0.09166205674409866","0.09166205674409866","0.09166205674409866"
"45783","0.1393471211194992","0.1393471211194992","0.1393471211194992"
"45785","0.18627366423606873","0.18627366423606873","0.18627366423606873"
"45786","0.11758030951023102","0.11758030951023102","0.11758030951023102"
"45795","0.161135733127594","0.161135733127594","0.161135733127594"
"45798","0.13671964406967163","0.13671964406967163","0.13671964406967163"
"45800","0.06918886303901672","0.06918886303901672","0.06918886303901672"
"45805","0.10119786113500595","0.10119786113500595","0.10119786113500595"
"45808","0.1429796814918518","0.1429796814918518","0.1429796814918518"
"45810","0.11674872040748596","0.11674872040748596","0.11674872040748596"
"45815","0.09727271646261215","0.09727271646261215","0.09727271646261215"
"45818","0.06303954124450684","0.06303954124450684","0.06303954124450684"
"45826","0.06479936838150024","0.06479936838150024","0.06479936838150024"
"45828","0.13435706496238708","0.13435706496238708","0.13435706496238708"
"45833","0.18297022581100464","0.18297022581100464","0.18297022581100464"
"45835","0.12943212687969208","0.12943212687969208","0.12943212687969208"
"45839","0.18117257952690125","0.18117257952690125","0.18117257952690125"
"45846","0.14338457584381104","0.14338457584381104","0.14338457584381104"
"45847","0.1359325647354126","0.1359325647354126","0.1359325647354126"
"45856","0.12368509918451309","0.12368509918451309","0.12368509918451309"
"45863","0.11389735341072083","0.11389735341072083","0.11389735341072083"
"45865","0.1752116084098816","0.1752116084098816","0.1752116084098816"
"45866","0.12862268090248108","0.12862268090248108","0.12862268090248108"
"45868","0.14005067944526672","0.14005067944526672","0.14005067944526672"
"45869","0.07333215326070786","0.07333215326070786","0.07333215326070786"
"45881","0.1636652648448944","0.1636652648448944","0.1636652648448944"
"45893","0.15827319025993347","0.15827319025993347","0.15827319025993347"
"45894","0.07000984251499176","0.07000984251499176","0.07000984251499176"
"45899","0.10819084197282791","0.10819084197282791","0.10819084197282791"
"45904","0.09330590069293976","0.09330590069293976","0.09330590069293976"
"45908","0.10310719162225723","0.10310719162225723","0.10310719162225723"
"45912","0.12956503033638","0.12956503033638","0.12956503033638"
"45918","0.15747562050819397","0.15747562050819397","0.15747562050819397"
"45920","0.0844811275601387","0.0844811275601387","0.0844811275601387"
"45924","0.14249226450920105","0.14249226450920105","0.14249226450920105"
"45925","0.11206075549125671","0.11206075549125671","0.11206075549125671"
"45928","0.19872216880321503","0.19872216880321503","0.19872216880321503"
"45933","0.11021606624126434","0.11021606624126434","0.11021606624126434"
"45939","0.12086622416973114","0.12086622416973114","0.12086622416973114"
"45943","0.1689404547214508","0.1689404547214508","0.1689404547214508"
"45945","0.10798290371894836","0.10798290371894836","0.10798290371894836"
"45956","0.1130470335483551","0.1130470335483551","0.1130470335483551"
"45961","0.12091144174337387","0.12091144174337387","0.12091144174337387"
"45964","0.1488044261932373","0.1488044261932373","0.1488044261932373"
"45970","0.12437859922647476","0.12437859922647476","0.12437859922647476"
"45971","0.0706402137875557","0.0706402137875557","0.0706402137875557"
"45981","0.15020117163658142","0.15020117163658142","0.15020117163658142"
"45982","0.10245129466056824","0.10245129466056824","0.10245129466056824"
"45985","0.11376868188381195","0.11376868188381195","0.11376868188381195"
"45987","0.09225337952375412","0.09225337952375412","0.09225337952375412"
"45988","0.10621466487646103","0.10621466487646103","0.10621466487646103"
"46001","0.1223410964012146","0.1223410964012146","0.1223410964012146"
"46003","0.09102670848369598","0.09102670848369598","0.09102670848369598"
"46004","0.14485707879066467","0.14485707879066467","0.14485707879066467"
"46005","0.09004905819892883","0.09004905819892883","0.09004905819892883"
"46011","0.12867829203605652","0.12867829203605652","0.12867829203605652"
"46018","0.19674623012542725","0.19674623012542725","0.19674623012542725"
"46024","0.11922599375247955","0.11922599375247955","0.11922599375247955"
"46028","0.14657646417617798","0.14657646417617798","0.14657646417617798"
"46030","0.128291517496109","0.128291517496109","0.128291517496109"
"46039","0.15324091911315918","0.15324091911315918","0.15324091911315918"
"46040","0.13166362047195435","0.13166362047195435","0.13166362047195435"
"46048","0.07389777898788452","0.07389777898788452","0.07389777898788452"
"46049","0.07067716121673584","0.07067716121673584","0.07067716121673584"
"46050","0.1341191828250885","0.1341191828250885","0.1341191828250885"
"46060","0.08268216997385025","0.08268216997385025","0.08268216997385025"
"46068","0.1349315643310547","0.1349315643310547","0.1349315643310547"
"46072","0.1335301250219345","0.1335301250219345","0.1335301250219345"
"46092","0.06749461591243744","0.06749461591243744","0.06749461591243744"
"46093","0.07214519381523132","0.07214519381523132","0.07214519381523132"
"46094","0.13657644391059875","0.13657644391059875","0.13657644391059875"
"46098","0.07960541546344757","0.07960541546344757","0.07960541546344757"